"Daily Mean data	    supplied by UK-air on 14/06/2025",,,,,,
All Data GMT hour ending,,,,,,
Status: V=Verified P=Provisionaly Verified N=Not Verified S=Suspect,,,,,,
,Birmingham A4540 Roadside,,Birmingham Ladywood,,Shrewsbury Underdale,
Latitude,52.476145,,52.481346,,52.715083,
Longitude,-1.874978,,-1.918235,,-2.726833,
Site Type,Urban Traffic,,Urban Background,,Urban Background,
Zone,West Midlands,,West Midlands,,West Midlands,
Agglomeration,West Midlands Urban Area,,West Midlands Urban Area,,#N/A,
Local Authority,Birmingham,,Birmingham,,Shropshire,
Date,Green Particulate matter (520nm),Status,Green Particulate matter (520nm),Status,Green Particulate matter (520nm),Status
09-06-2024,0.87,V ugm-3,0.3,V ugm-3,0.17,V ugm-3
10-06-2024,0.64,V ugm-3,0.25,V ugm-3,0.17,V ugm-3
11-06-2024,1,V ugm-3,0.34,V ugm-3,0.18,V ugm-3
12-06-2024,1.45,V ugm-3,0.45,V ugm-3,0.25,V ugm-3
13-06-2024,1.47,V ugm-3,0.3,V ugm-3,0.34,V ugm-3
14-06-2024,2.02,V ugm-3,0.24,V ugm-3,0.23,V ugm-3
15-06-2024,1.29,V ugm-3,0.25,V ugm-3,0.24,V ugm-3
16-06-2024,1,V ugm-3,0.19,V ugm-3,0.17,V ugm-3
17-06-2024,1.43,V ugm-3,0.35,V ugm-3,0.26,V ugm-3
18-06-2024,1.09,V ugm-3,0.41,V ugm-3,0.3,V ugm-3
19-06-2024,1.18,V ugm-3,0.46,V ugm-3,0.34,V ugm-3
20-06-2024,2.18,V ugm-3,0.59,V ugm-3,0.51,V ugm-3
21-06-2024,1.5,V ugm-3,0.4,V ugm-3,0.26,V ugm-3
22-06-2024,1.07,V ugm-3,0.26,V ugm-3,0.15,V ugm-3
23-06-2024,1.15,V ugm-3,0.28,V ugm-3,0.19,V ugm-3
24-06-2024,1.58,V ugm-3,0.67,V ugm-3,0.37,V ugm-3
25-06-2024,1.48,V ugm-3,0.89,V ugm-3,0.46,V ugm-3
26-06-2024,1.76,V ugm-3,0.72,V ugm-3,0.68,V ugm-3
27-06-2024,0.92,V ugm-3,0.23,V ugm-3,0.15,V ugm-3
28-06-2024,1.05,V ugm-3,0.28,V ugm-3,0.16,V ugm-3
29-06-2024,1.38,V ugm-3,0.43,V ugm-3,0.33,V ugm-3
30-06-2024,0.9,V ugm-3,0.25,V ugm-3,0.21,V ugm-3
01-07-2024,1.29,V ugm-3,0.36,V ugm-3,0.25,V ugm-3
02-07-2024,1.06,V ugm-3,No data,V ugm-3,0.22,V ugm-3
03-07-2024,1.43,V ugm-3,No data,V ugm-3,0.19,V ugm-3
04-07-2024,0.76,V ugm-3,0.18,V ugm-3,0.21,V ugm-3
05-07-2024,1.77,V ugm-3,0.42,V ugm-3,0.21,V ugm-3
06-07-2024,1.12,V ugm-3,0.4,V ugm-3,0.39,V ugm-3
07-07-2024,1.14,V ugm-3,0.25,V ugm-3,0.19,V ugm-3
08-07-2024,1.45,V ugm-3,0.36,V ugm-3,0.2,V ugm-3
09-07-2024,1.56,V ugm-3,0.39,V ugm-3,0.22,V ugm-3
10-07-2024,1.08,V ugm-3,0.22,V ugm-3,0.14,V ugm-3
11-07-2024,1.59,V ugm-3,0.59,V ugm-3,0.24,V ugm-3
12-07-2024,No data,V ugm-3,0.54,V ugm-3,0.45,V ugm-3
13-07-2024,No data,V ugm-3,0.58,V ugm-3,0.44,V ugm-3
14-07-2024,No data,V ugm-3,0.52,V ugm-3,0.38,V ugm-3
15-07-2024,No data,V ugm-3,1.28,V ugm-3,0.75,V ugm-3
16-07-2024,1.53,V ugm-3,No data,V ugm-3,0.4,V ugm-3
17-07-2024,2.25,V ugm-3,No data,V ugm-3,0.35,V ugm-3
18-07-2024,No data,V ugm-3,0.64,V ugm-3,0.49,V ugm-3
19-07-2024,No data,V ugm-3,0.66,V ugm-3,0.49,V ugm-3
20-07-2024,1.94,V ugm-3,0.37,V ugm-3,0.19,V ugm-3
21-07-2024,1.08,V ugm-3,0.27,V ugm-3,0.11,V ugm-3
22-07-2024,1.15,V ugm-3,0.26,V ugm-3,0.17,V ugm-3
23-07-2024,1.09,V ugm-3,No data,V ugm-3,0.28,V ugm-3
24-07-2024,1.63,V ugm-3,No data,V ugm-3,0.3,V ugm-3
25-07-2024,1.32,V ugm-3,0.29,V ugm-3,0.21,V ugm-3
26-07-2024,1.21,V ugm-3,0.37,V ugm-3,0.16,V ugm-3
27-07-2024,1.94,V ugm-3,1.05,V ugm-3,0.24,V ugm-3
28-07-2024,2.45,V ugm-3,0.97,V ugm-3,0.36,V ugm-3
29-07-2024,2.26,V ugm-3,1.06,V ugm-3,0.5,V ugm-3
30-07-2024,1.27,V ugm-3,1.14,V ugm-3,0.45,V ugm-3
31-07-2024,1.17,V ugm-3,0.98,V ugm-3,0.76,V ugm-3
01-08-2024,1.55,V ugm-3,1.04,V ugm-3,0.63,V ugm-3
02-08-2024,1.65,V ugm-3,0.77,V ugm-3,0.39,V ugm-3
03-08-2024,1,V ugm-3,0.36,V ugm-3,0.14,V ugm-3
04-08-2024,No data,V ugm-3,0.29,V ugm-3,0.16,V ugm-3
05-08-2024,No data,V ugm-3,0.33,V ugm-3,0.2,V ugm-3
06-08-2024,1.33,V ugm-3,0.32,V ugm-3,0.2,V ugm-3
07-08-2024,1.22,V ugm-3,0.25,V ugm-3,0.18,V ugm-3
08-08-2024,1.62,V ugm-3,0.27,V ugm-3,0.16,V ugm-3
09-08-2024,0.93,V ugm-3,0.23,V ugm-3,0.14,V ugm-3
10-08-2024,1.3,V ugm-3,0.6,V ugm-3,0.35,V ugm-3
11-08-2024,2.13,V ugm-3,1.1,V ugm-3,0.62,V ugm-3
12-08-2024,1.63,V ugm-3,0.63,V ugm-3,0.57,V ugm-3
13-08-2024,1.58,V ugm-3,0.35,V ugm-3,0.31,V ugm-3
14-08-2024,1.61,V ugm-3,No data,V ugm-3,0.25,V ugm-3
15-08-2024,1.39,V ugm-3,No data,V ugm-3,0.29,V ugm-3
16-08-2024,1.65,V ugm-3,0.54,V ugm-3,0.41,V ugm-3
17-08-2024,1.25,V ugm-3,0.39,V ugm-3,0.61,V ugm-3
18-08-2024,1.2,V ugm-3,0.48,V ugm-3,0.34,V ugm-3
19-08-2024,2.15,V ugm-3,0.78,V ugm-3,0.58,V ugm-3
20-08-2024,0.95,V ugm-3,0.23,V ugm-3,0.19,V ugm-3
21-08-2024,0.93,V ugm-3,0.23,V ugm-3,0.22,V ugm-3
22-08-2024,0.95,V ugm-3,0.23,V ugm-3,0.18,V ugm-3
23-08-2024,0.91,V ugm-3,0.26,V ugm-3,0.13,V ugm-3
24-08-2024,1.34,V ugm-3,0.31,V ugm-3,0.23,V ugm-3
25-08-2024,1.03,V ugm-3,0.18,V ugm-3,0.25,V ugm-3
26-08-2024,1.47,V ugm-3,0.51,V ugm-3,0.48,V ugm-3
27-08-2024,2.14,V ugm-3,0.53,V ugm-3,0.38,V ugm-3
28-08-2024,1.95,V ugm-3,0.93,V ugm-3,0.52,V ugm-3
29-08-2024,1.52,V ugm-3,No data,V ugm-3,0.25,V ugm-3
30-08-2024,1.7,V ugm-3,No data,V ugm-3,0.52,V ugm-3
31-08-2024,0.91,V ugm-3,0.48,V ugm-3,0.38,V ugm-3
01-09-2024,0.74,V ugm-3,0.58,V ugm-3,0.52,V ugm-3
02-09-2024,2.18,V ugm-3,1.24,V ugm-3,0.72,V ugm-3
03-09-2024,No data,V ugm-3,0.56,V ugm-3,0.38,V ugm-3
04-09-2024,No data,V ugm-3,0.7,V ugm-3,0.3,V ugm-3
05-09-2024,0.95,V ugm-3,0.7,V ugm-3,0.57,V ugm-3
06-09-2024,1.64,V ugm-3,1.42,V ugm-3,1.14,V ugm-3
07-09-2024,1.75,V ugm-3,1.48,V ugm-3,1.23,V ugm-3
08-09-2024,1.43,V ugm-3,0.71,V ugm-3,0.4,V ugm-3
09-09-2024,0.9,V ugm-3,0.41,V ugm-3,0.2,V ugm-3
10-09-2024,1.22,V ugm-3,0.45,V ugm-3,0.33,V ugm-3
11-09-2024,1,V ugm-3,0.32,V ugm-3,0.49,V ugm-3
12-09-2024,1.34,V ugm-3,0.68,V ugm-3,0.45,V ugm-3
13-09-2024,2.6,V ugm-3,1.02,V ugm-3,0.71,V ugm-3
14-09-2024,1.98,V ugm-3,0.62,V ugm-3,0.23,V ugm-3
15-09-2024,1.62,V ugm-3,0.49,V ugm-3,0.34,V ugm-3
16-09-2024,1.61,V ugm-3,1.14,V ugm-3,1.42,V ugm-3
17-09-2024,2.11,V ugm-3,1.08,V ugm-3,1.05,V ugm-3
18-09-2024,0.8,V ugm-3,0.6,V ugm-3,0.56,V ugm-3
19-09-2024,0.95,V ugm-3,0.96,V ugm-3,0.94,V ugm-3
20-09-2024,1.49,V ugm-3,1.33,V ugm-3,1.22,V ugm-3
21-09-2024,1.71,V ugm-3,1.33,V ugm-3,1.05,V ugm-3
22-09-2024,1.12,V ugm-3,1.07,V ugm-3,1.03,V ugm-3
23-09-2024,1.72,V ugm-3,1.15,V ugm-3,0.98,V ugm-3
24-09-2024,1.43,V ugm-3,0.76,V ugm-3,0.5,V ugm-3
25-09-2024,1.9,V ugm-3,0.58,V ugm-3,0.59,V ugm-3
26-09-2024,No data,V ugm-3,0.5,V ugm-3,0.47,V ugm-3
27-09-2024,1.05,V ugm-3,0.37,V ugm-3,0.29,V ugm-3
28-09-2024,2,V ugm-3,0.68,V ugm-3,0.58,V ugm-3
29-09-2024,1.25,V ugm-3,0.62,V ugm-3,0.48,V ugm-3
30-09-2024,1.27,V ugm-3,0.48,V ugm-3,0.47,V ugm-3
01-10-2024,1.17,V ugm-3,0.6,V ugm-3,0.55,V ugm-3
02-10-2024,0.82,V ugm-3,0.5,V ugm-3,0.53,V ugm-3
03-10-2024,1.8,V ugm-3,1.3,V ugm-3,1.65,V ugm-3
04-10-2024,2.94,V ugm-3,0.93,V ugm-3,1.36,V ugm-3
05-10-2024,1.61,V ugm-3,0.79,V ugm-3,0.7,V ugm-3
06-10-2024,1.16,V ugm-3,0.74,V ugm-3,0.82,V ugm-3
07-10-2024,1.45,V ugm-3,0.51,V ugm-3,0.32,V ugm-3
08-10-2024,1.25,V ugm-3,No data,V ugm-3,0.48,V ugm-3
09-10-2024,No data,V ugm-3,No data,V ugm-3,0.63,V ugm-3
10-10-2024,1.21,V ugm-3,0.65,V ugm-3,0.8,V ugm-3
11-10-2024,3.96,V ugm-3,1.09,V ugm-3,0.82,V ugm-3
12-10-2024,1.9,V ugm-3,0.57,V ugm-3,0.81,V ugm-3
13-10-2024,1.25,V ugm-3,0.56,V ugm-3,0.54,V ugm-3
14-10-2024,1.35,V ugm-3,1.03,V ugm-3,0.88,V ugm-3
15-10-2024,1.38,V ugm-3,1.1,V ugm-3,0.83,V ugm-3
16-10-2024,1.88,V ugm-3,1.17,V ugm-3,1.11,V ugm-3
17-10-2024,2.8,V ugm-3,0.57,V ugm-3,0.48,V ugm-3
18-10-2024,1.82,V ugm-3,0.41,V ugm-3,0.45,V ugm-3
19-10-2024,2.31,V ugm-3,0.81,V ugm-3,0.53,V ugm-3
20-10-2024,0.82,V ugm-3,0.2,V ugm-3,0.2,V ugm-3
21-10-2024,2.22,V ugm-3,0.47,V ugm-3,0.28,V ugm-3
22-10-2024,2.58,V ugm-3,0.8,V ugm-3,1.1,V ugm-3
23-10-2024,2.15,V ugm-3,0.58,V ugm-3,0.57,V ugm-3
24-10-2024,1.35,V ugm-3,0.76,V ugm-3,0.64,V ugm-3
25-10-2024,2.97,V ugm-3,1.45,V ugm-3,1.22,V ugm-3
26-10-2024,3.61,V ugm-3,1.28,V ugm-3,0.9,V ugm-3
27-10-2024,1.3,V ugm-3,No data,V ugm-3,0.31,V ugm-3
28-10-2024,No data,V ugm-3,No data,V ugm-3,0.36,V ugm-3
29-10-2024,No data,V ugm-3,0.98,V ugm-3,0.62,V ugm-3
30-10-2024,No data,V ugm-3,0.81,V ugm-3,0.38,V ugm-3
31-10-2024,3.37,V ugm-3,1.12,V ugm-3,1.35,V ugm-3
01-11-2024,1.83,V ugm-3,1.07,V ugm-3,1.22,V ugm-3
02-11-2024,1.97,V ugm-3,1.67,V ugm-3,1.45,V ugm-3
03-11-2024,1.07,V ugm-3,0.76,V ugm-3,1.05,V ugm-3
04-11-2024,1.71,V ugm-3,1.1,V ugm-3,1.4,V ugm-3
05-11-2024,2.41,V ugm-3,1.28,V ugm-3,1.47,V ugm-3
06-11-2024,2.37,V ugm-3,1.88,V ugm-3,1.31,V ugm-3
07-11-2024,1.44,V ugm-3,0.99,V ugm-3,0.68,V ugm-3
08-11-2024,2.02,V ugm-3,1.75,V ugm-3,1.85,V ugm-3
09-11-2024,2.52,V ugm-3,1.48,V ugm-3,2.17,V ugm-3
10-11-2024,2.57,V ugm-3,1.23,V ugm-3,1.17,V ugm-3
11-11-2024,2.15,V ugm-3,1.34,V ugm-3,1.93,V ugm-3
12-11-2024,1.51,V ugm-3,1.22,V ugm-3,1.67,V ugm-3
13-11-2024,2.36,V ugm-3,1.87,V ugm-3,1.75,V ugm-3
14-11-2024,3.8,V ugm-3,1.48,V ugm-3,3.1,V ugm-3
15-11-2024,3.73,V ugm-3,1.17,V ugm-3,1.89,V ugm-3
16-11-2024,1.58,V ugm-3,0.57,V ugm-3,0.67,V ugm-3
17-11-2024,1.21,V ugm-3,0.44,V ugm-3,0.85,V ugm-3
18-11-2024,1.47,V ugm-3,1.06,V ugm-3,0.9,V ugm-3
19-11-2024,1.76,V ugm-3,1.02,V ugm-3,1.09,V ugm-3
20-11-2024,1.88,V ugm-3,1,V ugm-3,0.69,V ugm-3
21-11-2024,4.69,V ugm-3,1.93,V ugm-3,1.51,V ugm-3
22-11-2024,1.91,V ugm-3,0.65,V ugm-3,1.12,V ugm-3
23-11-2024,1.08,V ugm-3,0.37,V ugm-3,0.28,V ugm-3
24-11-2024,0.88,V ugm-3,0.2,V ugm-3,0.13,V ugm-3
25-11-2024,1,V ugm-3,0.25,V ugm-3,0.2,V ugm-3
26-11-2024,3.98,V ugm-3,1.25,V ugm-3,1.77,V ugm-3
27-11-2024,2.12,V ugm-3,1.88,V ugm-3,2.78,V ugm-3
28-11-2024,No data,V ugm-3,2.61,V ugm-3,2.19,V ugm-3
29-11-2024,No data,V ugm-3,0.8,V ugm-3,0.65,V ugm-3
30-11-2024,2.11,V ugm-3,0.6,V ugm-3,0.53,V ugm-3
01-12-2024,1.37,V ugm-3,0.38,V ugm-3,0.33,V ugm-3
02-12-2024,1.2,V ugm-3,0.49,V ugm-3,0.36,V ugm-3
03-12-2024,No data,V ugm-3,1.49,V ugm-3,1.15,V ugm-3
04-12-2024,No data,V ugm-3,0.83,V ugm-3,0.72,V ugm-3
05-12-2024,1.05,V ugm-3,0.23,V ugm-3,0.21,V ugm-3
06-12-2024,1.27,V ugm-3,0.35,V ugm-3,0.29,V ugm-3
07-12-2024,0.42,V ugm-3,0.11,V ugm-3,0.07,V ugm-3
08-12-2024,0.34,V ugm-3,0.17,V ugm-3,0.22,V ugm-3
09-12-2024,0.6,V ugm-3,0.32,V ugm-3,0.41,V ugm-3
10-12-2024,0.48,V ugm-3,0.32,V ugm-3,0.4,V ugm-3
11-12-2024,0.62,V ugm-3,0.31,V ugm-3,0.41,V ugm-3
12-12-2024,1.15,V ugm-3,0.76,V ugm-3,0.96,V ugm-3
13-12-2024,1.37,V ugm-3,0.99,V ugm-3,1.12,V ugm-3
14-12-2024,1.39,V ugm-3,0.59,V ugm-3,0.63,V ugm-3
15-12-2024,0.63,V ugm-3,0.2,V ugm-3,0.2,V ugm-3
16-12-2024,1.32,V ugm-3,0.33,V ugm-3,0.4,V ugm-3
17-12-2024,1.53,V ugm-3,0.41,V ugm-3,0.42,V ugm-3
18-12-2024,1.09,V ugm-3,0.32,V ugm-3,0.39,V ugm-3
19-12-2024,1.07,V ugm-3,0.58,V ugm-3,0.36,V ugm-3
20-12-2024,1.82,V ugm-3,0.5,V ugm-3,0.63,V ugm-3
21-12-2024,0.68,V ugm-3,0.18,V ugm-3,0.29,V ugm-3
22-12-2024,0.46,V ugm-3,0.15,V ugm-3,0.12,V ugm-3
23-12-2024,1.46,V ugm-3,0.52,V ugm-3,1.01,V ugm-3
24-12-2024,2.86,V ugm-3,No data,V ugm-3,0.36,V ugm-3
25-12-2024,1.32,V ugm-3,No data,V ugm-3,0.7,V ugm-3
26-12-2024,1.35,V ugm-3,No data,V ugm-3,0.43,V ugm-3
27-12-2024,1.81,V ugm-3,No data,V ugm-3,0.73,V ugm-3
28-12-2024,1.66,V ugm-3,0.68,V ugm-3,0.78,V ugm-3
29-12-2024,0.93,V ugm-3,0.29,V ugm-3,0.31,V ugm-3
30-12-2024,0.95,V ugm-3,0.24,V ugm-3,0.15,V ugm-3
31-12-2024,0.64,V ugm-3,0.15,V ugm-3,0.13,V ugm-3
01-01-2025,0.63,N ugm-3,0.28,N ugm-3,0.41,N ugm-3
02-01-2025,No data,N ugm-3,No data,N ugm-3,No data,N ugm-3
03-01-2025,1.67,N ugm-3,0.63,N ugm-3,1,N ugm-3
04-01-2025,2.6,N ugm-3,1.01,N ugm-3,1.68,N ugm-3
05-01-2025,1.4,N ugm-3,0.54,N ugm-3,No data,N ugm-3
06-01-2025,0.95,N ugm-3,0.43,N ugm-3,No data,N ugm-3
07-01-2025,1.5,N ugm-3,0.46,N ugm-3,0.65,N ugm-3
08-01-2025,4.78,N ugm-3,2.8,N ugm-3,No data,N ugm-3
09-01-2025,2.64,N ugm-3,No data,N ugm-3,1.83,N ugm-3
10-01-2025,6.09,N ugm-3,No data,N ugm-3,No data,N ugm-3
11-01-2025,No data,N ugm-3,5.68,N ugm-3,No data,N ugm-3
12-01-2025,No data,N ugm-3,No data,N ugm-3,No data,N ugm-3
13-01-2025,No data,N ugm-3,No data,N ugm-3,No data,N ugm-3
14-01-2025,No data,N ugm-3,0.82,N ugm-3,0.61,N ugm-3
15-01-2025,No data,N ugm-3,1.34,N ugm-3,1.96,N ugm-3
16-01-2025,2.86,N ugm-3,1.33,N ugm-3,2.02,N ugm-3
17-01-2025,2.09,N ugm-3,0.69,N ugm-3,1.27,N ugm-3
18-01-2025,1.6,N ugm-3,0.89,N ugm-3,0.86,N ugm-3
19-01-2025,2.24,N ugm-3,0.99,N ugm-3,1.28,N ugm-3
20-01-2025,3.18,N ugm-3,1.43,N ugm-3,2.2,N ugm-3
21-01-2025,3.05,N ugm-3,1,N ugm-3,1.11,N ugm-3
22-01-2025,4.88,N ugm-3,2.72,N ugm-3,1.79,N ugm-3
23-01-2025,1.81,N ugm-3,No data,N ugm-3,0.39,N ugm-3
24-01-2025,0.78,N ugm-3,No data,N ugm-3,1.25,N ugm-3
25-01-2025,1.96,N ugm-3,0.55,N ugm-3,0.57,N ugm-3
26-01-2025,0.87,N ugm-3,0.34,N ugm-3,0.42,N ugm-3
27-01-2025,1.14,N ugm-3,0.18,N ugm-3,0.15,N ugm-3
28-01-2025,1.5,N ugm-3,0.64,N ugm-3,No data,N ugm-3
29-01-2025,2.03,N ugm-3,0.74,N ugm-3,0.89,N ugm-3
30-01-2025,2.3,N ugm-3,0.93,N ugm-3,0.99,N ugm-3
31-01-2025,0.28,N ugm-3,0.85,N ugm-3,0.85,N ugm-3
01-02-2025,0,N ugm-3,0.71,N ugm-3,0,N ugm-3
02-02-2025,0,N ugm-3,0.55,N ugm-3,0,N ugm-3
03-02-2025,1.65,N ugm-3,0.68,N ugm-3,0,N ugm-3
04-02-2025,1.12,N ugm-3,0.23,N ugm-3,0,N ugm-3
05-02-2025,No data,N ugm-3,No data,N ugm-3,2.57,N ugm-3
06-02-2025,No data,N ugm-3,No data,N ugm-3,2.23,N ugm-3
07-02-2025,No data,N ugm-3,0.44,N ugm-3,0.53,N ugm-3
08-02-2025,1.48,N ugm-3,1.11,N ugm-3,1.2,N ugm-3
09-02-2025,No data,N ugm-3,1.66,N ugm-3,1.75,N ugm-3
10-02-2025,No data,N ugm-3,1.14,N ugm-3,0.98,N ugm-3
11-02-2025,No data,N ugm-3,1.38,N ugm-3,1.52,N ugm-3
12-02-2025,2.36,N ugm-3,1.98,N ugm-3,1.7,N ugm-3
13-02-2025,1.3,N ugm-3,1.21,N ugm-3,No data,N ugm-3
14-02-2025,1.31,N ugm-3,1.08,N ugm-3,No data,N ugm-3
15-02-2025,1.94,N ugm-3,1.65,N ugm-3,1.81,N ugm-3
16-02-2025,No data,N ugm-3,No data,N ugm-3,1.35,N ugm-3
17-02-2025,0.8,N ugm-3,1.02,N ugm-3,No data,N ugm-3
18-02-2025,No data,N ugm-3,1.19,N ugm-3,No data,N ugm-3
19-02-2025,2.56,N ugm-3,No data,N ugm-3,1.87,N ugm-3
20-02-2025,1.2,N ugm-3,No data,N ugm-3,0.2,N ugm-3
21-02-2025,1.2,N ugm-3,0.3,N ugm-3,0.27,N ugm-3
22-02-2025,2.08,N ugm-3,0.39,N ugm-3,0.47,N ugm-3
23-02-2025,0.77,N ugm-3,No data,N ugm-3,0.15,N ugm-3
24-02-2025,1.26,N ugm-3,No data,N ugm-3,0.23,N ugm-3
25-02-2025,1.35,N ugm-3,0.38,N ugm-3,0.35,N ugm-3
26-02-2025,1.29,N ugm-3,0.31,N ugm-3,0.33,N ugm-3
27-02-2025,1.29,N ugm-3,0.53,N ugm-3,No data,N ugm-3
28-02-2025,3.65,N ugm-3,1.07,N ugm-3,No data,N ugm-3
01-03-2025,5.05,N ugm-3,2.4,N ugm-3,3.37,N ugm-3
02-03-2025,4.84,N ugm-3,2.09,N ugm-3,No data,N ugm-3
03-03-2025,3.11,N ugm-3,1.52,N ugm-3,0.98,N ugm-3
04-03-2025,2.93,N ugm-3,1.45,N ugm-3,1.05,N ugm-3
05-03-2025,2.43,N ugm-3,No data,N ugm-3,0.89,N ugm-3
06-03-2025,3.16,N ugm-3,No data,N ugm-3,1.17,N ugm-3
07-03-2025,1.95,N ugm-3,0.84,N ugm-3,0.74,N ugm-3
08-03-2025,2.32,N ugm-3,1.5,N ugm-3,No data,N ugm-3
09-03-2025,2.5,N ugm-3,1.73,N ugm-3,No data,N ugm-3
10-03-2025,2.4,N ugm-3,2.06,N ugm-3,2.47,N ugm-3
11-03-2025,0.95,N ugm-3,0.4,N ugm-3,0.43,N ugm-3
12-03-2025,1.33,N ugm-3,0.63,N ugm-3,0.64,N ugm-3
13-03-2025,No data,N ugm-3,0.77,N ugm-3,0.46,N ugm-3
14-03-2025,No data,N ugm-3,0.83,N ugm-3,0.7,N ugm-3
15-03-2025,0.82,N ugm-3,0,N ugm-3,0.8,N ugm-3
16-03-2025,1.06,N ugm-3,0,N ugm-3,0.75,N ugm-3
17-03-2025,0.94,N ugm-3,0.28,N ugm-3,0.35,N ugm-3
18-03-2025,0.83,N ugm-3,0.6,N ugm-3,0.63,N ugm-3
19-03-2025,4.6,N ugm-3,2.91,N ugm-3,1.81,N ugm-3
20-03-2025,5.27,N ugm-3,3.42,N ugm-3,No data,N ugm-3
21-03-2025,1.59,N ugm-3,1.4,N ugm-3,No data,N ugm-3
22-03-2025,No data,N ugm-3,0.83,N ugm-3,0.85,N ugm-3
23-03-2025,No data,N ugm-3,1.15,N ugm-3,1.17,N ugm-3
24-03-2025,No data,N ugm-3,1.97,N ugm-3,1.69,N ugm-3
25-03-2025,0.83,N ugm-3,1.08,N ugm-3,0.63,N ugm-3
26-03-2025,2.09,N ugm-3,0.84,N ugm-3,0.47,N ugm-3
27-03-2025,1.36,N ugm-3,0.41,N ugm-3,0.13,N ugm-3
28-03-2025,0.91,N ugm-3,0.34,N ugm-3,0.18,N ugm-3
29-03-2025,0.94,N ugm-3,0.3,N ugm-3,0.17,N ugm-3
30-03-2025,0.78,N ugm-3,0.31,N ugm-3,0.34,N ugm-3
31-03-2025,No data,N ugm-3,1.05,N ugm-3,1.62,N ugm-3
01-04-2025,No data,N ugm-3,0.48,N ugm-3,No data,N ugm-3
02-04-2025,0.75,N ugm-3,0.52,N ugm-3,No data,N ugm-3
03-04-2025,1.26,N ugm-3,1.11,N ugm-3,No data,N ugm-3
04-04-2025,0.91,N ugm-3,0.84,N ugm-3,0.68,N ugm-3
05-04-2025,0.65,N ugm-3,0.33,N ugm-3,0.27,N ugm-3
06-04-2025,0.71,N ugm-3,0.37,N ugm-3,0.26,N ugm-3
07-04-2025,0.91,N ugm-3,0.58,N ugm-3,0.58,N ugm-3
08-04-2025,1.28,N ugm-3,0.86,N ugm-3,No data,N ugm-3
09-04-2025,1.16,N ugm-3,0.82,N ugm-3,No data,N ugm-3
10-04-2025,2.07,N ugm-3,No data,N ugm-3,No data,N ugm-3
11-04-2025,No data,N ugm-3,No data,N ugm-3,No data,N ugm-3
12-04-2025,2.74,N ugm-3,1.28,N ugm-3,1.2,N ugm-3
13-04-2025,1.29,N ugm-3,0.52,N ugm-3,0.28,N ugm-3
14-04-2025,1.45,N ugm-3,No data,N ugm-3,0.19,N ugm-3
15-04-2025,1.08,N ugm-3,No data,N ugm-3,0.69,N ugm-3
16-04-2025,0.8,N ugm-3,No data,N ugm-3,0.2,N ugm-3
17-04-2025,1.65,N ugm-3,No data,N ugm-3,0.41,N ugm-3
18-04-2025,1.14,N ugm-3,No data,N ugm-3,0.48,N ugm-3
19-04-2025,1.3,N ugm-3,No data,N ugm-3,No data,N ugm-3
20-04-2025,0.69,N ugm-3,No data,N ugm-3,No data,N ugm-3
21-04-2025,1.36,N ugm-3,No data,N ugm-3,No data,N ugm-3
22-04-2025,1.48,N ugm-3,No data,N ugm-3,No data,N ugm-3
23-04-2025,No data,N ugm-3,No data,N ugm-3,0.46,N ugm-3
24-04-2025,No data,N ugm-3,No data,N ugm-3,No data,N ugm-3
25-04-2025,1.35,N ugm-3,0.59,N ugm-3,0.6,N ugm-3
26-04-2025,1.6,N ugm-3,0.87,N ugm-3,No data,N ugm-3
27-04-2025,1.25,N ugm-3,0.4,N ugm-3,No data,N ugm-3
28-04-2025,2.71,N ugm-3,No data,N ugm-3,No data,N ugm-3
29-04-2025,2,N ugm-3,No data,N ugm-3,No data,N ugm-3
30-04-2025,2.96,N ugm-3,No data,N ugm-3,1.09,N ugm-3
01-05-2025,2.57,N ugm-3,No data,N ugm-3,No data,N ugm-3
02-05-2025,1.05,N ugm-3,No data,N ugm-3,No data,N ugm-3
03-05-2025,0.85,N ugm-3,0.4,N ugm-3,0.27,N ugm-3
04-05-2025,0.28,N ugm-3,0.19,N ugm-3,0.27,N ugm-3
05-05-2025,0.38,N ugm-3,0.21,N ugm-3,0.44,N ugm-3
06-05-2025,0.86,N ugm-3,0.47,N ugm-3,0.54,N ugm-3
07-05-2025,1.38,N ugm-3,0.79,N ugm-3,0.43,N ugm-3
08-05-2025,No data,N ugm-3,0.34,N ugm-3,0.34,N ugm-3
09-05-2025,No data,N ugm-3,0.56,N ugm-3,1.02,N ugm-3
10-05-2025,1.33,N ugm-3,0.85,N ugm-3,1,N ugm-3
11-05-2025,1.24,N ugm-3,0.65,N ugm-3,0.6,N ugm-3
12-05-2025,1.65,N ugm-3,1.12,N ugm-3,0.94,N ugm-3
13-05-2025,0.83,N ugm-3,0.55,N ugm-3,0.47,N ugm-3
14-05-2025,0.8,N ugm-3,0.56,N ugm-3,0.5,N ugm-3
15-05-2025,0.61,N ugm-3,0.36,N ugm-3,0.43,N ugm-3
16-05-2025,No data,N ugm-3,No data,N ugm-3,No data,N ugm-3
18-05-2025,No data,N ugm-3,No data,N ugm-3,No data,N ugm-3
19-05-2025,0.8,N ugm-3,0.49,N ugm-3,No data,N ugm-3
20-05-2025,No data,N ugm-3,0.65,N ugm-3,No data,N ugm-3
21-05-2025,No data,N ugm-3,0.72,N ugm-3,0.43,N ugm-3
22-05-2025,No data,N ugm-3,0.53,N ugm-3,No data,N ugm-3
23-05-2025,1.2,N ugm-3,0.39,N ugm-3,0.34,N ugm-3
24-05-2025,1.24,N ugm-3,0.33,N ugm-3,0.26,N ugm-3
25-05-2025,0.52,N ugm-3,0.11,N ugm-3,0.1,N ugm-3
26-05-2025,0.68,N ugm-3,0.12,N ugm-3,0.12,N ugm-3
27-05-2025,No data,N ugm-3,0.18,N ugm-3,0.16,N ugm-3
28-05-2025,No data,N ugm-3,0.36,N ugm-3,0.18,N ugm-3
29-05-2025,0.84,N ugm-3,0.18,N ugm-3,0.14,N ugm-3
30-05-2025,1.2,N ugm-3,0.23,N ugm-3,0.34,N ugm-3
31-05-2025,1.21,N ugm-3,0.28,N ugm-3,0.3,N ugm-3
01-06-2025,0.68,N ugm-3,0.2,N ugm-3,0.15,N ugm-3
02-06-2025,1.23,N ugm-3,0.17,N ugm-3,0.17,N ugm-3
03-06-2025,0.82,N ugm-3,0.18,N ugm-3,0.13,N ugm-3
04-06-2025,0.98,N ugm-3,0.18,N ugm-3,0.14,N ugm-3
05-06-2025,1.49,N ugm-3,0.24,N ugm-3,0.16,N ugm-3
06-06-2025,No data,N ugm-3,0.22,N ugm-3,0.12,N ugm-3
07-06-2025,No data,N ugm-3,0.29,N ugm-3,0.2,N ugm-3
08-06-2025,No data,N ugm-3,0.32,N ugm-3,0.3,N ugm-3
