"Daily Mean data	    supplied by UK-air on 14/06/2025",,,,,,,,,,,,,,,,,,,,,,
All Data GMT hour ending,,,,,,,,,,,,,,,,,,,,,,
Status: V=Verified P=Provisionaly Verified N=Not Verified S=Suspect,,,,,,,,,,,,,,,,,,,,,,
,Birmingham A4540 Roadside,,Birmingham Hall Green,,Birmingham Ladywood,,Burton-on-Trent Horninglow,,Coventry Allesley,,Leamington Spa,,Leominster,,Stoke-on-Trent Centre,,Telford Hollinswood,,Walsall Woodlands,,West Bromwich Kenrick Park,
Latitude,52.476145,,52.437553,,52.481346,,52.82105,,52.411628,,52.28881,,52.221593,,53.02821,,52.673471,,52.605641,,52.508342,
Longitude,-1.874978,,-1.830956,,-1.918235,,-1.635718,,-1.560189,,-1.533119,,-2.73684,,-2.175133,,-2.436692,,-2.030371,,-1.98607,
Site Type,Urban Traffic,,Urban Background,,Urban Background,,Urban Background,,Urban Background,,Urban Background,,Suburban Background,,Urban Background,,Urban Background,,Urban Background,,Urban Background,
Zone,West Midlands,,West Midlands,,West Midlands,,West Midlands,,West Midlands,,West Midlands,,West Midlands,,West Midlands,,West Midlands,,West Midlands,,West Midlands,
Agglomeration,West Midlands Urban Area,,West Midlands Urban Area,,West Midlands Urban Area,,#N/A,,Coventry/Bedworth,,#N/A,,#N/A,,The Potteries,,#N/A,,West Midlands Urban Area,,West Midlands Urban Area,
Local Authority,Birmingham,,Birmingham,,Birmingham,,E Staffordshire,,Coventry,,Warwick,,Herefordshire,,Stoke,,Telford,,Walsall,,Sandwell,
Date,Ozone,Status,Ozone,Status,Ozone,Status,Ozone,Status,Ozone,Status,Ozone,Status,Ozone,Status,Ozone,Status,Ozone,Status,Ozone,Status,Ozone,Status
08-06-2024,55,V ugm-3,,,63,V ugm-3,59,V ugm-3,57,V ugm-3,59,V ugm-3,65,V ugm-3,60,V ugm-3,61,V ugm-3,62,V ugm-3,62,V ugm-3
09-06-2024,54,V ugm-3,,,63,V ugm-3,59,V ugm-3,No data,V ugm-3,56,V ugm-3,60,V ugm-3,60,V ugm-3,65,V ugm-3,59,V ugm-3,59,V ugm-3
10-06-2024,56,V ugm-3,,,64,V ugm-3,57,V ugm-3,62,V ugm-3,59,V ugm-3,68,V ugm-3,57,V ugm-3,63,V ugm-3,61,V ugm-3,62,V ugm-3
11-06-2024,56,V ugm-3,,,64,V ugm-3,53,V ugm-3,58,V ugm-3,60,V ugm-3,67,V ugm-3,54,V ugm-3,67,V ugm-3,62,V ugm-3,64,V ugm-3
12-06-2024,55,V ugm-3,,,70,V ugm-3,60,V ugm-3,60,V ugm-3,60,V ugm-3,67,V ugm-3,61,V ugm-3,75,V ugm-3,69,V ugm-3,68,V ugm-3
13-06-2024,47,V ugm-3,,,68,V ugm-3,57,V ugm-3,59,V ugm-3,63,V ugm-3,55,V ugm-3,59,V ugm-3,59,V ugm-3,61,V ugm-3,65,V ugm-3
14-06-2024,44,V ugm-3,,,60,V ugm-3,46,V ugm-3,55,V ugm-3,57,V ugm-3,60,V ugm-3,57,V ugm-3,57,V ugm-3,54,V ugm-3,58,V ugm-3
15-06-2024,48,V ugm-3,,,63,V ugm-3,58,V ugm-3,56,V ugm-3,58,V ugm-3,54,V ugm-3,57,V ugm-3,61,V ugm-3,60,V ugm-3,62,V ugm-3
16-06-2024,59,V ugm-3,,,73,V ugm-3,66,V ugm-3,63,V ugm-3,65,V ugm-3,64,V ugm-3,62,V ugm-3,73,V ugm-3,67,V ugm-3,68,V ugm-3
17-06-2024,54,V ugm-3,,,67,V ugm-3,61,V ugm-3,60,V ugm-3,63,V ugm-3,63,V ugm-3,63,V ugm-3,67,V ugm-3,61,V ugm-3,65,V ugm-3
18-06-2024,50,V ugm-3,,,62,V ugm-3,53,V ugm-3,61,V ugm-3,62,V ugm-3,60,V ugm-3,52,V ugm-3,64,V ugm-3,55,V ugm-3,60,V ugm-3
19-06-2024,53,V ugm-3,,,64,V ugm-3,58,V ugm-3,63,V ugm-3,67,V ugm-3,65,V ugm-3,60,V ugm-3,56,V ugm-3,57,V ugm-3,59,V ugm-3
20-06-2024,42,V ugm-3,,,72,V ugm-3,57,V ugm-3,55,V ugm-3,65,V ugm-3,55,V ugm-3,59,V ugm-3,56,V ugm-3,59,V ugm-3,68,V ugm-3
21-06-2024,60,V ugm-3,,,82,V ugm-3,67,V ugm-3,67,V ugm-3,68,V ugm-3,64,V ugm-3,67,V ugm-3,74,V ugm-3,73,V ugm-3,76,V ugm-3
22-06-2024,52,V ugm-3,,,65,V ugm-3,68,V ugm-3,61,V ugm-3,60,V ugm-3,58,V ugm-3,62,V ugm-3,65,V ugm-3,62,V ugm-3,63,V ugm-3
23-06-2024,50,V ugm-3,,,63,V ugm-3,58,V ugm-3,55,V ugm-3,57,V ugm-3,57,V ugm-3,55,V ugm-3,60,V ugm-3,58,V ugm-3,59,V ugm-3
24-06-2024,39,V ugm-3,,,50,V ugm-3,63,V ugm-3,53,V ugm-3,53,V ugm-3,41,V ugm-3,52,V ugm-3,44,V ugm-3,41,V ugm-3,47,V ugm-3
25-06-2024,68,V ugm-3,,,80,V ugm-3,75,V ugm-3,73,V ugm-3,73,V ugm-3,42,V ugm-3,48,V ugm-3,63,V ugm-3,58,V ugm-3,72,V ugm-3
26-06-2024,79,V ugm-3,,,99,V ugm-3,95,V ugm-3,93,V ugm-3,96,V ugm-3,No data,V ugm-3,88,V ugm-3,82,V ugm-3,89,V ugm-3,91,V ugm-3
27-06-2024,58,V ugm-3,,,70,V ugm-3,63,V ugm-3,62,V ugm-3,62,V ugm-3,No data,V ugm-3,64,V ugm-3,62,V ugm-3,64,V ugm-3,64,V ugm-3
28-06-2024,48,V ugm-3,,,No data,V ugm-3,64,V ugm-3,55,V ugm-3,58,V ugm-3,No data,V ugm-3,62,V ugm-3,61,V ugm-3,61,V ugm-3,56,V ugm-3
29-06-2024,43,V ugm-3,,,No data,V ugm-3,58,V ugm-3,55,V ugm-3,59,V ugm-3,46,V ugm-3,51,V ugm-3,50,V ugm-3,51,V ugm-3,55,V ugm-3
30-06-2024,46,V ugm-3,,,No data,V ugm-3,51,V ugm-3,51,V ugm-3,51,V ugm-3,52,V ugm-3,48,V ugm-3,51,V ugm-3,51,V ugm-3,53,V ugm-3
01-07-2024,34,V ugm-3,,,No data,V ugm-3,42,V ugm-3,41,V ugm-3,43,V ugm-3,46,V ugm-3,43,V ugm-3,48,V ugm-3,41,V ugm-3,41,V ugm-3
02-07-2024,45,V ugm-3,,,56,V ugm-3,55,V ugm-3,55,V ugm-3,55,V ugm-3,58,V ugm-3,49,V ugm-3,55,V ugm-3,53,V ugm-3,55,V ugm-3
03-07-2024,40,V ugm-3,,,57,V ugm-3,54,V ugm-3,46,V ugm-3,49,V ugm-3,49,V ugm-3,54,V ugm-3,53,V ugm-3,52,V ugm-3,53,V ugm-3
04-07-2024,51,V ugm-3,,,61,V ugm-3,58,V ugm-3,59,V ugm-3,57,V ugm-3,58,V ugm-3,58,V ugm-3,59,V ugm-3,59,V ugm-3,No data,V ugm-3
05-07-2024,40,V ugm-3,,,55,V ugm-3,56,V ugm-3,52,V ugm-3,52,V ugm-3,52,V ugm-3,58,V ugm-3,61,V ugm-3,56,V ugm-3,52,V ugm-3
06-07-2024,44,V ugm-3,,,54,V ugm-3,50,V ugm-3,45,V ugm-3,45,V ugm-3,45,V ugm-3,56,V ugm-3,52,V ugm-3,51,V ugm-3,52,V ugm-3
07-07-2024,38,V ugm-3,,,52,V ugm-3,50,V ugm-3,41,V ugm-3,44,V ugm-3,47,V ugm-3,47,V ugm-3,45,V ugm-3,45,V ugm-3,50,V ugm-3
08-07-2024,31,V ugm-3,,,47,V ugm-3,45,V ugm-3,41,V ugm-3,44,V ugm-3,42,V ugm-3,48,V ugm-3,45,V ugm-3,40,V ugm-3,43,V ugm-3
09-07-2024,No data,V ugm-3,,,38,V ugm-3,40,V ugm-3,38,V ugm-3,38,V ugm-3,40,V ugm-3,40,V ugm-3,38,V ugm-3,37,V ugm-3,38,V ugm-3
10-07-2024,No data,V ugm-3,,,53,V ugm-3,50,V ugm-3,49,V ugm-3,53,V ugm-3,52,V ugm-3,43,V ugm-3,49,V ugm-3,51,V ugm-3,48,V ugm-3
11-07-2024,34,V ugm-3,,,44,V ugm-3,41,V ugm-3,44,V ugm-3,47,V ugm-3,48,V ugm-3,38,V ugm-3,44,V ugm-3,43,V ugm-3,39,V ugm-3
12-07-2024,36,V ugm-3,,,42,V ugm-3,42,V ugm-3,47,V ugm-3,48,V ugm-3,50,V ugm-3,36,V ugm-3,40,V ugm-3,35,V ugm-3,37,V ugm-3
13-07-2024,37,V ugm-3,,,47,V ugm-3,43,V ugm-3,44,V ugm-3,45,V ugm-3,32,V ugm-3,35,V ugm-3,48,V ugm-3,43,V ugm-3,44,V ugm-3
14-07-2024,36,V ugm-3,,,46,V ugm-3,42,V ugm-3,42,V ugm-3,47,V ugm-3,35,V ugm-3,38,V ugm-3,45,V ugm-3,42,V ugm-3,43,V ugm-3
15-07-2024,32,V ugm-3,,,40,V ugm-3,48,V ugm-3,42,V ugm-3,44,V ugm-3,33,V ugm-3,58,V ugm-3,42,V ugm-3,40,V ugm-3,39,V ugm-3
16-07-2024,43,V ugm-3,,,56,V ugm-3,57,V ugm-3,59,V ugm-3,58,V ugm-3,55,V ugm-3,53,V ugm-3,48,V ugm-3,50,V ugm-3,55,V ugm-3
17-07-2024,35,V ugm-3,,,62,V ugm-3,55,V ugm-3,48,V ugm-3,52,V ugm-3,51,V ugm-3,47,V ugm-3,48,V ugm-3,55,V ugm-3,56,V ugm-3
18-07-2024,39,V ugm-3,,,66,V ugm-3,60,V ugm-3,59,V ugm-3,67,V ugm-3,60,V ugm-3,56,V ugm-3,47,V ugm-3,59,V ugm-3,64,V ugm-3
19-07-2024,51,V ugm-3,,,No data,V ugm-3,75,V ugm-3,72,V ugm-3,77,V ugm-3,55,V ugm-3,60,V ugm-3,55,V ugm-3,68,V ugm-3,78,V ugm-3
20-07-2024,21,V ugm-3,,,33,V ugm-3,30,V ugm-3,33,V ugm-3,34,V ugm-3,28,V ugm-3,31,V ugm-3,31,V ugm-3,30,V ugm-3,33,V ugm-3
21-07-2024,43,V ugm-3,,,53,V ugm-3,49,V ugm-3,53,V ugm-3,54,V ugm-3,48,V ugm-3,48,V ugm-3,50,V ugm-3,50,V ugm-3,52,V ugm-3
22-07-2024,37,V ugm-3,,,49,V ugm-3,42,V ugm-3,48,V ugm-3,49,V ugm-3,48,V ugm-3,41,V ugm-3,44,V ugm-3,46,V ugm-3,47,V ugm-3
23-07-2024,43,V ugm-3,,,52,V ugm-3,50,V ugm-3,54,V ugm-3,55,V ugm-3,43,V ugm-3,43,V ugm-3,47,V ugm-3,46,V ugm-3,50,V ugm-3
24-07-2024,28,V ugm-3,,,41,V ugm-3,41,V ugm-3,40,V ugm-3,40,V ugm-3,32,V ugm-3,36,V ugm-3,34,V ugm-3,32,V ugm-3,37,V ugm-3
25-07-2024,31,V ugm-3,,,42,V ugm-3,41,V ugm-3,40,V ugm-3,37,V ugm-3,42,V ugm-3,40,V ugm-3,43,V ugm-3,42,V ugm-3,40,V ugm-3
26-07-2024,35,V ugm-3,,,47,V ugm-3,41,V ugm-3,45,V ugm-3,42,V ugm-3,45,V ugm-3,43,V ugm-3,46,V ugm-3,45,V ugm-3,41,V ugm-3
27-07-2024,33,V ugm-3,,,45,V ugm-3,41,V ugm-3,38,V ugm-3,46,V ugm-3,42,V ugm-3,39,V ugm-3,36,V ugm-3,37,V ugm-3,44,V ugm-3
28-07-2024,32,V ugm-3,,,49,V ugm-3,53,V ugm-3,41,V ugm-3,44,V ugm-3,43,V ugm-3,42,V ugm-3,41,V ugm-3,44,V ugm-3,46,V ugm-3
29-07-2024,46,V ugm-3,,,66,V ugm-3,74,V ugm-3,No data,V ugm-3,74,V ugm-3,57,V ugm-3,60,V ugm-3,59,V ugm-3,60,V ugm-3,64,V ugm-3
30-07-2024,62,V ugm-3,,,70,V ugm-3,68,V ugm-3,No data,V ugm-3,82,V ugm-3,62,V ugm-3,54,V ugm-3,60,V ugm-3,56,V ugm-3,64,V ugm-3
31-07-2024,81,V ugm-3,,,94,V ugm-3,82,V ugm-3,No data,V ugm-3,100,V ugm-3,77,V ugm-3,87,V ugm-3,80,V ugm-3,88,V ugm-3,88,V ugm-3
01-08-2024,71,V ugm-3,,,89,V ugm-3,78,V ugm-3,No data,V ugm-3,92,V ugm-3,81,V ugm-3,70,V ugm-3,75,V ugm-3,69,V ugm-3,76,V ugm-3
02-08-2024,45,V ugm-3,,,58,V ugm-3,56,V ugm-3,54,V ugm-3,48,V ugm-3,50,V ugm-3,49,V ugm-3,58,V ugm-3,55,V ugm-3,55,V ugm-3
03-08-2024,45,V ugm-3,,,56,V ugm-3,53,V ugm-3,52,V ugm-3,52,V ugm-3,52,V ugm-3,47,V ugm-3,53,V ugm-3,53,V ugm-3,55,V ugm-3
04-08-2024,40,V ugm-3,,,54,V ugm-3,50,V ugm-3,48,V ugm-3,50,V ugm-3,48,V ugm-3,47,V ugm-3,49,V ugm-3,51,V ugm-3,53,V ugm-3
05-08-2024,39,V ugm-3,,,No data,V ugm-3,52,V ugm-3,46,V ugm-3,49,V ugm-3,51,V ugm-3,46,V ugm-3,50,V ugm-3,53,V ugm-3,51,V ugm-3
06-08-2024,43,V ugm-3,,,No data,V ugm-3,53,V ugm-3,52,V ugm-3,53,V ugm-3,52,V ugm-3,53,V ugm-3,56,V ugm-3,55,V ugm-3,53,V ugm-3
07-08-2024,46,V ugm-3,,,No data,V ugm-3,57,V ugm-3,54,V ugm-3,55,V ugm-3,55,V ugm-3,60,V ugm-3,59,V ugm-3,60,V ugm-3,57,V ugm-3
08-08-2024,No data,V ugm-3,,,No data,V ugm-3,51,V ugm-3,41,V ugm-3,48,V ugm-3,46,V ugm-3,48,V ugm-3,48,V ugm-3,52,V ugm-3,49,V ugm-3
09-08-2024,No data,V ugm-3,,,No data,V ugm-3,55,V ugm-3,49,V ugm-3,54,V ugm-3,55,V ugm-3,54,V ugm-3,56,V ugm-3,56,V ugm-3,52,V ugm-3
10-08-2024,No data,V ugm-3,,,No data,V ugm-3,45,V ugm-3,43,V ugm-3,49,V ugm-3,45,V ugm-3,40,V ugm-3,46,V ugm-3,46,V ugm-3,47,V ugm-3
11-08-2024,No data,V ugm-3,,,No data,V ugm-3,51,V ugm-3,53,V ugm-3,61,V ugm-3,50,V ugm-3,59,V ugm-3,49,V ugm-3,49,V ugm-3,53,V ugm-3
12-08-2024,No data,V ugm-3,,,No data,V ugm-3,58,V ugm-3,66,V ugm-3,67,V ugm-3,61,V ugm-3,55,V ugm-3,62,V ugm-3,63,V ugm-3,59,V ugm-3
13-08-2024,No data,V ugm-3,,,No data,V ugm-3,53,V ugm-3,50,V ugm-3,51,V ugm-3,48,V ugm-3,47,V ugm-3,47,V ugm-3,51,V ugm-3,53,V ugm-3
14-08-2024,No data,V ugm-3,,,No data,V ugm-3,43,V ugm-3,33,V ugm-3,31,V ugm-3,53,V ugm-3,48,V ugm-3,52,V ugm-3,41,V ugm-3,39,V ugm-3
15-08-2024,No data,V ugm-3,,,No data,V ugm-3,41,V ugm-3,38,V ugm-3,37,V ugm-3,37,V ugm-3,41,V ugm-3,45,V ugm-3,44,V ugm-3,44,V ugm-3
16-08-2024,36,V ugm-3,,,53,V ugm-3,48,V ugm-3,50,V ugm-3,52,V ugm-3,44,V ugm-3,35,V ugm-3,44,V ugm-3,48,V ugm-3,47,V ugm-3
17-08-2024,40,V ugm-3,,,57,V ugm-3,46,V ugm-3,47,V ugm-3,50,V ugm-3,43,V ugm-3,48,V ugm-3,52,V ugm-3,47,V ugm-3,52,V ugm-3
18-08-2024,47,V ugm-3,,,61,V ugm-3,58,V ugm-3,54,V ugm-3,57,V ugm-3,49,V ugm-3,56,V ugm-3,61,V ugm-3,59,V ugm-3,57,V ugm-3
19-08-2024,35,V ugm-3,,,55,V ugm-3,48,V ugm-3,44,V ugm-3,47,V ugm-3,41,V ugm-3,44,V ugm-3,43,V ugm-3,45,V ugm-3,51,V ugm-3
20-08-2024,47,V ugm-3,,,61,V ugm-3,58,V ugm-3,54,V ugm-3,55,V ugm-3,56,V ugm-3,58,V ugm-3,62,V ugm-3,58,V ugm-3,55,V ugm-3
21-08-2024,47,V ugm-3,,,58,V ugm-3,54,V ugm-3,51,V ugm-3,53,V ugm-3,53,V ugm-3,54,V ugm-3,59,V ugm-3,56,V ugm-3,52,V ugm-3
22-08-2024,55,V ugm-3,,,68,V ugm-3,63,V ugm-3,65,V ugm-3,67,V ugm-3,67,V ugm-3,57,V ugm-3,65,V ugm-3,63,V ugm-3,63,V ugm-3
23-08-2024,55,V ugm-3,,,69,V ugm-3,64,V ugm-3,63,V ugm-3,64,V ugm-3,64,V ugm-3,62,V ugm-3,66,V ugm-3,65,V ugm-3,63,V ugm-3
24-08-2024,42,V ugm-3,,,59,V ugm-3,55,V ugm-3,52,V ugm-3,54,V ugm-3,49,V ugm-3,51,V ugm-3,57,V ugm-3,58,V ugm-3,56,V ugm-3
25-08-2024,49,V ugm-3,,,63,V ugm-3,57,V ugm-3,56,V ugm-3,58,V ugm-3,60,V ugm-3,57,V ugm-3,64,V ugm-3,60,V ugm-3,59,V ugm-3
26-08-2024,55,V ugm-3,,,75,V ugm-3,69,V ugm-3,65,V ugm-3,63,V ugm-3,69,V ugm-3,69,V ugm-3,73,V ugm-3,72,V ugm-3,70,V ugm-3
27-08-2024,35,V ugm-3,,,62,V ugm-3,51,V ugm-3,56,V ugm-3,65,V ugm-3,58,V ugm-3,54,V ugm-3,62,V ugm-3,59,V ugm-3,58,V ugm-3
28-08-2024,42,V ugm-3,,,65,V ugm-3,64,V ugm-3,59,V ugm-3,64,V ugm-3,49,V ugm-3,55,V ugm-3,55,V ugm-3,62,V ugm-3,59,V ugm-3
29-08-2024,37,V ugm-3,,,54,V ugm-3,50,V ugm-3,50,V ugm-3,48,V ugm-3,47,V ugm-3,41,V ugm-3,55,V ugm-3,53,V ugm-3,45,V ugm-3
30-08-2024,42,V ugm-3,,,56,V ugm-3,48,V ugm-3,49,V ugm-3,52,V ugm-3,45,V ugm-3,42,V ugm-3,40,V ugm-3,46,V ugm-3,47,V ugm-3
31-08-2024,53,V ugm-3,,,61,V ugm-3,59,V ugm-3,59,V ugm-3,58,V ugm-3,59,V ugm-3,67,V ugm-3,62,V ugm-3,59,V ugm-3,58,V ugm-3
01-09-2024,58,V ugm-3,,,63,V ugm-3,63,V ugm-3,68,V ugm-3,69,V ugm-3,48,V ugm-3,63,V ugm-3,55,V ugm-3,57,V ugm-3,59,V ugm-3
02-09-2024,33,V ugm-3,,,43,V ugm-3,46,V ugm-3,51,V ugm-3,51,V ugm-3,39,V ugm-3,44,V ugm-3,43,V ugm-3,43,V ugm-3,43,V ugm-3
03-09-2024,35,V ugm-3,,,49,V ugm-3,51,V ugm-3,35,V ugm-3,34,V ugm-3,46,V ugm-3,46,V ugm-3,48,V ugm-3,50,V ugm-3,44,V ugm-3
04-09-2024,36,V ugm-3,,,No data,V ugm-3,49,V ugm-3,43,V ugm-3,42,V ugm-3,48,V ugm-3,45,V ugm-3,53,V ugm-3,48,V ugm-3,47,V ugm-3
05-09-2024,54,V ugm-3,,,No data,V ugm-3,63,V ugm-3,63,V ugm-3,62,V ugm-3,58,V ugm-3,61,V ugm-3,53,V ugm-3,60,V ugm-3,60,V ugm-3
06-09-2024,82,V ugm-3,,,No data,V ugm-3,93,V ugm-3,89,V ugm-3,85,V ugm-3,86,V ugm-3,90,V ugm-3,88,V ugm-3,87,V ugm-3,88,V ugm-3
07-09-2024,49,V ugm-3,,,No data,V ugm-3,65,V ugm-3,48,V ugm-3,44,V ugm-3,60,V ugm-3,79,V ugm-3,73,V ugm-3,59,V ugm-3,56,V ugm-3
08-09-2024,42,V ugm-3,,,No data,V ugm-3,53,V ugm-3,55,V ugm-3,59,V ugm-3,47,V ugm-3,44,V ugm-3,60,V ugm-3,47,V ugm-3,49,V ugm-3
09-09-2024,50,V ugm-3,,,No data,V ugm-3,55,V ugm-3,56,V ugm-3,57,V ugm-3,58,V ugm-3,54,V ugm-3,64,V ugm-3,62,V ugm-3,58,V ugm-3
10-09-2024,39,V ugm-3,,,No data,V ugm-3,53,V ugm-3,47,V ugm-3,47,V ugm-3,54,V ugm-3,55,V ugm-3,54,V ugm-3,53,V ugm-3,46,V ugm-3
11-09-2024,40,V ugm-3,,,No data,V ugm-3,50,V ugm-3,43,V ugm-3,41,V ugm-3,56,V ugm-3,49,V ugm-3,56,V ugm-3,55,V ugm-3,48,V ugm-3
12-09-2024,33,V ugm-3,41,V ugm-3,No data,V ugm-3,41,V ugm-3,42,V ugm-3,40,V ugm-3,42,V ugm-3,39,V ugm-3,47,V ugm-3,45,V ugm-3,42,V ugm-3
13-09-2024,25,V ugm-3,37,V ugm-3,No data,V ugm-3,27,V ugm-3,31,V ugm-3,26,V ugm-3,37,V ugm-3,35,V ugm-3,41,V ugm-3,36,V ugm-3,37,V ugm-3
14-09-2024,39,V ugm-3,59,V ugm-3,No data,V ugm-3,50,V ugm-3,51,V ugm-3,53,V ugm-3,57,V ugm-3,59,V ugm-3,62,V ugm-3,65,V ugm-3,62,V ugm-3
15-09-2024,41,V ugm-3,56,V ugm-3,No data,V ugm-3,46,V ugm-3,51,V ugm-3,56,V ugm-3,52,V ugm-3,49,V ugm-3,53,V ugm-3,60,V ugm-3,62,V ugm-3
16-09-2024,26,V ugm-3,30,V ugm-3,No data,V ugm-3,21,V ugm-3,37,V ugm-3,38,V ugm-3,36,V ugm-3,38,V ugm-3,37,V ugm-3,36,V ugm-3,36,V ugm-3
17-09-2024,33,V ugm-3,40,V ugm-3,No data,V ugm-3,35,V ugm-3,43,V ugm-3,46,V ugm-3,35,V ugm-3,50,V ugm-3,28,V ugm-3,38,V ugm-3,37,V ugm-3
18-09-2024,52,V ugm-3,58,V ugm-3,No data,V ugm-3,60,V ugm-3,65,V ugm-3,66,V ugm-3,59,V ugm-3,66,V ugm-3,57,V ugm-3,57,V ugm-3,59,V ugm-3
19-09-2024,63,V ugm-3,69,V ugm-3,70,V ugm-3,68,V ugm-3,76,V ugm-3,77,V ugm-3,62,V ugm-3,49,V ugm-3,59,V ugm-3,63,V ugm-3,66,V ugm-3
20-09-2024,68,V ugm-3,74,V ugm-3,77,V ugm-3,81,V ugm-3,79,V ugm-3,80,V ugm-3,79,V ugm-3,76,V ugm-3,76,V ugm-3,77,V ugm-3,76,V ugm-3
21-09-2024,68,V ugm-3,76,V ugm-3,76,V ugm-3,82,V ugm-3,78,V ugm-3,77,V ugm-3,75,V ugm-3,82,V ugm-3,80,V ugm-3,78,V ugm-3,75,V ugm-3
22-09-2024,69,V ugm-3,72,V ugm-3,74,V ugm-3,76,V ugm-3,71,V ugm-3,70,V ugm-3,71,V ugm-3,81,V ugm-3,79,V ugm-3,73,V ugm-3,74,V ugm-3
23-09-2024,50,V ugm-3,58,V ugm-3,65,V ugm-3,77,V ugm-3,69,V ugm-3,61,V ugm-3,65,V ugm-3,63,V ugm-3,64,V ugm-3,67,V ugm-3,64,V ugm-3
24-09-2024,51,V ugm-3,65,V ugm-3,67,V ugm-3,63,V ugm-3,62,V ugm-3,64,V ugm-3,64,V ugm-3,63,V ugm-3,69,V ugm-3,70,V ugm-3,64,V ugm-3
25-09-2024,36,V ugm-3,53,V ugm-3,52,V ugm-3,41,V ugm-3,47,V ugm-3,50,V ugm-3,40,V ugm-3,42,V ugm-3,48,V ugm-3,52,V ugm-3,49,V ugm-3
26-09-2024,39,V ugm-3,52,V ugm-3,53,V ugm-3,48,V ugm-3,50,V ugm-3,52,V ugm-3,50,V ugm-3,46,V ugm-3,52,V ugm-3,47,V ugm-3,49,V ugm-3
27-09-2024,44,V ugm-3,48,V ugm-3,54,V ugm-3,57,V ugm-3,54,V ugm-3,53,V ugm-3,64,V ugm-3,45,V ugm-3,59,V ugm-3,57,V ugm-3,50,V ugm-3
28-09-2024,30,V ugm-3,44,V ugm-3,47,V ugm-3,39,V ugm-3,35,V ugm-3,32,V ugm-3,44,V ugm-3,38,V ugm-3,46,V ugm-3,43,V ugm-3,45,V ugm-3
29-09-2024,37,V ugm-3,48,V ugm-3,43,V ugm-3,40,V ugm-3,45,V ugm-3,52,V ugm-3,45,V ugm-3,50,V ugm-3,45,V ugm-3,44,V ugm-3,50,V ugm-3
30-09-2024,33,V ugm-3,39,V ugm-3,39,V ugm-3,40,V ugm-3,38,V ugm-3,43,V ugm-3,47,V ugm-3,38,V ugm-3,45,V ugm-3,38,V ugm-3,38,V ugm-3
01-10-2024,35,V ugm-3,42,V ugm-3,44,V ugm-3,48,V ugm-3,44,V ugm-3,46,V ugm-3,54,V ugm-3,40,V ugm-3,50,V ugm-3,42,V ugm-3,42,V ugm-3
02-10-2024,46,V ugm-3,54,V ugm-3,55,V ugm-3,61,V ugm-3,58,V ugm-3,57,V ugm-3,55,V ugm-3,57,V ugm-3,55,V ugm-3,56,V ugm-3,54,V ugm-3
03-10-2024,28,V ugm-3,35,V ugm-3,37,V ugm-3,36,V ugm-3,40,V ugm-3,49,V ugm-3,32,V ugm-3,49,V ugm-3,32,V ugm-3,37,V ugm-3,36,V ugm-3
04-10-2024,25,V ugm-3,42,V ugm-3,48,V ugm-3,37,V ugm-3,34,V ugm-3,42,V ugm-3,38,V ugm-3,47,V ugm-3,31,V ugm-3,35,V ugm-3,43,V ugm-3
05-10-2024,38,V ugm-3,56,V ugm-3,57,V ugm-3,44,V ugm-3,48,V ugm-3,53,V ugm-3,51,V ugm-3,57,V ugm-3,56,V ugm-3,53,V ugm-3,57,V ugm-3
06-10-2024,30,V ugm-3,37,V ugm-3,36,V ugm-3,37,V ugm-3,39,V ugm-3,41,V ugm-3,38,V ugm-3,39,V ugm-3,41,V ugm-3,34,V ugm-3,37,V ugm-3
07-10-2024,37,V ugm-3,51,V ugm-3,54,V ugm-3,46,V ugm-3,48,V ugm-3,54,V ugm-3,49,V ugm-3,48,V ugm-3,48,V ugm-3,49,V ugm-3,52,V ugm-3
08-10-2024,35,V ugm-3,49,V ugm-3,49,V ugm-3,46,V ugm-3,46,V ugm-3,51,V ugm-3,53,V ugm-3,46,V ugm-3,48,V ugm-3,43,V ugm-3,45,V ugm-3
09-10-2024,28,V ugm-3,37,V ugm-3,38,V ugm-3,43,V ugm-3,42,V ugm-3,43,V ugm-3,48,V ugm-3,40,V ugm-3,37,V ugm-3,36,V ugm-3,38,V ugm-3
10-10-2024,39,V ugm-3,48,V ugm-3,48,V ugm-3,50,V ugm-3,45,V ugm-3,49,V ugm-3,52,V ugm-3,38,V ugm-3,46,V ugm-3,50,V ugm-3,47,V ugm-3
11-10-2024,16,V ugm-3,31,V ugm-3,40,V ugm-3,23,V ugm-3,22,V ugm-3,30,V ugm-3,30,V ugm-3,29,V ugm-3,26,V ugm-3,26,V ugm-3,30,V ugm-3
12-10-2024,33,V ugm-3,50,V ugm-3,53,V ugm-3,38,V ugm-3,49,V ugm-3,52,V ugm-3,37,V ugm-3,47,V ugm-3,45,V ugm-3,43,V ugm-3,50,V ugm-3
13-10-2024,31,V ugm-3,43,V ugm-3,47,V ugm-3,38,V ugm-3,42,V ugm-3,42,V ugm-3,36,V ugm-3,36,V ugm-3,48,V ugm-3,40,V ugm-3,46,V ugm-3
14-10-2024,25,V ugm-3,31,V ugm-3,27,V ugm-3,35,V ugm-3,35,V ugm-3,36,V ugm-3,32,V ugm-3,50,V ugm-3,35,V ugm-3,32,V ugm-3,29,V ugm-3
15-10-2024,22,V ugm-3,30,V ugm-3,21,V ugm-3,35,V ugm-3,31,V ugm-3,33,V ugm-3,26,V ugm-3,37,V ugm-3,28,V ugm-3,25,V ugm-3,24,V ugm-3
16-10-2024,14,V ugm-3,24,V ugm-3,20,V ugm-3,20,V ugm-3,22,V ugm-3,23,V ugm-3,26,V ugm-3,17,V ugm-3,24,V ugm-3,19,V ugm-3,21,V ugm-3
17-10-2024,19,V ugm-3,42,V ugm-3,43,V ugm-3,33,V ugm-3,34,V ugm-3,38,V ugm-3,38,V ugm-3,43,V ugm-3,33,V ugm-3,No data,V ugm-3,38,V ugm-3
18-10-2024,26,V ugm-3,47,V ugm-3,50,V ugm-3,36,V ugm-3,42,V ugm-3,47,V ugm-3,41,V ugm-3,40,V ugm-3,43,V ugm-3,No data,V ugm-3,47,V ugm-3
19-10-2024,36,V ugm-3,54,V ugm-3,53,V ugm-3,45,V ugm-3,47,V ugm-3,55,V ugm-3,48,V ugm-3,49,V ugm-3,49,V ugm-3,No data,V ugm-3,51,V ugm-3
20-10-2024,51,V ugm-3,61,V ugm-3,64,V ugm-3,61,V ugm-3,58,V ugm-3,63,V ugm-3,65,V ugm-3,63,V ugm-3,65,V ugm-3,No data,V ugm-3,61,V ugm-3
21-10-2024,29,V ugm-3,48,V ugm-3,51,V ugm-3,44,V ugm-3,38,V ugm-3,35,V ugm-3,57,V ugm-3,55,V ugm-3,53,V ugm-3,No data,V ugm-3,47,V ugm-3
22-10-2024,19,V ugm-3,39,V ugm-3,40,V ugm-3,29,V ugm-3,24,V ugm-3,29,V ugm-3,37,V ugm-3,29,V ugm-3,35,V ugm-3,36,V ugm-3,36,V ugm-3
23-10-2024,21,V ugm-3,42,V ugm-3,42,V ugm-3,31,V ugm-3,28,V ugm-3,35,V ugm-3,30,V ugm-3,27,V ugm-3,32,V ugm-3,34,V ugm-3,40,V ugm-3
24-10-2024,32,V ugm-3,44,V ugm-3,No data,V ugm-3,42,V ugm-3,42,V ugm-3,44,V ugm-3,41,V ugm-3,41,V ugm-3,45,V ugm-3,46,V ugm-3,43,V ugm-3
25-10-2024,12,V ugm-3,21,V ugm-3,No data,V ugm-3,21,V ugm-3,16,V ugm-3,21,V ugm-3,34,V ugm-3,28,V ugm-3,24,V ugm-3,18,V ugm-3,18,V ugm-3
26-10-2024,12,V ugm-3,27,V ugm-3,34,V ugm-3,10,V ugm-3,10,V ugm-3,12,V ugm-3,25,V ugm-3,32,V ugm-3,24,V ugm-3,24,V ugm-3,28,V ugm-3
27-10-2024,40,V ugm-3,58,V ugm-3,57,V ugm-3,45,V ugm-3,50,V ugm-3,47,V ugm-3,52,V ugm-3,50,V ugm-3,56,V ugm-3,53,V ugm-3,54,V ugm-3
28-10-2024,27,V ugm-3,44,V ugm-3,45,V ugm-3,33,V ugm-3,43,V ugm-3,48,V ugm-3,44,V ugm-3,38,V ugm-3,48,V ugm-3,41,V ugm-3,42,V ugm-3
29-10-2024,16,V ugm-3,27,V ugm-3,28,V ugm-3,33,V ugm-3,26,V ugm-3,27,V ugm-3,20,V ugm-3,27,V ugm-3,34,V ugm-3,26,V ugm-3,24,V ugm-3
30-10-2024,19,V ugm-3,32,V ugm-3,32,V ugm-3,29,V ugm-3,34,V ugm-3,34,V ugm-3,29,V ugm-3,26,V ugm-3,39,V ugm-3,32,V ugm-3,32,V ugm-3
31-10-2024,14,V ugm-3,27,V ugm-3,30,V ugm-3,23,V ugm-3,23,V ugm-3,24,V ugm-3,22,V ugm-3,23,V ugm-3,26,V ugm-3,24,V ugm-3,20,V ugm-3
01-11-2024,25,V ugm-3,41,V ugm-3,39,V ugm-3,36,V ugm-3,33,V ugm-3,29,V ugm-3,36,V ugm-3,29,V ugm-3,41,V ugm-3,41,V ugm-3,41,V ugm-3
02-11-2024,16,V ugm-3,25,V ugm-3,16,V ugm-3,23,V ugm-3,25,V ugm-3,33,V ugm-3,31,V ugm-3,23,V ugm-3,23,V ugm-3,23,V ugm-3,22,V ugm-3
03-11-2024,29,V ugm-3,40,V ugm-3,29,V ugm-3,46,V ugm-3,41,V ugm-3,43,V ugm-3,26,V ugm-3,40,V ugm-3,33,V ugm-3,37,V ugm-3,35,V ugm-3
04-11-2024,16,V ugm-3,24,V ugm-3,19,V ugm-3,24,V ugm-3,25,V ugm-3,26,V ugm-3,22,V ugm-3,27,V ugm-3,21,V ugm-3,24,V ugm-3,19,V ugm-3
05-11-2024,12,V ugm-3,22,V ugm-3,23,V ugm-3,19,V ugm-3,24,V ugm-3,28,V ugm-3,15,V ugm-3,13,V ugm-3,20,V ugm-3,17,V ugm-3,19,V ugm-3
06-11-2024,9,V ugm-3,15,V ugm-3,13,V ugm-3,20,V ugm-3,18,V ugm-3,21,V ugm-3,14,V ugm-3,14,V ugm-3,17,V ugm-3,12,V ugm-3,14,V ugm-3
07-11-2024,14,V ugm-3,21,V ugm-3,14,V ugm-3,No data,V ugm-3,20,V ugm-3,21,V ugm-3,28,V ugm-3,27,V ugm-3,30,V ugm-3,23,V ugm-3,21,V ugm-3
08-11-2024,15,V ugm-3,21,V ugm-3,16,V ugm-3,No data,V ugm-3,24,V ugm-3,24,V ugm-3,25,V ugm-3,23,V ugm-3,20,V ugm-3,23,V ugm-3,17,V ugm-3
09-11-2024,14,V ugm-3,25,V ugm-3,No data,V ugm-3,No data,V ugm-3,25,V ugm-3,28,V ugm-3,25,V ugm-3,27,V ugm-3,No data,V ugm-3,23,V ugm-3,20,V ugm-3
10-11-2024,14,V ugm-3,23,V ugm-3,No data,V ugm-3,No data,V ugm-3,18,V ugm-3,20,V ugm-3,19,V ugm-3,19,V ugm-3,26,V ugm-3,25,V ugm-3,25,V ugm-3
11-11-2024,17,V ugm-3,25,V ugm-3,No data,V ugm-3,No data,V ugm-3,27,V ugm-3,27,V ugm-3,35,V ugm-3,21,V ugm-3,No data,V ugm-3,25,V ugm-3,25,V ugm-3
12-11-2024,21,V ugm-3,29,V ugm-3,28,V ugm-3,No data,V ugm-3,41,V ugm-3,38,V ugm-3,23,V ugm-3,13,V ugm-3,14,V ugm-3,27,V ugm-3,28,V ugm-3
13-11-2024,15,V ugm-3,19,V ugm-3,22,V ugm-3,No data,V ugm-3,22,V ugm-3,18,V ugm-3,19,V ugm-3,13,V ugm-3,20,V ugm-3,24,V ugm-3,24,V ugm-3
14-11-2024,17,V ugm-3,21,V ugm-3,24,V ugm-3,No data,V ugm-3,29,V ugm-3,33,V ugm-3,24,V ugm-3,18,V ugm-3,No data,V ugm-3,23,V ugm-3,22,V ugm-3
15-11-2024,7,V ugm-3,22,V ugm-3,30,V ugm-3,9,V ugm-3,15,V ugm-3,15,V ugm-3,14,V ugm-3,10,V ugm-3,10,V ugm-3,12,V ugm-3,19,V ugm-3
16-11-2024,33,V ugm-3,48,V ugm-3,52,V ugm-3,47,V ugm-3,45,V ugm-3,40,V ugm-3,49,V ugm-3,45,V ugm-3,No data,V ugm-3,49,V ugm-3,49,V ugm-3
17-11-2024,38,V ugm-3,54,V ugm-3,58,V ugm-3,50,V ugm-3,51,V ugm-3,45,V ugm-3,55,V ugm-3,48,V ugm-3,56,V ugm-3,54,V ugm-3,54,V ugm-3
18-11-2024,20,V ugm-3,30,V ugm-3,No data,V ugm-3,28,V ugm-3,28,V ugm-3,33,V ugm-3,32,V ugm-3,33,V ugm-3,27,V ugm-3,26,V ugm-3,25,V ugm-3
19-11-2024,25,V ugm-3,31,V ugm-3,No data,V ugm-3,39,V ugm-3,40,V ugm-3,34,V ugm-3,45,V ugm-3,31,V ugm-3,36,V ugm-3,38,V ugm-3,34,V ugm-3
20-11-2024,23,V ugm-3,40,V ugm-3,No data,V ugm-3,29,V ugm-3,33,V ugm-3,31,V ugm-3,41,V ugm-3,34,V ugm-3,54,V ugm-3,41,V ugm-3,35,V ugm-3
21-11-2024,18,V ugm-3,30,V ugm-3,No data,V ugm-3,26,V ugm-3,25,V ugm-3,22,V ugm-3,32,V ugm-3,31,V ugm-3,37,V ugm-3,27,V ugm-3,26,V ugm-3
22-11-2024,32,V ugm-3,49,V ugm-3,No data,V ugm-3,40,V ugm-3,40,V ugm-3,39,V ugm-3,49,V ugm-3,37,V ugm-3,45,V ugm-3,44,V ugm-3,46,V ugm-3
23-11-2024,44,V ugm-3,57,V ugm-3,No data,V ugm-3,52,V ugm-3,50,V ugm-3,55,V ugm-3,60,V ugm-3,51,V ugm-3,59,V ugm-3,58,V ugm-3,61,V ugm-3
24-11-2024,63,V ugm-3,70,V ugm-3,No data,V ugm-3,64,V ugm-3,68,V ugm-3,70,V ugm-3,70,V ugm-3,67,V ugm-3,73,V ugm-3,70,V ugm-3,72,V ugm-3
25-11-2024,50,V ugm-3,63,V ugm-3,No data,V ugm-3,51,V ugm-3,61,V ugm-3,61,V ugm-3,66,V ugm-3,61,V ugm-3,68,V ugm-3,59,V ugm-3,60,V ugm-3
26-11-2024,21,V ugm-3,36,V ugm-3,No data,V ugm-3,25,V ugm-3,30,V ugm-3,37,V ugm-3,34,V ugm-3,37,V ugm-3,31,V ugm-3,33,V ugm-3,31,V ugm-3
27-11-2024,21,V ugm-3,28,V ugm-3,20,V ugm-3,22,V ugm-3,31,V ugm-3,33,V ugm-3,35,V ugm-3,23,V ugm-3,25,V ugm-3,26,V ugm-3,28,V ugm-3
28-11-2024,5,V ugm-3,9,V ugm-3,5,V ugm-3,8,V ugm-3,6,V ugm-3,5,V ugm-3,9,V ugm-3,14,V ugm-3,14,V ugm-3,7,V ugm-3,12,V ugm-3
29-11-2024,18,V ugm-3,41,V ugm-3,30,V ugm-3,30,V ugm-3,35,V ugm-3,41,V ugm-3,36,V ugm-3,32,V ugm-3,37,V ugm-3,36,V ugm-3,36,V ugm-3
30-11-2024,28,V ugm-3,47,V ugm-3,38,V ugm-3,39,V ugm-3,35,V ugm-3,44,V ugm-3,45,V ugm-3,34,V ugm-3,42,V ugm-3,52,V ugm-3,50,V ugm-3
01-12-2024,40,V ugm-3,52,V ugm-3,44,V ugm-3,45,V ugm-3,49,V ugm-3,54,V ugm-3,51,V ugm-3,50,V ugm-3,53,V ugm-3,54,V ugm-3,54,V ugm-3
02-12-2024,34,V ugm-3,46,V ugm-3,40,V ugm-3,44,V ugm-3,48,V ugm-3,47,V ugm-3,54,V ugm-3,42,V ugm-3,49,V ugm-3,48,V ugm-3,44,V ugm-3
03-12-2024,7,V ugm-3,14,V ugm-3,10,V ugm-3,10,V ugm-3,13,V ugm-3,18,V ugm-3,11,V ugm-3,16,V ugm-3,13,V ugm-3,8,V ugm-3,15,V ugm-3
04-12-2024,17,V ugm-3,33,V ugm-3,27,V ugm-3,19,V ugm-3,23,V ugm-3,26,V ugm-3,30,V ugm-3,21,V ugm-3,26,V ugm-3,30,V ugm-3,35,V ugm-3
05-12-2024,50,V ugm-3,61,V ugm-3,57,V ugm-3,57,V ugm-3,58,V ugm-3,61,V ugm-3,66,V ugm-3,53,V ugm-3,66,V ugm-3,61,V ugm-3,60,V ugm-3
06-12-2024,40,V ugm-3,53,V ugm-3,48,V ugm-3,49,V ugm-3,50,V ugm-3,52,V ugm-3,55,V ugm-3,49,V ugm-3,57,V ugm-3,52,V ugm-3,50,V ugm-3
07-12-2024,64,V ugm-3,67,V ugm-3,65,V ugm-3,66,V ugm-3,69,V ugm-3,71,V ugm-3,75,V ugm-3,63,V ugm-3,71,V ugm-3,70,V ugm-3,71,V ugm-3
08-12-2024,49,V ugm-3,46,V ugm-3,47,V ugm-3,55,V ugm-3,55,V ugm-3,55,V ugm-3,61,V ugm-3,54,V ugm-3,55,V ugm-3,53,V ugm-3,54,V ugm-3
09-12-2024,40,V ugm-3,46,V ugm-3,41,V ugm-3,51,V ugm-3,51,V ugm-3,51,V ugm-3,56,V ugm-3,46,V ugm-3,47,V ugm-3,52,V ugm-3,51,V ugm-3
10-12-2024,53,V ugm-3,58,V ugm-3,51,V ugm-3,61,V ugm-3,62,V ugm-3,64,V ugm-3,65,V ugm-3,59,V ugm-3,61,V ugm-3,61,V ugm-3,60,V ugm-3
11-12-2024,58,V ugm-3,61,V ugm-3,55,V ugm-3,61,V ugm-3,68,V ugm-3,68,V ugm-3,68,V ugm-3,62,V ugm-3,62,V ugm-3,64,V ugm-3,63,V ugm-3
12-12-2024,26,V ugm-3,31,V ugm-3,25,V ugm-3,36,V ugm-3,38,V ugm-3,37,V ugm-3,43,V ugm-3,36,V ugm-3,32,V ugm-3,33,V ugm-3,32,V ugm-3
13-12-2024,22,V ugm-3,29,V ugm-3,23,V ugm-3,26,V ugm-3,33,V ugm-3,32,V ugm-3,35,V ugm-3,31,V ugm-3,34,V ugm-3,31,V ugm-3,29,V ugm-3
14-12-2024,35,V ugm-3,51,V ugm-3,45,V ugm-3,49,V ugm-3,46,V ugm-3,44,V ugm-3,46,V ugm-3,44,V ugm-3,54,V ugm-3,52,V ugm-3,51,V ugm-3
15-12-2024,48,V ugm-3,53,V ugm-3,50,V ugm-3,54,V ugm-3,51,V ugm-3,52,V ugm-3,57,V ugm-3,48,V ugm-3,62,V ugm-3,55,V ugm-3,52,V ugm-3
16-12-2024,44,V ugm-3,58,V ugm-3,54,V ugm-3,53,V ugm-3,58,V ugm-3,53,V ugm-3,65,V ugm-3,58,V ugm-3,67,V ugm-3,57,V ugm-3,54,V ugm-3
17-12-2024,31,V ugm-3,46,V ugm-3,42,V ugm-3,38,V ugm-3,40,V ugm-3,42,V ugm-3,53,V ugm-3,42,V ugm-3,40,V ugm-3,50,V ugm-3,49,V ugm-3
18-12-2024,50,V ugm-3,60,V ugm-3,55,V ugm-3,57,V ugm-3,59,V ugm-3,63,V ugm-3,68,V ugm-3,56,V ugm-3,62,V ugm-3,62,V ugm-3,60,V ugm-3
19-12-2024,49,V ugm-3,No data,V ugm-3,56,V ugm-3,61,V ugm-3,63,V ugm-3,63,V ugm-3,62,V ugm-3,57,V ugm-3,67,V ugm-3,67,V ugm-3,64,V ugm-3
20-12-2024,29,V ugm-3,45,V ugm-3,43,V ugm-3,39,V ugm-3,44,V ugm-3,40,V ugm-3,49,V ugm-3,44,V ugm-3,51,V ugm-3,47,V ugm-3,41,V ugm-3
21-12-2024,51,V ugm-3,58,V ugm-3,55,V ugm-3,57,V ugm-3,58,V ugm-3,58,V ugm-3,64,V ugm-3,61,V ugm-3,65,V ugm-3,64,V ugm-3,61,V ugm-3
22-12-2024,66,V ugm-3,73,V ugm-3,70,V ugm-3,76,V ugm-3,74,V ugm-3,75,V ugm-3,78,V ugm-3,75,V ugm-3,76,V ugm-3,75,V ugm-3,76,V ugm-3
23-12-2024,39,V ugm-3,53,V ugm-3,49,V ugm-3,47,V ugm-3,53,V ugm-3,52,V ugm-3,56,V ugm-3,45,V ugm-3,61,V ugm-3,51,V ugm-3,48,V ugm-3
24-12-2024,16,V ugm-3,33,V ugm-3,32,V ugm-3,22,V ugm-3,34,V ugm-3,32,V ugm-3,43,V ugm-3,44,V ugm-3,51,V ugm-3,27,V ugm-3,33,V ugm-3
25-12-2024,31,V ugm-3,46,V ugm-3,43,V ugm-3,35,V ugm-3,47,V ugm-3,52,V ugm-3,51,V ugm-3,40,V ugm-3,10,V ugm-3,39,V ugm-3,51,V ugm-3
26-12-2024,20,V ugm-3,34,V ugm-3,27,V ugm-3,24,V ugm-3,32,V ugm-3,38,V ugm-3,23,V ugm-3,26,V ugm-3,23,V ugm-3,26,V ugm-3,26,V ugm-3
27-12-2024,8,V ugm-3,19,V ugm-3,10,V ugm-3,8,V ugm-3,23,V ugm-3,24,V ugm-3,14,V ugm-3,3,V ugm-3,12,V ugm-3,No data,V ugm-3,11,V ugm-3
28-12-2024,12,V ugm-3,22,V ugm-3,18,V ugm-3,15,V ugm-3,24,V ugm-3,27,V ugm-3,24,V ugm-3,9,V ugm-3,20,V ugm-3,18,V ugm-3,17,V ugm-3
29-12-2024,40,V ugm-3,50,V ugm-3,47,V ugm-3,46,V ugm-3,46,V ugm-3,46,V ugm-3,47,V ugm-3,50,V ugm-3,51,V ugm-3,50,V ugm-3,50,V ugm-3
30-12-2024,51,V ugm-3,62,V ugm-3,58,V ugm-3,59,V ugm-3,59,V ugm-3,59,V ugm-3,69,V ugm-3,68,V ugm-3,68,V ugm-3,65,V ugm-3,61,V ugm-3
31-12-2024,58,V ugm-3,64,V ugm-3,60,V ugm-3,64,V ugm-3,65,V ugm-3,68,V ugm-3,71,V ugm-3,72,V ugm-3,74,V ugm-3,68,V ugm-3,66,V ugm-3
01-01-2025,60,V ugm-3,66,N ugm-3,62,V ugm-3,67,V ugm-3,65,V ugm-3,66,V ugm-3,70,V ugm-3,69,V ugm-3,72,V ugm-3,69,V ugm-3,65,V ugm-3
02-01-2025,24,V ugm-3,31,N ugm-3,29,V ugm-3,28,V ugm-3,32,V ugm-3,32,V ugm-3,38,V ugm-3,19,V ugm-3,38,V ugm-3,34,V ugm-3,31,V ugm-3
03-01-2025,29,V ugm-3,45,N ugm-3,47,V ugm-3,34,V ugm-3,32,V ugm-3,26,V ugm-3,39,V ugm-3,35,V ugm-3,50,V ugm-3,43,V ugm-3,36,V ugm-3
04-01-2025,21,V ugm-3,35,N ugm-3,31,V ugm-3,20,V ugm-3,26,V ugm-3,30,V ugm-3,22,V ugm-3,31,V ugm-3,23,V ugm-3,21,V ugm-3,36,V ugm-3
05-01-2025,38,V ugm-3,43,N ugm-3,37,V ugm-3,41,V ugm-3,39,V ugm-3,45,V ugm-3,40,V ugm-3,49,V ugm-3,38,V ugm-3,47,V ugm-3,46,V ugm-3
06-01-2025,42,V ugm-3,53,N ugm-3,47,V ugm-3,56,V ugm-3,56,V ugm-3,56,V ugm-3,57,V ugm-3,50,V ugm-3,58,V ugm-3,49,V ugm-3,46,V ugm-3
07-01-2025,34,V ugm-3,47,N ugm-3,47,V ugm-3,49,V ugm-3,49,V ugm-3,45,V ugm-3,54,V ugm-3,49,V ugm-3,56,V ugm-3,46,V ugm-3,41,V ugm-3
08-01-2025,10,V ugm-3,15,N ugm-3,15,V ugm-3,13,V ugm-3,15,V ugm-3,16,V ugm-3,16,V ugm-3,30,V ugm-3,18,V ugm-3,17,V ugm-3,14,V ugm-3
09-01-2025,16,V ugm-3,25,N ugm-3,20,V ugm-3,17,V ugm-3,17,V ugm-3,14,V ugm-3,23,V ugm-3,18,V ugm-3,37,V ugm-3,25,V ugm-3,19,V ugm-3
10-01-2025,6,V ugm-3,9,N ugm-3,8,V ugm-3,4,V ugm-3,7,V ugm-3,5,V ugm-3,7,V ugm-3,10,V ugm-3,5,V ugm-3,9,V ugm-3,10,V ugm-3
11-01-2025,2,V ugm-3,2,N ugm-3,3,V ugm-3,3,V ugm-3,2,V ugm-3,3,V ugm-3,4,V ugm-3,14,V ugm-3,4,V ugm-3,5,V ugm-3,5,V ugm-3
12-01-2025,8,V ugm-3,22,N ugm-3,24,V ugm-3,6,V ugm-3,6,V ugm-3,12,V ugm-3,14,V ugm-3,14,V ugm-3,8,V ugm-3,18,V ugm-3,29,V ugm-3
13-01-2025,38,V ugm-3,51,N ugm-3,46,V ugm-3,36,V ugm-3,40,V ugm-3,43,V ugm-3,46,V ugm-3,37,V ugm-3,46,V ugm-3,50,V ugm-3,51,V ugm-3
14-01-2025,16,V ugm-3,33,N ugm-3,31,V ugm-3,18,V ugm-3,29,V ugm-3,23,V ugm-3,42,V ugm-3,20,V ugm-3,40,V ugm-3,25,V ugm-3,32,V ugm-3
15-01-2025,10,V ugm-3,27,N ugm-3,23,V ugm-3,18,V ugm-3,28,V ugm-3,26,V ugm-3,23,V ugm-3,18,V ugm-3,21,V ugm-3,21,V ugm-3,22,V ugm-3
16-01-2025,11,V ugm-3,21,N ugm-3,16,V ugm-3,14,V ugm-3,18,V ugm-3,19,V ugm-3,9,V ugm-3,12,V ugm-3,17,V ugm-3,18,V ugm-3,22,V ugm-3
17-01-2025,30,V ugm-3,47,N ugm-3,42,V ugm-3,42,V ugm-3,43,V ugm-3,40,V ugm-3,29,V ugm-3,33,V ugm-3,39,V ugm-3,43,V ugm-3,44,V ugm-3
18-01-2025,28,V ugm-3,41,N ugm-3,34,V ugm-3,38,V ugm-3,40,V ugm-3,39,V ugm-3,48,V ugm-3,37,V ugm-3,49,V ugm-3,37,V ugm-3,36,V ugm-3
19-01-2025,13,V ugm-3,24,N ugm-3,19,V ugm-3,25,V ugm-3,22,V ugm-3,24,V ugm-3,28,V ugm-3,27,V ugm-3,33,V ugm-3,21,V ugm-3,20,V ugm-3
20-01-2025,7,V ugm-3,16,N ugm-3,16,V ugm-3,8,V ugm-3,14,V ugm-3,11,V ugm-3,8,V ugm-3,8,V ugm-3,8,V ugm-3,10,V ugm-3,15,V ugm-3
21-01-2025,16,V ugm-3,33,N ugm-3,29,V ugm-3,24,V ugm-3,25,V ugm-3,23,V ugm-3,20,V ugm-3,20,V ugm-3,27,V ugm-3,28,V ugm-3,33,V ugm-3
22-01-2025,4,V ugm-3,8,N ugm-3,9,V ugm-3,11,V ugm-3,7,V ugm-3,6,V ugm-3,17,V ugm-3,13,V ugm-3,16,V ugm-3,10,V ugm-3,11,V ugm-3
23-01-2025,33,V ugm-3,51,N ugm-3,49,V ugm-3,41,V ugm-3,44,V ugm-3,45,V ugm-3,51,V ugm-3,46,V ugm-3,56,V ugm-3,45,V ugm-3,52,V ugm-3
24-01-2025,63,V ugm-3,73,N ugm-3,69,V ugm-3,70,V ugm-3,68,V ugm-3,71,V ugm-3,77,V ugm-3,76,V ugm-3,79,V ugm-3,71,V ugm-3,72,V ugm-3
25-01-2025,37,V ugm-3,54,N ugm-3,52,V ugm-3,50,V ugm-3,44,V ugm-3,48,V ugm-3,53,V ugm-3,53,V ugm-3,51,V ugm-3,52,V ugm-3,53,V ugm-3
26-01-2025,53,V ugm-3,66,N ugm-3,59,V ugm-3,64,V ugm-3,63,V ugm-3,70,V ugm-3,69,V ugm-3,62,V ugm-3,62,V ugm-3,65,V ugm-3,68,V ugm-3
27-01-2025,60,V ugm-3,76,N ugm-3,71,V ugm-3,73,V ugm-3,72,V ugm-3,76,V ugm-3,76,V ugm-3,71,V ugm-3,78,V ugm-3,75,V ugm-3,76,V ugm-3
28-01-2025,43,V ugm-3,58,N ugm-3,52,V ugm-3,55,V ugm-3,54,V ugm-3,58,V ugm-3,64,V ugm-3,47,V ugm-3,54,V ugm-3,55,V ugm-3,56,V ugm-3
29-01-2025,29,V ugm-3,41,N ugm-3,40,V ugm-3,47,V ugm-3,43,V ugm-3,42,V ugm-3,55,V ugm-3,38,V ugm-3,54,V ugm-3,41,V ugm-3,38,V ugm-3
30-01-2025,30,V ugm-3,49,N ugm-3,44,V ugm-3,40,V ugm-3,43,V ugm-3,42,V ugm-3,48,V ugm-3,40,V ugm-3,55,V ugm-3,49,V ugm-3,45,V ugm-3
31-01-2025,33,V ugm-3,46,N ugm-3,41,V ugm-3,38,V ugm-3,39,V ugm-3,38,V ugm-3,53,V ugm-3,39,V ugm-3,48,V ugm-3,46,V ugm-3,43,V ugm-3
01-02-2025,25,V ugm-3,46,N ugm-3,37,V ugm-3,37,V ugm-3,38,V ugm-3,44,V ugm-3,48,V ugm-3,43,V ugm-3,39,V ugm-3,39,V ugm-3,40,V ugm-3
02-02-2025,43,V ugm-3,57,N ugm-3,53,V ugm-3,47,V ugm-3,40,V ugm-3,45,V ugm-3,58,V ugm-3,58,V ugm-3,59,V ugm-3,61,V ugm-3,59,V ugm-3
03-02-2025,28,V ugm-3,47,N ugm-3,42,V ugm-3,31,V ugm-3,28,V ugm-3,36,V ugm-3,44,V ugm-3,42,V ugm-3,50,V ugm-3,48,V ugm-3,47,V ugm-3
04-02-2025,53,V ugm-3,68,N ugm-3,64,V ugm-3,59,V ugm-3,58,V ugm-3,58,V ugm-3,66,V ugm-3,62,V ugm-3,68,V ugm-3,67,V ugm-3,65,V ugm-3
05-02-2025,24,V ugm-3,40,N ugm-3,37,V ugm-3,24,V ugm-3,32,V ugm-3,32,V ugm-3,29,V ugm-3,36,V ugm-3,30,V ugm-3,35,V ugm-3,30,V ugm-3
06-02-2025,19,V ugm-3,23,N ugm-3,23,V ugm-3,13,V ugm-3,21,V ugm-3,33,V ugm-3,29,V ugm-3,36,V ugm-3,29,V ugm-3,26,V ugm-3,25,V ugm-3
07-02-2025,52,V ugm-3,56,N ugm-3,51,V ugm-3,55,V ugm-3,58,V ugm-3,58,V ugm-3,61,V ugm-3,65,V ugm-3,64,V ugm-3,57,V ugm-3,56,V ugm-3
08-02-2025,29,V ugm-3,33,N ugm-3,31,V ugm-3,35,V ugm-3,32,V ugm-3,34,V ugm-3,39,V ugm-3,40,V ugm-3,39,V ugm-3,36,V ugm-3,36,V ugm-3
09-02-2025,30,V ugm-3,31,N ugm-3,28,V ugm-3,32,V ugm-3,32,V ugm-3,34,V ugm-3,33,V ugm-3,37,V ugm-3,34,V ugm-3,32,V ugm-3,32,V ugm-3
10-02-2025,46,V ugm-3,49,N ugm-3,44,V ugm-3,53,V ugm-3,50,V ugm-3,55,V ugm-3,51,V ugm-3,52,V ugm-3,50,V ugm-3,49,V ugm-3,51,V ugm-3
11-02-2025,27,V ugm-3,32,N ugm-3,30,V ugm-3,34,V ugm-3,32,V ugm-3,35,V ugm-3,39,V ugm-3,37,V ugm-3,33,V ugm-3,37,V ugm-3,35,V ugm-3
12-02-2025,17,V ugm-3,21,N ugm-3,20,V ugm-3,23,V ugm-3,25,V ugm-3,No data,V ugm-3,22,V ugm-3,28,V ugm-3,28,V ugm-3,25,V ugm-3,23,V ugm-3
13-02-2025,52,V ugm-3,No data,N ugm-3,53,V ugm-3,59,V ugm-3,60,V ugm-3,No data,V ugm-3,60,V ugm-3,65,V ugm-3,63,V ugm-3,63,V ugm-3,59,V ugm-3
14-02-2025,46,V ugm-3,54,N ugm-3,46,V ugm-3,52,V ugm-3,55,V ugm-3,No data,V ugm-3,57,V ugm-3,57,V ugm-3,59,V ugm-3,53,V ugm-3,51,V ugm-3
15-02-2025,24,V ugm-3,36,N ugm-3,28,V ugm-3,29,V ugm-3,34,V ugm-3,No data,V ugm-3,35,V ugm-3,29,V ugm-3,37,V ugm-3,31,V ugm-3,34,V ugm-3
16-02-2025,36,V ugm-3,42,N ugm-3,31,V ugm-3,45,V ugm-3,43,V ugm-3,No data,V ugm-3,43,V ugm-3,45,V ugm-3,42,V ugm-3,41,V ugm-3,41,V ugm-3
17-02-2025,34,V ugm-3,41,N ugm-3,No data,V ugm-3,46,V ugm-3,41,V ugm-3,No data,V ugm-3,40,V ugm-3,50,V ugm-3,41,V ugm-3,42,V ugm-3,36,V ugm-3
18-02-2025,34,V ugm-3,41,N ugm-3,31,V ugm-3,42,V ugm-3,40,V ugm-3,No data,V ugm-3,40,V ugm-3,49,V ugm-3,39,V ugm-3,42,V ugm-3,37,V ugm-3
19-02-2025,17,V ugm-3,27,N ugm-3,20,V ugm-3,19,V ugm-3,25,V ugm-3,No data,V ugm-3,28,V ugm-3,27,V ugm-3,28,V ugm-3,23,V ugm-3,24,V ugm-3
20-02-2025,51,V ugm-3,64,N ugm-3,64,V ugm-3,58,V ugm-3,57,V ugm-3,61,V ugm-3,67,V ugm-3,61,V ugm-3,67,V ugm-3,64,V ugm-3,64,V ugm-3
21-02-2025,54,V ugm-3,69,N ugm-3,68,V ugm-3,64,V ugm-3,63,V ugm-3,67,V ugm-3,65,V ugm-3,64,V ugm-3,72,V ugm-3,69,V ugm-3,68,V ugm-3
22-02-2025,41,V ugm-3,60,N ugm-3,62,V ugm-3,41,V ugm-3,53,V ugm-3,52,V ugm-3,51,V ugm-3,56,V ugm-3,37,V ugm-3,60,V ugm-3,58,V ugm-3
23-02-2025,62,V ugm-3,71,N ugm-3,71,V ugm-3,67,V ugm-3,65,V ugm-3,72,V ugm-3,72,V ugm-3,68,V ugm-3,70,V ugm-3,73,V ugm-3,73,V ugm-3
24-02-2025,61,V ugm-3,79,N ugm-3,77,V ugm-3,69,V ugm-3,70,V ugm-3,75,V ugm-3,76,V ugm-3,73,V ugm-3,78,V ugm-3,76,V ugm-3,74,V ugm-3
25-02-2025,47,V ugm-3,66,N ugm-3,67,V ugm-3,52,V ugm-3,57,V ugm-3,56,V ugm-3,69,V ugm-3,61,V ugm-3,64,V ugm-3,63,V ugm-3,58,V ugm-3
26-02-2025,49,V ugm-3,66,N ugm-3,67,V ugm-3,58,V ugm-3,56,V ugm-3,58,V ugm-3,67,V ugm-3,60,V ugm-3,63,V ugm-3,64,V ugm-3,62,V ugm-3
27-02-2025,47,V ugm-3,60,N ugm-3,61,V ugm-3,57,V ugm-3,58,V ugm-3,58,V ugm-3,60,V ugm-3,46,V ugm-3,64,V ugm-3,63,V ugm-3,58,V ugm-3
28-02-2025,28,V ugm-3,33,N ugm-3,44,V ugm-3,43,V ugm-3,34,V ugm-3,32,V ugm-3,34,V ugm-3,41,V ugm-3,24,V ugm-3,44,V ugm-3,35,V ugm-3
01-03-2025,25,V ugm-3,30,N ugm-3,34,V ugm-3,24,V ugm-3,26,V ugm-3,24,V ugm-3,31,V ugm-3,28,V ugm-3,25,V ugm-3,29,V ugm-3,34,V ugm-3
02-03-2025,28,V ugm-3,40,N ugm-3,42,V ugm-3,30,V ugm-3,30,V ugm-3,36,V ugm-3,35,V ugm-3,39,V ugm-3,30,V ugm-3,34,V ugm-3,36,V ugm-3
03-03-2025,27,V ugm-3,50,N ugm-3,47,V ugm-3,29,V ugm-3,30,V ugm-3,27,V ugm-3,37,V ugm-3,42,V ugm-3,45,V ugm-3,32,V ugm-3,43,V ugm-3
04-03-2025,30,V ugm-3,56,N ugm-3,54,V ugm-3,32,V ugm-3,42,V ugm-3,41,V ugm-3,45,V ugm-3,51,V ugm-3,40,V ugm-3,45,V ugm-3,47,V ugm-3
05-03-2025,43,V ugm-3,64,N ugm-3,68,V ugm-3,47,V ugm-3,49,V ugm-3,51,V ugm-3,61,V ugm-3,62,V ugm-3,45,V ugm-3,63,V ugm-3,69,V ugm-3
06-03-2025,40,V ugm-3,69,N ugm-3,67,V ugm-3,55,V ugm-3,43,V ugm-3,65,V ugm-3,49,V ugm-3,61,V ugm-3,51,V ugm-3,57,V ugm-3,69,V ugm-3
07-03-2025,40,V ugm-3,59,N ugm-3,53,V ugm-3,53,V ugm-3,49,V ugm-3,54,V ugm-3,53,V ugm-3,52,V ugm-3,55,V ugm-3,59,V ugm-3,56,V ugm-3
08-03-2025,39,V ugm-3,55,N ugm-3,45,V ugm-3,52,V ugm-3,50,V ugm-3,59,V ugm-3,61,V ugm-3,67,V ugm-3,49,V ugm-3,57,V ugm-3,50,V ugm-3
09-03-2025,48,V ugm-3,58,N ugm-3,57,V ugm-3,55,V ugm-3,61,V ugm-3,66,V ugm-3,66,V ugm-3,79,V ugm-3,63,V ugm-3,65,V ugm-3,62,V ugm-3
10-03-2025,57,V ugm-3,58,N ugm-3,59,V ugm-3,60,V ugm-3,59,V ugm-3,55,V ugm-3,60,V ugm-3,80,V ugm-3,67,V ugm-3,65,V ugm-3,61,V ugm-3
11-03-2025,64,V ugm-3,69,N ugm-3,68,V ugm-3,70,V ugm-3,69,V ugm-3,69,V ugm-3,70,V ugm-3,60,V ugm-3,64,V ugm-3,70,V ugm-3,70,V ugm-3
12-03-2025,43,V ugm-3,52,N ugm-3,53,V ugm-3,53,V ugm-3,55,V ugm-3,53,V ugm-3,59,V ugm-3,50,V ugm-3,58,V ugm-3,55,V ugm-3,54,V ugm-3
13-03-2025,35,V ugm-3,45,N ugm-3,49,V ugm-3,59,V ugm-3,56,V ugm-3,56,V ugm-3,62,V ugm-3,45,V ugm-3,58,V ugm-3,52,V ugm-3,49,V ugm-3
14-03-2025,37,V ugm-3,40,N ugm-3,43,V ugm-3,52,V ugm-3,52,V ugm-3,47,V ugm-3,44,V ugm-3,48,V ugm-3,52,V ugm-3,45,V ugm-3,46,V ugm-3
15-03-2025,55,V ugm-3,61,N ugm-3,56,V ugm-3,57,V ugm-3,56,V ugm-3,61,V ugm-3,68,V ugm-3,57,V ugm-3,54,V ugm-3,62,V ugm-3,60,V ugm-3
16-03-2025,49,V ugm-3,52,N ugm-3,50,V ugm-3,46,V ugm-3,59,V ugm-3,57,V ugm-3,49,V ugm-3,58,V ugm-3,51,V ugm-3,55,V ugm-3,53,V ugm-3
17-03-2025,66,V ugm-3,70,N ugm-3,65,V ugm-3,69,V ugm-3,71,V ugm-3,73,V ugm-3,73,V ugm-3,73,V ugm-3,71,V ugm-3,70,V ugm-3,68,V ugm-3
18-03-2025,49,V ugm-3,54,N ugm-3,51,V ugm-3,52,V ugm-3,56,V ugm-3,62,V ugm-3,63,V ugm-3,64,V ugm-3,57,V ugm-3,56,V ugm-3,52,V ugm-3
19-03-2025,20,V ugm-3,30,N ugm-3,27,V ugm-3,29,V ugm-3,31,V ugm-3,40,V ugm-3,37,V ugm-3,No data,V ugm-3,29,V ugm-3,38,V ugm-3,31,V ugm-3
20-03-2025,32,V ugm-3,46,N ugm-3,37,V ugm-3,43,V ugm-3,45,V ugm-3,53,V ugm-3,43,V ugm-3,No data,V ugm-3,36,V ugm-3,49,V ugm-3,41,V ugm-3
21-03-2025,40,V ugm-3,50,N ugm-3,38,V ugm-3,50,V ugm-3,51,V ugm-3,53,V ugm-3,55,V ugm-3,59,V ugm-3,45,V ugm-3,48,V ugm-3,44,V ugm-3
22-03-2025,41,V ugm-3,50,N ugm-3,48,V ugm-3,46,V ugm-3,53,V ugm-3,59,V ugm-3,46,V ugm-3,50,V ugm-3,50,V ugm-3,49,V ugm-3,49,V ugm-3
23-03-2025,50,V ugm-3,52,N ugm-3,54,V ugm-3,59,V ugm-3,53,V ugm-3,54,V ugm-3,55,V ugm-3,52,V ugm-3,52,V ugm-3,57,V ugm-3,56,V ugm-3
24-03-2025,59,V ugm-3,70,N ugm-3,69,V ugm-3,73,V ugm-3,67,V ugm-3,72,V ugm-3,62,V ugm-3,59,V ugm-3,56,V ugm-3,70,V ugm-3,66,V ugm-3
25-03-2025,34,V ugm-3,45,N ugm-3,53,V ugm-3,44,V ugm-3,37,V ugm-3,38,V ugm-3,48,V ugm-3,46,V ugm-3,50,V ugm-3,51,V ugm-3,50,V ugm-3
26-03-2025,35,V ugm-3,56,N ugm-3,54,V ugm-3,32,V ugm-3,36,V ugm-3,40,V ugm-3,58,V ugm-3,46,V ugm-3,58,V ugm-3,54,V ugm-3,50,V ugm-3
27-03-2025,42,V ugm-3,54,N ugm-3,55,V ugm-3,56,V ugm-3,43,V ugm-3,49,V ugm-3,61,V ugm-3,57,V ugm-3,63,V ugm-3,62,V ugm-3,54,V ugm-3
28-03-2025,61,V ugm-3,70,N ugm-3,70,V ugm-3,68,V ugm-3,67,V ugm-3,69,V ugm-3,75,V ugm-3,69,V ugm-3,75,V ugm-3,73,V ugm-3,69,V ugm-3
29-03-2025,60,V ugm-3,68,N ugm-3,69,V ugm-3,63,V ugm-3,63,V ugm-3,66,V ugm-3,68,V ugm-3,64,V ugm-3,72,V ugm-3,69,V ugm-3,65,V ugm-3
30-03-2025,66,V ugm-3,72,N ugm-3,73,V ugm-3,75,V ugm-3,69,V ugm-3,71,V ugm-3,72,V ugm-3,71,V ugm-3,77,V ugm-3,78,V ugm-3,74,V ugm-3
31-03-2025,44,V ugm-3,52,N ugm-3,47,V ugm-3,45,V ugm-3,52,V ugm-3,55,V ugm-3,50,V ugm-3,52,V ugm-3,46,V ugm-3,50,V ugm-3,48,V ugm-3
01-04-2025,55,N ugm-3,68,N ugm-3,57,N ugm-3,60,N ugm-3,63,N ugm-3,74,N ugm-3,69,N ugm-3,64,N ugm-3,64,N ugm-3,66,N ugm-3,59,N ugm-3
02-04-2025,54,N ugm-3,70,N ugm-3,56,N ugm-3,63,N ugm-3,61,N ugm-3,70,N ugm-3,73,N ugm-3,70,N ugm-3,72,N ugm-3,67,N ugm-3,60,N ugm-3
03-04-2025,55,N ugm-3,69,N ugm-3,57,N ugm-3,62,N ugm-3,63,N ugm-3,71,N ugm-3,73,N ugm-3,70,N ugm-3,74,N ugm-3,67,N ugm-3,58,N ugm-3
04-04-2025,64,N ugm-3,73,N ugm-3,65,N ugm-3,62,N ugm-3,63,N ugm-3,73,N ugm-3,78,N ugm-3,75,N ugm-3,78,N ugm-3,70,N ugm-3,66,N ugm-3
05-04-2025,75,N ugm-3,83,N ugm-3,74,N ugm-3,77,N ugm-3,76,N ugm-3,84,N ugm-3,83,N ugm-3,75,N ugm-3,84,N ugm-3,82,N ugm-3,75,N ugm-3
06-04-2025,68,N ugm-3,78,N ugm-3,70,N ugm-3,74,N ugm-3,69,N ugm-3,77,N ugm-3,75,N ugm-3,75,N ugm-3,79,N ugm-3,78,N ugm-3,71,N ugm-3
07-04-2025,55,N ugm-3,70,N ugm-3,64,N ugm-3,63,N ugm-3,65,N ugm-3,77,N ugm-3,65,N ugm-3,71,N ugm-3,58,N ugm-3,67,N ugm-3,61,N ugm-3
08-04-2025,49,N ugm-3,63,N ugm-3,58,N ugm-3,56,N ugm-3,58,N ugm-3,74,N ugm-3,49,N ugm-3,68,N ugm-3,51,N ugm-3,59,N ugm-3,53,N ugm-3
09-04-2025,52,N ugm-3,67,N ugm-3,60,N ugm-3,53,N ugm-3,57,N ugm-3,69,N ugm-3,51,N ugm-3,63,N ugm-3,57,N ugm-3,62,N ugm-3,58,N ugm-3
10-04-2025,40,N ugm-3,58,N ugm-3,53,N ugm-3,67,N ugm-3,58,N ugm-3,61,N ugm-3,50,N ugm-3,55,N ugm-3,58,N ugm-3,60,N ugm-3,55,N ugm-3
11-04-2025,50,N ugm-3,72,N ugm-3,63,N ugm-3,58,N ugm-3,55,N ugm-3,58,N ugm-3,56,N ugm-3,60,N ugm-3,62,N ugm-3,65,N ugm-3,58,N ugm-3
12-04-2025,53,N ugm-3,87,N ugm-3,79,N ugm-3,68,N ugm-3,62,N ugm-3,79,N ugm-3,62,N ugm-3,79,N ugm-3,73,N ugm-3,74,N ugm-3,77,N ugm-3
13-04-2025,64,N ugm-3,85,N ugm-3,78,N ugm-3,74,N ugm-3,66,N ugm-3,74,N ugm-3,77,N ugm-3,74,N ugm-3,83,N ugm-3,83,N ugm-3,76,N ugm-3
14-04-2025,51,N ugm-3,79,N ugm-3,71,N ugm-3,67,N ugm-3,61,N ugm-3,75,N ugm-3,67,N ugm-3,66,N ugm-3,73,N ugm-3,80,N ugm-3,74,N ugm-3
15-04-2025,49,N ugm-3,63,N ugm-3,56,N ugm-3,57,N ugm-3,59,N ugm-3,66,N ugm-3,59,N ugm-3,49,N ugm-3,56,N ugm-3,67,N ugm-3,58,N ugm-3
16-04-2025,67,N ugm-3,85,N ugm-3,75,N ugm-3,76,N ugm-3,76,N ugm-3,84,N ugm-3,78,N ugm-3,68,N ugm-3,80,N ugm-3,81,N ugm-3,75,N ugm-3
17-04-2025,48,N ugm-3,76,N ugm-3,66,N ugm-3,59,N ugm-3,58,N ugm-3,69,N ugm-3,54,N ugm-3,59,N ugm-3,57,N ugm-3,63,N ugm-3,61,N ugm-3
18-04-2025,54,N ugm-3,75,N ugm-3,59,N ugm-3,65,N ugm-3,59,N ugm-3,76,N ugm-3,69,N ugm-3,66,N ugm-3,75,N ugm-3,73,N ugm-3,68,N ugm-3
19-04-2025,63,N ugm-3,73,N ugm-3,64,N ugm-3,67,N ugm-3,65,N ugm-3,74,N ugm-3,72,N ugm-3,72,N ugm-3,75,N ugm-3,72,N ugm-3,66,N ugm-3
20-04-2025,72,N ugm-3,83,N ugm-3,72,N ugm-3,79,N ugm-3,75,N ugm-3,84,N ugm-3,73,N ugm-3,76,N ugm-3,76,N ugm-3,82,N ugm-3,76,N ugm-3
21-04-2025,39,N ugm-3,60,N ugm-3,48,N ugm-3,48,N ugm-3,45,N ugm-3,57,N ugm-3,60,N ugm-3,51,N ugm-3,61,N ugm-3,51,N ugm-3,48,N ugm-3
22-04-2025,48,N ugm-3,75,N ugm-3,70,N ugm-3,57,N ugm-3,58,N ugm-3,69,N ugm-3,62,N ugm-3,56,N ugm-3,70,N ugm-3,65,N ugm-3,66,N ugm-3
23-04-2025,57,N ugm-3,70,N ugm-3,59,N ugm-3,71,N ugm-3,65,N ugm-3,74,N ugm-3,68,N ugm-3,70,N ugm-3,70,N ugm-3,70,N ugm-3,62,N ugm-3
24-04-2025,57,N ugm-3,72,N ugm-3,58,N ugm-3,70,N ugm-3,70,N ugm-3,79,N ugm-3,72,N ugm-3,67,N ugm-3,55,N ugm-3,64,N ugm-3,60,N ugm-3
25-04-2025,48,N ugm-3,65,N ugm-3,54,N ugm-3,61,N ugm-3,56,N ugm-3,74,N ugm-3,55,N ugm-3,69,N ugm-3,54,N ugm-3,65,N ugm-3,57,N ugm-3
26-04-2025,52,N ugm-3,76,N ugm-3,63,N ugm-3,71,N ugm-3,61,N ugm-3,69,N ugm-3,56,N ugm-3,62,N ugm-3,65,N ugm-3,70,N ugm-3,65,N ugm-3
27-04-2025,48,N ugm-3,72,N ugm-3,64,N ugm-3,56,N ugm-3,53,N ugm-3,61,N ugm-3,58,N ugm-3,59,N ugm-3,57,N ugm-3,60,N ugm-3,66,N ugm-3
28-04-2025,41,N ugm-3,67,N ugm-3,61,N ugm-3,55,N ugm-3,47,N ugm-3,66,N ugm-3,54,N ugm-3,59,N ugm-3,52,N ugm-3,59,N ugm-3,57,N ugm-3
29-04-2025,71,N ugm-3,100,N ugm-3,88,N ugm-3,72,N ugm-3,74,N ugm-3,94,N ugm-3,62,N ugm-3,92,N ugm-3,71,N ugm-3,80,N ugm-3,84,N ugm-3
30-04-2025,61,N ugm-3,94,N ugm-3,79,N ugm-3,76,N ugm-3,71,N ugm-3,98,N ugm-3,72,N ugm-3,97,N ugm-3,78,N ugm-3,86,N ugm-3,76,N ugm-3
01-05-2025,79,N ugm-3,117,N ugm-3,112,N ugm-3,90,N ugm-3,86,N ugm-3,106,N ugm-3,84,N ugm-3,98,N ugm-3,92,N ugm-3,97,N ugm-3,99,N ugm-3
02-05-2025,62,N ugm-3,74,N ugm-3,67,N ugm-3,66,N ugm-3,70,N ugm-3,81,N ugm-3,80,N ugm-3,57,N ugm-3,77,N ugm-3,71,N ugm-3,65,N ugm-3
03-05-2025,63,N ugm-3,73,N ugm-3,67,N ugm-3,67,N ugm-3,62,N ugm-3,71,N ugm-3,75,N ugm-3,62,N ugm-3,80,N ugm-3,72,N ugm-3,68,N ugm-3
04-05-2025,70,N ugm-3,78,N ugm-3,69,N ugm-3,72,N ugm-3,68,N ugm-3,78,N ugm-3,73,N ugm-3,68,N ugm-3,77,N ugm-3,75,N ugm-3,70,N ugm-3
05-05-2025,56,N ugm-3,65,N ugm-3,57,N ugm-3,60,N ugm-3,57,N ugm-3,65,N ugm-3,60,N ugm-3,54,N ugm-3,61,N ugm-3,61,N ugm-3,57,N ugm-3
06-05-2025,55,N ugm-3,66,N ugm-3,61,N ugm-3,62,N ugm-3,61,N ugm-3,71,N ugm-3,58,N ugm-3,63,N ugm-3,62,N ugm-3,63,N ugm-3,61,N ugm-3
07-05-2025,49,N ugm-3,61,N ugm-3,58,N ugm-3,52,N ugm-3,50,N ugm-3,61,N ugm-3,58,N ugm-3,54,N ugm-3,71,N ugm-3,62,N ugm-3,55,N ugm-3
08-05-2025,71,N ugm-3,81,N ugm-3,74,N ugm-3,74,N ugm-3,74,N ugm-3,83,N ugm-3,69,N ugm-3,71,N ugm-3,78,N ugm-3,78,N ugm-3,74,N ugm-3
09-05-2025,67,N ugm-3,92,N ugm-3,76,N ugm-3,74,N ugm-3,78,N ugm-3,89,N ugm-3,65,N ugm-3,79,N ugm-3,71,N ugm-3,78,N ugm-3,78,N ugm-3
10-05-2025,74,N ugm-3,96,N ugm-3,77,N ugm-3,82,N ugm-3,81,N ugm-3,97,N ugm-3,82,N ugm-3,90,N ugm-3,79,N ugm-3,88,N ugm-3,86,N ugm-3
11-05-2025,86,N ugm-3,104,N ugm-3,88,N ugm-3,89,N ugm-3,90,N ugm-3,105,N ugm-3,78,N ugm-3,101,N ugm-3,96,N ugm-3,98,N ugm-3,92,N ugm-3
12-05-2025,66,N ugm-3,89,N ugm-3,74,N ugm-3,85,N ugm-3,77,N ugm-3,82,N ugm-3,58,N ugm-3,95,N ugm-3,75,N ugm-3,85,N ugm-3,76,N ugm-3
13-05-2025,83,N ugm-3,96,N ugm-3,85,N ugm-3,86,N ugm-3,86,N ugm-3,93,N ugm-3,78,N ugm-3,90,N ugm-3,97,N ugm-3,93,N ugm-3,86,N ugm-3
14-05-2025,77,N ugm-3,90,N ugm-3,79,N ugm-3,77,N ugm-3,77,N ugm-3,89,N ugm-3,87,N ugm-3,80,N ugm-3,86,N ugm-3,84,N ugm-3,78,N ugm-3
15-05-2025,74,N ugm-3,87,N ugm-3,75,N ugm-3,75,N ugm-3,76,N ugm-3,87,N ugm-3,70,N ugm-3,73,N ugm-3,77,N ugm-3,83,N ugm-3,78,N ugm-3
16-05-2025,87,N ugm-3,99,N ugm-3,86,N ugm-3,84,N ugm-3,83,N ugm-3,93,N ugm-3,76,N ugm-3,73,N ugm-3,94,N ugm-3,95,N ugm-3,87,N ugm-3
17-05-2025,77,N ugm-3,91,N ugm-3,76,N ugm-3,90,N ugm-3,78,N ugm-3,87,N ugm-3,71,N ugm-3,87,N ugm-3,81,N ugm-3,89,N ugm-3,80,N ugm-3
18-05-2025,79,N ugm-3,90,N ugm-3,79,N ugm-3,81,N ugm-3,75,N ugm-3,85,N ugm-3,66,N ugm-3,76,N ugm-3,73,N ugm-3,84,N ugm-3,81,N ugm-3
19-05-2025,75,N ugm-3,91,N ugm-3,80,N ugm-3,78,N ugm-3,81,N ugm-3,91,N ugm-3,82,N ugm-3,75,N ugm-3,81,N ugm-3,84,N ugm-3,81,N ugm-3
20-05-2025,66,N ugm-3,87,N ugm-3,74,N ugm-3,79,N ugm-3,74,N ugm-3,85,N ugm-3,69,N ugm-3,76,N ugm-3,75,N ugm-3,84,N ugm-3,75,N ugm-3
21-05-2025,66,N ugm-3,85,N ugm-3,76,N ugm-3,78,N ugm-3,77,N ugm-3,84,N ugm-3,68,N ugm-3,72,N ugm-3,84,N ugm-3,70,N ugm-3,75,N ugm-3
22-05-2025,48,N ugm-3,64,N ugm-3,53,N ugm-3,56,N ugm-3,53,N ugm-3,67,N ugm-3,50,N ugm-3,62,N ugm-3,52,N ugm-3,51,N ugm-3,52,N ugm-3
23-05-2025,56,N ugm-3,81,N ugm-3,71,N ugm-3,66,N ugm-3,62,N ugm-3,73,N ugm-3,59,N ugm-3,66,N ugm-3,72,N ugm-3,71,N ugm-3,69,N ugm-3
24-05-2025,37,N ugm-3,54,N ugm-3,45,N ugm-3,44,N ugm-3,40,N ugm-3,51,N ugm-3,47,N ugm-3,39,N ugm-3,51,N ugm-3,52,N ugm-3,45,N ugm-3
25-05-2025,65,N ugm-3,78,N ugm-3,69,N ugm-3,69,N ugm-3,65,N ugm-3,74,N ugm-3,74,N ugm-3,68,N ugm-3,78,N ugm-3,77,N ugm-3,70,N ugm-3
26-05-2025,62,N ugm-3,78,N ugm-3,68,N ugm-3,69,N ugm-3,67,N ugm-3,76,N ugm-3,69,N ugm-3,65,N ugm-3,76,N ugm-3,77,N ugm-3,70,N ugm-3
27-05-2025,43,N ugm-3,64,N ugm-3,54,N ugm-3,53,N ugm-3,52,N ugm-3,61,N ugm-3,55,N ugm-3,51,N ugm-3,61,N ugm-3,59,N ugm-3,52,N ugm-3
28-05-2025,54,N ugm-3,74,N ugm-3,63,N ugm-3,60,N ugm-3,61,N ugm-3,70,N ugm-3,70,N ugm-3,54,N ugm-3,68,N ugm-3,68,N ugm-3,62,N ugm-3
29-05-2025,34,N ugm-3,48,N ugm-3,36,N ugm-3,39,N ugm-3,37,N ugm-3,46,N ugm-3,41,N ugm-3,35,N ugm-3,42,N ugm-3,45,N ugm-3,39,N ugm-3
30-05-2025,33,N ugm-3,51,N ugm-3,42,N ugm-3,38,N ugm-3,35,N ugm-3,43,N ugm-3,49,N ugm-3,44,N ugm-3,49,N ugm-3,48,N ugm-3,42,N ugm-3
31-05-2025,44,N ugm-3,62,N ugm-3,55,N ugm-3,49,N ugm-3,50,N ugm-3,59,N ugm-3,54,N ugm-3,51,N ugm-3,59,N ugm-3,57,N ugm-3,58,N ugm-3
01-06-2025,64,N ugm-3,76,N ugm-3,68,N ugm-3,69,N ugm-3,63,N ugm-3,72,N ugm-3,66,N ugm-3,65,N ugm-3,74,N ugm-3,76,N ugm-3,72,N ugm-3
02-06-2025,54,N ugm-3,75,N ugm-3,65,N ugm-3,64,N ugm-3,65,N ugm-3,71,N ugm-3,66,N ugm-3,62,N ugm-3,73,N ugm-3,72,N ugm-3,67,N ugm-3
03-06-2025,60,N ugm-3,75,N ugm-3,65,N ugm-3,67,N ugm-3,64,N ugm-3,73,N ugm-3,67,N ugm-3,66,N ugm-3,76,N ugm-3,73,N ugm-3,66,N ugm-3
04-06-2025,60,N ugm-3,79,N ugm-3,69,N ugm-3,67,N ugm-3,66,N ugm-3,76,N ugm-3,68,N ugm-3,66,N ugm-3,78,N ugm-3,77,N ugm-3,69,N ugm-3
05-06-2025,43,N ugm-3,65,N ugm-3,57,N ugm-3,59,N ugm-3,54,N ugm-3,64,N ugm-3,56,N ugm-3,53,N ugm-3,66,N ugm-3,64,N ugm-3,59,N ugm-3
06-06-2025,47,N ugm-3,63,N ugm-3,54,N ugm-3,54,N ugm-3,52,N ugm-3,62,N ugm-3,56,N ugm-3,55,N ugm-3,64,N ugm-3,63,N ugm-3,55,N ugm-3
07-06-2025,47,N ugm-3,64,N ugm-3,57,N ugm-3,55,N ugm-3,51,N ugm-3,60,N ugm-3,52,N ugm-3,50,N ugm-3,66,N ugm-3,62,N ugm-3,59,N ugm-3
08-06-2025,56,N ugm-3,69,N ugm-3,62,N ugm-3,62,N ugm-3,56,N ugm-3,64,N ugm-3,57,N ugm-3,58,N ugm-3,69,N ugm-3,66,N ugm-3,63,N ugm-3
09-06-2025,65,N ugm-3,83,N ugm-3,73,N ugm-3,71,N ugm-3,71,N ugm-3,81,N ugm-3,70,N ugm-3,65,N ugm-3,82,N ugm-3,78,N ugm-3,71,N ugm-3
