"Daily Mean data	    supplied by UK-air on 14/06/2025",,,,,,,,,,,,,,,,,,,,,,,,,,,,
All Data GMT hour ending,,,,,,,,,,,,,,,,,,,,,,,,,,,,
Status: V=Verified P=Provisionaly Verified N=Not Verified S=Suspect,,,,,,,,,,,,,,,,,,,,,,,,,,,,
,Birmingham A4540 Roadside,,Birmingham Hall Green,,Birmingham Ladywood,,Burton-on-Trent Horninglow,,Coventry Allesley,,Coventry Binley Road,,Leamington Spa,,Leamington Spa Rugby Road,,Oldbury Birmingham Road,,Shrewsbury Underdale,,Stoke-on-Trent A50 Roadside,,Stoke-on-Trent Centre,,Telford Hollinswood,,Worcester Tolladine,
Latitude,52.476145,,52.437553,,52.481346,,52.82105,,52.411628,,52.407708,,52.28881,,52.294884,,52.502436,,52.715083,,52.980436,,53.02821,,52.673471,,52.209364,
Longitude,-1.874978,,-1.830956,,-1.918235,,-1.635718,,-1.560189,,-1.490082,,-1.533119,,-1.542911,,-2.003497,,-2.726833,,-2.111898,,-2.175133,,-2.436692,,-2.180563,
Site Type,Urban Traffic,,Urban Background,,Urban Background,,Urban Background,,Urban Background,,Urban Traffic,,Urban Background,,Urban Traffic,,Urban Traffic,,Urban Background,,Urban Traffic,,Urban Background,,Urban Background,,Urban Background,
Zone,West Midlands,,West Midlands,,West Midlands,,West Midlands,,West Midlands,,West Midlands,,West Midlands,,West Midlands,,West Midlands,,West Midlands,,West Midlands,,West Midlands,,West Midlands,,West Midlands,
Agglomeration,West Midlands Urban Area,,West Midlands Urban Area,,West Midlands Urban Area,,#N/A,,Coventry/Bedworth,,Coventry/Bedworth,,#N/A,,#N/A,,West Midlands Urban Area,,#N/A,,The Potteries,,The Potteries,,#N/A,,#N/A,
Local Authority,Birmingham,,Birmingham,,Birmingham,,E Staffordshire,,Coventry,,Coventry,,Warwick,,Warwick,,Sandwell,,Shropshire,,Stoke,,Stoke,,Telford,,Worcester,
Date,PM10 particulate matter (Hourly measured),Status,PM10 particulate matter (Hourly measured),Status,PM10 particulate matter (Hourly measured),Status,PM10 particulate matter (Hourly measured),Status,PM10 particulate matter (Hourly measured),Status,PM10 particulate matter (Hourly measured),Status,PM10 particulate matter (Hourly measured),Status,PM10 particulate matter (Hourly measured),Status,PM10 particulate matter (Hourly measured),Status,PM10 particulate matter (Hourly measured),Status,PM10 particulate matter (Hourly measured),Status,PM10 particulate matter (Hourly measured),Status,PM10 particulate matter (Hourly measured),Status,PM10 particulate matter (Hourly measured),Status
09-06-2024,9,V ugm-3 (FIDAS),,,7,V ugm-3 (FIDAS),7,V ugm-3 (FIDAS),7,V ugm-3 (FIDAS),13,V ugm-3 (Ref.eq),7,V ugm-3 (FIDAS),7,V ugm-3 (FIDAS),,,,,10,V ugm-3 (Ref.eq),8,V ugm-3 (FIDAS),7,V ugm-3 (FIDAS),,
10-06-2024,7,V ugm-3 (FIDAS),,,5,V ugm-3 (FIDAS),5,V ugm-3 (FIDAS),5,V ugm-3 (FIDAS),9,V ugm-3 (Ref.eq),5,V ugm-3 (FIDAS),5,V ugm-3 (FIDAS),,,,,8,V ugm-3 (Ref.eq),7,V ugm-3 (FIDAS),5,V ugm-3 (FIDAS),,
11-06-2024,10,V ugm-3 (FIDAS),,,8,V ugm-3 (FIDAS),7,V ugm-3 (FIDAS),7,V ugm-3 (FIDAS),11,V ugm-3 (Ref.eq),8,V ugm-3 (FIDAS),8,V ugm-3 (FIDAS),,,,,12,V ugm-3 (Ref.eq),8,V ugm-3 (FIDAS),8,V ugm-3 (FIDAS),,
12-06-2024,15,V ugm-3 (FIDAS),,,8,V ugm-3 (FIDAS),9,V ugm-3 (FIDAS),9,V ugm-3 (FIDAS),14,V ugm-3 (Ref.eq),9,V ugm-3 (FIDAS),8,V ugm-3 (FIDAS),,,,,13,V ugm-3 (Ref.eq),11,V ugm-3 (FIDAS),7,V ugm-3 (FIDAS),,
13-06-2024,21,V ugm-3 (FIDAS),,,7,V ugm-3 (FIDAS),10,V ugm-3 (FIDAS),8,V ugm-3 (FIDAS),11,V ugm-3 (Ref.eq),8,V ugm-3 (FIDAS),9,V ugm-3 (FIDAS),,,,,13,V ugm-3 (Ref.eq),10,V ugm-3 (FIDAS),7,V ugm-3 (FIDAS),,
14-06-2024,13,V ugm-3 (FIDAS),,,5,V ugm-3 (FIDAS),7,V ugm-3 (FIDAS),No data,V ugm-3 (FIDAS),8,V ugm-3 (Ref.eq),5,V ugm-3 (FIDAS),5,V ugm-3 (FIDAS),,,,,10,V ugm-3 (Ref.eq),6,V ugm-3 (FIDAS),5,V ugm-3 (FIDAS),,
15-06-2024,8,V ugm-3 (FIDAS),,,6,V ugm-3 (FIDAS),5,V ugm-3 (FIDAS),No data,V ugm-3 (FIDAS),10,V ugm-3 (Ref.eq),6,V ugm-3 (FIDAS),6,V ugm-3 (FIDAS),,,,,9,V ugm-3 (Ref.eq),5,V ugm-3 (FIDAS),5,V ugm-3 (FIDAS),,
16-06-2024,6,V ugm-3 (FIDAS),,,4,V ugm-3 (FIDAS),4,V ugm-3 (FIDAS),No data,V ugm-3 (FIDAS),9,V ugm-3 (Ref.eq),5,V ugm-3 (FIDAS),5,V ugm-3 (FIDAS),,,,,8,V ugm-3 (Ref.eq),6,V ugm-3 (FIDAS),4,V ugm-3 (FIDAS),,
17-06-2024,11,V ugm-3 (FIDAS),,,7,V ugm-3 (FIDAS),7,V ugm-3 (FIDAS),No data,V ugm-3 (FIDAS),12,V ugm-3 (Ref.eq),7,V ugm-3 (FIDAS),7,V ugm-3 (FIDAS),,,,,11,V ugm-3 (Ref.eq),8,V ugm-3 (FIDAS),6,V ugm-3 (FIDAS),,
18-06-2024,12,V ugm-3 (FIDAS),,,10,V ugm-3 (FIDAS),8,V ugm-3 (FIDAS),9,V ugm-3 (FIDAS),13,V ugm-3 (Ref.eq),10,V ugm-3 (FIDAS),9,V ugm-3 (FIDAS),,,,,12,V ugm-3 (Ref.eq),10,V ugm-3 (FIDAS),7,V ugm-3 (FIDAS),,
19-06-2024,11,V ugm-3 (FIDAS),,,9,V ugm-3 (FIDAS),8,V ugm-3 (FIDAS),7,V ugm-3 (FIDAS),9,V ugm-3 (Ref.eq),6,V ugm-3 (FIDAS),7,V ugm-3 (FIDAS),,,,,15,V ugm-3 (Ref.eq),8,V ugm-3 (FIDAS),7,V ugm-3 (FIDAS),,
20-06-2024,18,V ugm-3 (FIDAS),,,9,V ugm-3 (FIDAS),12,V ugm-3 (FIDAS),9,V ugm-3 (FIDAS),13,V ugm-3 (Ref.eq),8,V ugm-3 (FIDAS),8,V ugm-3 (FIDAS),,,,,18,V ugm-3 (Ref.eq),12,V ugm-3 (FIDAS),9,V ugm-3 (FIDAS),,
21-06-2024,25,V ugm-3 (FIDAS),,,10,V ugm-3 (FIDAS),12,V ugm-3 (FIDAS),11,V ugm-3 (FIDAS),16,V ugm-3 (Ref.eq),12,V ugm-3 (FIDAS),11,V ugm-3 (FIDAS),,,,,17,V ugm-3 (Ref.eq),12,V ugm-3 (FIDAS),9,V ugm-3 (FIDAS),,
22-06-2024,9,V ugm-3 (FIDAS),,,6,V ugm-3 (FIDAS),6,V ugm-3 (FIDAS),7,V ugm-3 (FIDAS),13,V ugm-3 (Ref.eq),7,V ugm-3 (FIDAS),7,V ugm-3 (FIDAS),,,,,11,V ugm-3 (Ref.eq),8,V ugm-3 (FIDAS),6,V ugm-3 (FIDAS),,
23-06-2024,8,V ugm-3 (FIDAS),,,5,V ugm-3 (FIDAS),6,V ugm-3 (FIDAS),5,V ugm-3 (FIDAS),9,V ugm-3 (Ref.eq),5,V ugm-3 (FIDAS),5,V ugm-3 (FIDAS),,,,,9,V ugm-3 (Ref.eq),6,V ugm-3 (FIDAS),4,V ugm-3 (FIDAS),,
24-06-2024,16,V ugm-3 (FIDAS),,,9,V ugm-3 (FIDAS),12,V ugm-3 (FIDAS),9,V ugm-3 (FIDAS),14,V ugm-3 (Ref.eq),7,V ugm-3 (FIDAS),8,V ugm-3 (FIDAS),,,,,17,V ugm-3 (Ref.eq),11,V ugm-3 (FIDAS),7,V ugm-3 (FIDAS),,
25-06-2024,14,V ugm-3 (FIDAS),,,13,V ugm-3 (FIDAS),11,V ugm-3 (FIDAS),12,V ugm-3 (FIDAS),16,V ugm-3 (Ref.eq),11,V ugm-3 (FIDAS),12,V ugm-3 (FIDAS),,,,,20,V ugm-3 (Ref.eq),19,V ugm-3 (FIDAS),14,V ugm-3 (FIDAS),,
26-06-2024,22,V ugm-3 (FIDAS),,,19,V ugm-3 (FIDAS),15,V ugm-3 (FIDAS),17,V ugm-3 (FIDAS),22,V ugm-3 (Ref.eq),16,V ugm-3 (FIDAS),16,V ugm-3 (FIDAS),,,,,26,V ugm-3 (Ref.eq),20,V ugm-3 (FIDAS),18,V ugm-3 (FIDAS),,
27-06-2024,21,V ugm-3 (FIDAS),,,9,V ugm-3 (FIDAS),11,V ugm-3 (FIDAS),12,V ugm-3 (FIDAS),16,V ugm-3 (Ref.eq),14,V ugm-3 (FIDAS),13,V ugm-3 (FIDAS),,,,,13,V ugm-3 (Ref.eq),10,V ugm-3 (FIDAS),10,V ugm-3 (FIDAS),,
28-06-2024,16,V ugm-3 (FIDAS),,,7,V ugm-3 (FIDAS),6,V ugm-3 (FIDAS),8,V ugm-3 (FIDAS),13,V ugm-3 (Ref.eq),8,V ugm-3 (FIDAS),8,V ugm-3 (FIDAS),,,,,11,V ugm-3 (Ref.eq),7,V ugm-3 (FIDAS),7,V ugm-3 (FIDAS),,
29-06-2024,11,V ugm-3 (FIDAS),,,8,V ugm-3 (FIDAS),8,V ugm-3 (FIDAS),8,V ugm-3 (FIDAS),12,V ugm-3 (Ref.eq),10,V ugm-3 (FIDAS),10,V ugm-3 (FIDAS),,,,,12,V ugm-3 (Ref.eq),8,V ugm-3 (FIDAS),7,V ugm-3 (FIDAS),,
30-06-2024,11,V ugm-3 (FIDAS),,,10,V ugm-3 (FIDAS),9,V ugm-3 (FIDAS),9,V ugm-3 (FIDAS),12,V ugm-3 (Ref.eq),10,V ugm-3 (FIDAS),9,V ugm-3 (FIDAS),,,,,13,V ugm-3 (Ref.eq),12,V ugm-3 (FIDAS),10,V ugm-3 (FIDAS),,
01-07-2024,13,V ugm-3 (FIDAS),,,7,V ugm-3 (FIDAS),6,V ugm-3 (FIDAS),7,V ugm-3 (FIDAS),12,V ugm-3 (Ref.eq),7,V ugm-3 (FIDAS),7,V ugm-3 (FIDAS),,,,,12,V ugm-3 (Ref.eq),8,V ugm-3 (FIDAS),6,V ugm-3 (FIDAS),,
02-07-2024,18,V ugm-3 (FIDAS),,,15,V ugm-3 (FIDAS),11,V ugm-3 (FIDAS),13,V ugm-3 (FIDAS),16,V ugm-3 (Ref.eq),14,V ugm-3 (FIDAS),13,V ugm-3 (FIDAS),,,,,19,V ugm-3 (Ref.eq),16,V ugm-3 (FIDAS),13,V ugm-3 (FIDAS),,
03-07-2024,11,V ugm-3 (FIDAS),,,4,V ugm-3 (FIDAS),5,V ugm-3 (FIDAS),6,V ugm-3 (FIDAS),11,V ugm-3 (Ref.eq),5,V ugm-3 (FIDAS),6,V ugm-3 (FIDAS),,,,,12,V ugm-3 (Ref.eq),6,V ugm-3 (FIDAS),5,V ugm-3 (FIDAS),,
04-07-2024,15,V ugm-3 (FIDAS),,,10,V ugm-3 (FIDAS),10,V ugm-3 (FIDAS),11,V ugm-3 (FIDAS),13,V ugm-3 (Ref.eq),10,V ugm-3 (FIDAS),10,V ugm-3 (FIDAS),,,,,15,V ugm-3 (Ref.eq),12,V ugm-3 (FIDAS),11,V ugm-3 (FIDAS),,
05-07-2024,15,V ugm-3 (FIDAS),,,6,V ugm-3 (FIDAS),7,V ugm-3 (FIDAS),7,V ugm-3 (FIDAS),9,V ugm-3 (Ref.eq),5,V ugm-3 (FIDAS),5,V ugm-3 (FIDAS),,,,,12,V ugm-3 (Ref.eq),9,V ugm-3 (FIDAS),7,V ugm-3 (FIDAS),,
06-07-2024,8,V ugm-3 (FIDAS),,,5,V ugm-3 (FIDAS),6,V ugm-3 (FIDAS),7,V ugm-3 (FIDAS),13,V ugm-3 (Ref.eq),6,V ugm-3 (FIDAS),6,V ugm-3 (FIDAS),,,,,10,V ugm-3 (Ref.eq),7,V ugm-3 (FIDAS),6,V ugm-3 (FIDAS),,
07-07-2024,7,V ugm-3 (FIDAS),,,5,V ugm-3 (FIDAS),4,V ugm-3 (FIDAS),6,V ugm-3 (FIDAS),8,V ugm-3 (Ref.eq),5,V ugm-3 (FIDAS),4,V ugm-3 (FIDAS),,,,,7,V ugm-3 (Ref.eq),5,V ugm-3 (FIDAS),4,V ugm-3 (FIDAS),,
08-07-2024,12,V ugm-3 (FIDAS),,,5,V ugm-3 (FIDAS),7,V ugm-3 (FIDAS),6,V ugm-3 (FIDAS),10,V ugm-3 (Ref.eq),6,V ugm-3 (FIDAS),6,V ugm-3 (FIDAS),,,,,13,V ugm-3 (Ref.eq),7,V ugm-3 (FIDAS),5,V ugm-3 (FIDAS),,
09-07-2024,8,V ugm-3 (FIDAS),,,4,V ugm-3 (FIDAS),5,V ugm-3 (FIDAS),5,V ugm-3 (FIDAS),10,V ugm-3 (Ref.eq),5,V ugm-3 (FIDAS),6,V ugm-3 (FIDAS),,,,,10,V ugm-3 (Ref.eq),4,V ugm-3 (FIDAS),4,V ugm-3 (FIDAS),,
10-07-2024,10,V ugm-3 (FIDAS),,,No data,V ugm-3 (FIDAS),3,V ugm-3 (FIDAS),5,V ugm-3 (FIDAS),8,V ugm-3 (Ref.eq),4,V ugm-3 (FIDAS),4,V ugm-3 (FIDAS),,,,,No data,V ugm-3 (Ref.eq),4,V ugm-3 (FIDAS),3,V ugm-3 (FIDAS),,
11-07-2024,11,V ugm-3 (FIDAS),,,No data,V ugm-3 (FIDAS),4,V ugm-3 (FIDAS),6,V ugm-3 (FIDAS),9,V ugm-3 (Ref.eq),5,V ugm-3 (FIDAS),5,V ugm-3 (FIDAS),,,,,8,V ugm-3 (Ref.eq),4,V ugm-3 (FIDAS),4,V ugm-3 (FIDAS),,
12-07-2024,11,V ugm-3 (FIDAS),,,9,V ugm-3 (FIDAS),8,V ugm-3 (FIDAS),9,V ugm-3 (FIDAS),12,V ugm-3 (Ref.eq),10,V ugm-3 (FIDAS),9,V ugm-3 (FIDAS),,,,,12,V ugm-3 (Ref.eq),9,V ugm-3 (FIDAS),9,V ugm-3 (FIDAS),,
13-07-2024,10,V ugm-3 (FIDAS),,,8,V ugm-3 (FIDAS),7,V ugm-3 (FIDAS),9,V ugm-3 (FIDAS),11,V ugm-3 (Ref.eq),8,V ugm-3 (FIDAS),7,V ugm-3 (FIDAS),,,,,12,V ugm-3 (Ref.eq),9,V ugm-3 (FIDAS),7,V ugm-3 (FIDAS),,
14-07-2024,8,V ugm-3 (FIDAS),,,7,V ugm-3 (FIDAS),6,V ugm-3 (FIDAS),7,V ugm-3 (FIDAS),11,V ugm-3 (Ref.eq),7,V ugm-3 (FIDAS),7,V ugm-3 (FIDAS),,,,,8,V ugm-3 (Ref.eq),6,V ugm-3 (FIDAS),6,V ugm-3 (FIDAS),,
15-07-2024,17,V ugm-3 (FIDAS),,,13,V ugm-3 (FIDAS),9,V ugm-3 (FIDAS),9,V ugm-3 (FIDAS),12,V ugm-3 (Ref.eq),9,V ugm-3 (FIDAS),9,V ugm-3 (FIDAS),,,,,13,V ugm-3 (Ref.eq),9,V ugm-3 (FIDAS),9,V ugm-3 (FIDAS),,
16-07-2024,12,V ugm-3 (FIDAS),,,9,V ugm-3 (FIDAS),8,V ugm-3 (FIDAS),9,V ugm-3 (FIDAS),13,V ugm-3 (Ref.eq),9,V ugm-3 (FIDAS),8,V ugm-3 (FIDAS),,,,,12,V ugm-3 (Ref.eq),8,V ugm-3 (FIDAS),7,V ugm-3 (FIDAS),,
17-07-2024,18,V ugm-3 (FIDAS),,,9,V ugm-3 (FIDAS),10,V ugm-3 (FIDAS),9,V ugm-3 (FIDAS),13,V ugm-3 (Ref.eq),9,V ugm-3 (FIDAS),8,V ugm-3 (FIDAS),,,,,15,V ugm-3 (Ref.eq),11,V ugm-3 (FIDAS),8,V ugm-3 (FIDAS),,
18-07-2024,21,V ugm-3 (FIDAS),,,10,V ugm-3 (FIDAS),11,V ugm-3 (FIDAS),10,V ugm-3 (FIDAS),13,V ugm-3 (Ref.eq),9,V ugm-3 (FIDAS),9,V ugm-3 (FIDAS),,,,,16,V ugm-3 (Ref.eq),12,V ugm-3 (FIDAS),11,V ugm-3 (FIDAS),,
19-07-2024,24,V ugm-3 (FIDAS),,,13,V ugm-3 (FIDAS),14,V ugm-3 (FIDAS),13,V ugm-3 (FIDAS),19,V ugm-3 (Ref.eq),14,V ugm-3 (FIDAS),13,V ugm-3 (FIDAS),,,,,18,V ugm-3 (Ref.eq),13,V ugm-3 (FIDAS),11,V ugm-3 (FIDAS),,
20-07-2024,8,V ugm-3 (FIDAS),,,4,V ugm-3 (FIDAS),6,V ugm-3 (FIDAS),5,V ugm-3 (FIDAS),9,V ugm-3 (Ref.eq),6,V ugm-3 (FIDAS),6,V ugm-3 (FIDAS),,,,,9,V ugm-3 (Ref.eq),5,V ugm-3 (FIDAS),5,V ugm-3 (FIDAS),,
21-07-2024,7,V ugm-3 (FIDAS),,,5,V ugm-3 (FIDAS),7,V ugm-3 (FIDAS),6,V ugm-3 (FIDAS),10,V ugm-3 (Ref.eq),6,V ugm-3 (FIDAS),5,V ugm-3 (FIDAS),,,,,8,V ugm-3 (Ref.eq),6,V ugm-3 (FIDAS),5,V ugm-3 (FIDAS),,
22-07-2024,13,V ugm-3 (FIDAS),,,5,V ugm-3 (FIDAS),6,V ugm-3 (FIDAS),6,V ugm-3 (FIDAS),9,V ugm-3 (Ref.eq),6,V ugm-3 (FIDAS),6,V ugm-3 (FIDAS),,,,,9,V ugm-3 (Ref.eq),5,V ugm-3 (FIDAS),5,V ugm-3 (FIDAS),,
23-07-2024,8,V ugm-3 (FIDAS),,,6,V ugm-3 (FIDAS),7,V ugm-3 (FIDAS),6,V ugm-3 (FIDAS),11,V ugm-3 (Ref.eq),7,V ugm-3 (FIDAS),7,V ugm-3 (FIDAS),,,,,10,V ugm-3 (Ref.eq),8,V ugm-3 (FIDAS),5,V ugm-3 (FIDAS),,
24-07-2024,17,V ugm-3 (FIDAS),,,8,V ugm-3 (FIDAS),9,V ugm-3 (FIDAS),8,V ugm-3 (FIDAS),12,V ugm-3 (Ref.eq),9,V ugm-3 (FIDAS),8,V ugm-3 (FIDAS),,,,,15,V ugm-3 (Ref.eq),9,V ugm-3 (FIDAS),5,V ugm-3 (FIDAS),,
25-07-2024,17,V ugm-3 (FIDAS),,,4,V ugm-3 (FIDAS),6,V ugm-3 (FIDAS),4,V ugm-3 (FIDAS),7,V ugm-3 (Ref.eq),4,V ugm-3 (FIDAS),4,V ugm-3 (FIDAS),,,,,7,V ugm-3 (Ref.eq),5,V ugm-3 (FIDAS),4,V ugm-3 (FIDAS),,
26-07-2024,19,V ugm-3 (FIDAS),,,8,V ugm-3 (FIDAS),8,V ugm-3 (FIDAS),8,V ugm-3 (FIDAS),12,V ugm-3 (Ref.eq),8,V ugm-3 (FIDAS),7,V ugm-3 (FIDAS),,,,,11,V ugm-3 (Ref.eq),8,V ugm-3 (FIDAS),7,V ugm-3 (FIDAS),,
27-07-2024,12,V ugm-3 (FIDAS),,,8,V ugm-3 (FIDAS),8,V ugm-3 (FIDAS),7,V ugm-3 (FIDAS),14,V ugm-3 (Ref.eq),7,V ugm-3 (FIDAS),7,V ugm-3 (FIDAS),,,,,12,V ugm-3 (Ref.eq),9,V ugm-3 (FIDAS),6,V ugm-3 (FIDAS),,
28-07-2024,12,V ugm-3 (FIDAS),,,9,V ugm-3 (FIDAS),12,V ugm-3 (FIDAS),9,V ugm-3 (FIDAS),15,V ugm-3 (Ref.eq),8,V ugm-3 (FIDAS),8,V ugm-3 (FIDAS),,,,,14,V ugm-3 (Ref.eq),10,V ugm-3 (FIDAS),7,V ugm-3 (FIDAS),,
29-07-2024,18,V ugm-3 (FIDAS),,,12,V ugm-3 (FIDAS),14,V ugm-3 (FIDAS),12,V ugm-3 (FIDAS),19,V ugm-3 (Ref.eq),11,V ugm-3 (FIDAS),11,V ugm-3 (FIDAS),,,,,18,V ugm-3 (Ref.eq),13,V ugm-3 (FIDAS),10,V ugm-3 (FIDAS),,
30-07-2024,15,V ugm-3 (FIDAS),,,15,V ugm-3 (FIDAS),13,V ugm-3 (FIDAS),16,V ugm-3 (FIDAS),23,V ugm-3 (Ref.eq),18,V ugm-3 (FIDAS),17,V ugm-3 (FIDAS),,,,,13,V ugm-3 (Ref.eq),11,V ugm-3 (FIDAS),10,V ugm-3 (FIDAS),,
31-07-2024,19,V ugm-3 (FIDAS),,,18,V ugm-3 (FIDAS),16,V ugm-3 (FIDAS),17,V ugm-3 (FIDAS),21,V ugm-3 (Ref.eq),17,V ugm-3 (FIDAS),16,V ugm-3 (FIDAS),,,,,22,V ugm-3 (Ref.eq),17,V ugm-3 (FIDAS),15,V ugm-3 (FIDAS),,
01-08-2024,20,V ugm-3 (FIDAS),,,19,V ugm-3 (FIDAS),16,V ugm-3 (FIDAS),17,V ugm-3 (FIDAS),20,V ugm-3 (Ref.eq),16,V ugm-3 (FIDAS),16,V ugm-3 (FIDAS),,,,,20,V ugm-3 (Ref.eq),16,V ugm-3 (FIDAS),16,V ugm-3 (FIDAS),,
02-08-2024,21,V ugm-3 (FIDAS),,,13,V ugm-3 (FIDAS),13,V ugm-3 (FIDAS),13,V ugm-3 (FIDAS),18,V ugm-3 (Ref.eq),14,V ugm-3 (FIDAS),14,V ugm-3 (FIDAS),,,,,15,V ugm-3 (Ref.eq),12,V ugm-3 (FIDAS),9,V ugm-3 (FIDAS),,
03-08-2024,11,V ugm-3 (FIDAS),,,10,V ugm-3 (FIDAS),11,V ugm-3 (FIDAS),10,V ugm-3 (FIDAS),19,V ugm-3 (Ref.eq),10,V ugm-3 (FIDAS),10,V ugm-3 (FIDAS),,,,,16,V ugm-3 (Ref.eq),12,V ugm-3 (FIDAS),10,V ugm-3 (FIDAS),,
04-08-2024,12,V ugm-3 (FIDAS),,,9,V ugm-3 (FIDAS),10,V ugm-3 (FIDAS),9,V ugm-3 (FIDAS),14,V ugm-3 (Ref.eq),10,V ugm-3 (FIDAS),9,V ugm-3 (FIDAS),,,,,13,V ugm-3 (Ref.eq),10,V ugm-3 (FIDAS),9,V ugm-3 (FIDAS),,
05-08-2024,25,V ugm-3 (FIDAS),,,9,V ugm-3 (FIDAS),10,V ugm-3 (FIDAS),9,V ugm-3 (FIDAS),14,V ugm-3 (Ref.eq),8,V ugm-3 (FIDAS),9,V ugm-3 (FIDAS),,,,,13,V ugm-3 (Ref.eq),9,V ugm-3 (FIDAS),8,V ugm-3 (FIDAS),,
06-08-2024,13,V ugm-3 (FIDAS),,,7,V ugm-3 (FIDAS),7,V ugm-3 (FIDAS),7,V ugm-3 (FIDAS),12,V ugm-3 (Ref.eq),7,V ugm-3 (FIDAS),8,V ugm-3 (FIDAS),,,,,11,V ugm-3 (Ref.eq),7,V ugm-3 (FIDAS),7,V ugm-3 (FIDAS),,
07-08-2024,17,V ugm-3 (FIDAS),,,9,V ugm-3 (FIDAS),11,V ugm-3 (FIDAS),10,V ugm-3 (FIDAS),No data,V ugm-3 (Ref.eq),11,V ugm-3 (FIDAS),10,V ugm-3 (FIDAS),,,,,13,V ugm-3 (Ref.eq),10,V ugm-3 (FIDAS),10,V ugm-3 (FIDAS),,
08-08-2024,13,V ugm-3 (FIDAS),,,6,V ugm-3 (FIDAS),7,V ugm-3 (FIDAS),7,V ugm-3 (FIDAS),No data,V ugm-3 (Ref.eq),7,V ugm-3 (FIDAS),7,V ugm-3 (FIDAS),,,,,11,V ugm-3 (Ref.eq),7,V ugm-3 (FIDAS),5,V ugm-3 (FIDAS),,
09-08-2024,9,V ugm-3 (FIDAS),,,7,V ugm-3 (FIDAS),6,V ugm-3 (FIDAS),6,V ugm-3 (FIDAS),No data,V ugm-3 (Ref.eq),6,V ugm-3 (FIDAS),5,V ugm-3 (FIDAS),,,,,11,V ugm-3 (Ref.eq),7,V ugm-3 (FIDAS),7,V ugm-3 (FIDAS),,
10-08-2024,11,V ugm-3 (FIDAS),,,10,V ugm-3 (FIDAS),9,V ugm-3 (FIDAS),9,V ugm-3 (FIDAS),No data,V ugm-3 (Ref.eq),9,V ugm-3 (FIDAS),9,V ugm-3 (FIDAS),,,,,12,V ugm-3 (Ref.eq),9,V ugm-3 (FIDAS),7,V ugm-3 (FIDAS),,
11-08-2024,13,V ugm-3 (FIDAS),,,12,V ugm-3 (FIDAS),11,V ugm-3 (FIDAS),10,V ugm-3 (FIDAS),No data,V ugm-3 (Ref.eq),10,V ugm-3 (FIDAS),10,V ugm-3 (FIDAS),,,,,15,V ugm-3 (Ref.eq),10,V ugm-3 (FIDAS),10,V ugm-3 (FIDAS),,
12-08-2024,18,V ugm-3 (FIDAS),,,12,V ugm-3 (FIDAS),12,V ugm-3 (FIDAS),13,V ugm-3 (FIDAS),No data,V ugm-3 (Ref.eq),13,V ugm-3 (FIDAS),13,V ugm-3 (FIDAS),,,,,16,V ugm-3 (Ref.eq),13,V ugm-3 (FIDAS),10,V ugm-3 (FIDAS),,
13-08-2024,21,V ugm-3 (FIDAS),,,9,V ugm-3 (FIDAS),9,V ugm-3 (FIDAS),10,V ugm-3 (FIDAS),13,V ugm-3 (Ref.eq),9,V ugm-3 (FIDAS),9,V ugm-3 (FIDAS),,,,,15,V ugm-3 (Ref.eq),10,V ugm-3 (FIDAS),8,V ugm-3 (FIDAS),,
14-08-2024,12,V ugm-3 (FIDAS),,,10,V ugm-3 (FIDAS),8,V ugm-3 (FIDAS),10,V ugm-3 (FIDAS),12,V ugm-3 (Ref.eq),9,V ugm-3 (FIDAS),9,V ugm-3 (FIDAS),,,,,18,V ugm-3 (Ref.eq),12,V ugm-3 (FIDAS),10,V ugm-3 (FIDAS),,
15-08-2024,20,V ugm-3 (FIDAS),,,7,V ugm-3 (FIDAS),9,V ugm-3 (FIDAS),9,V ugm-3 (FIDAS),12,V ugm-3 (Ref.eq),8,V ugm-3 (FIDAS),8,V ugm-3 (FIDAS),,,,,10,V ugm-3 (Ref.eq),6,V ugm-3 (FIDAS),5,V ugm-3 (FIDAS),,
16-08-2024,12,V ugm-3 (FIDAS),,,10,V ugm-3 (FIDAS),9,V ugm-3 (FIDAS),9,V ugm-3 (FIDAS),12,V ugm-3 (Ref.eq),8,V ugm-3 (FIDAS),8,V ugm-3 (FIDAS),,,,,13,V ugm-3 (Ref.eq),10,V ugm-3 (FIDAS),7,V ugm-3 (FIDAS),,
17-08-2024,10,V ugm-3 (FIDAS),,,8,V ugm-3 (FIDAS),9,V ugm-3 (FIDAS),7,V ugm-3 (FIDAS),10,V ugm-3 (Ref.eq),7,V ugm-3 (FIDAS),7,V ugm-3 (FIDAS),,,,,12,V ugm-3 (Ref.eq),9,V ugm-3 (FIDAS),8,V ugm-3 (FIDAS),,
18-08-2024,16,V ugm-3 (FIDAS),,,14,V ugm-3 (FIDAS),15,V ugm-3 (FIDAS),14,V ugm-3 (FIDAS),17,V ugm-3 (Ref.eq),14,V ugm-3 (FIDAS),14,V ugm-3 (FIDAS),,,,,15,V ugm-3 (Ref.eq),16,V ugm-3 (FIDAS),15,V ugm-3 (FIDAS),,
19-08-2024,35,V ugm-3 (FIDAS),,,21,V ugm-3 (FIDAS),25,V ugm-3 (FIDAS),21,V ugm-3 (FIDAS),21,V ugm-3 (Ref.eq),21,V ugm-3 (FIDAS),22,V ugm-3 (FIDAS),,,,,No data,V ugm-3 (Ref.eq),21,V ugm-3 (FIDAS),19,V ugm-3 (FIDAS),,
20-08-2024,9,V ugm-3 (FIDAS),,,6,V ugm-3 (FIDAS),7,V ugm-3 (FIDAS),6,V ugm-3 (FIDAS),9,V ugm-3 (Ref.eq),6,V ugm-3 (FIDAS),6,V ugm-3 (FIDAS),,,,,No data,V ugm-3 (Ref.eq),8,V ugm-3 (FIDAS),7,V ugm-3 (FIDAS),,
21-08-2024,18,V ugm-3 (FIDAS),,,9,V ugm-3 (FIDAS),10,V ugm-3 (FIDAS),10,V ugm-3 (FIDAS),14,V ugm-3 (Ref.eq),11,V ugm-3 (FIDAS),10,V ugm-3 (FIDAS),,,,,No data,V ugm-3 (Ref.eq),9,V ugm-3 (FIDAS),8,V ugm-3 (FIDAS),,
22-08-2024,18,V ugm-3 (FIDAS),,,8,V ugm-3 (FIDAS),9,V ugm-3 (FIDAS),9,V ugm-3 (FIDAS),13,V ugm-3 (Ref.eq),9,V ugm-3 (FIDAS),9,V ugm-3 (FIDAS),,,,,No data,V ugm-3 (Ref.eq),9,V ugm-3 (FIDAS),7,V ugm-3 (FIDAS),,
23-08-2024,10,V ugm-3 (FIDAS),,,8,V ugm-3 (FIDAS),8,V ugm-3 (FIDAS),8,V ugm-3 (FIDAS),11,V ugm-3 (Ref.eq),7,V ugm-3 (FIDAS),8,V ugm-3 (FIDAS),,,,,7,V ugm-3 (Ref.eq),8,V ugm-3 (FIDAS),7,V ugm-3 (FIDAS),,
24-08-2024,7,V ugm-3 (FIDAS),,,5,V ugm-3 (FIDAS),7,V ugm-3 (FIDAS),6,V ugm-3 (FIDAS),10,V ugm-3 (Ref.eq),6,V ugm-3 (FIDAS),6,V ugm-3 (FIDAS),,,,,8,V ugm-3 (Ref.eq),6,V ugm-3 (FIDAS),6,V ugm-3 (FIDAS),,
25-08-2024,11,V ugm-3 (FIDAS),,,8,V ugm-3 (FIDAS),9,V ugm-3 (FIDAS),9,V ugm-3 (FIDAS),12,V ugm-3 (Ref.eq),8,V ugm-3 (FIDAS),8,V ugm-3 (FIDAS),,,,,9,V ugm-3 (Ref.eq),11,V ugm-3 (FIDAS),10,V ugm-3 (FIDAS),,
26-08-2024,23,V ugm-3 (FIDAS),,,21,V ugm-3 (FIDAS),24,V ugm-3 (FIDAS),19,V ugm-3 (FIDAS),21,V ugm-3 (Ref.eq),19,V ugm-3 (FIDAS),19,V ugm-3 (FIDAS),,,,,23,V ugm-3 (Ref.eq),23,V ugm-3 (FIDAS),22,V ugm-3 (FIDAS),,
27-08-2024,22,V ugm-3 (FIDAS),,,11,V ugm-3 (FIDAS),14,V ugm-3 (FIDAS),13,V ugm-3 (FIDAS),17,V ugm-3 (Ref.eq),12,V ugm-3 (FIDAS),12,V ugm-3 (FIDAS),,,,,15,V ugm-3 (Ref.eq),11,V ugm-3 (FIDAS),9,V ugm-3 (FIDAS),,
28-08-2024,18,V ugm-3 (FIDAS),,,13,V ugm-3 (FIDAS),16,V ugm-3 (FIDAS),14,V ugm-3 (FIDAS),19,V ugm-3 (Ref.eq),13,V ugm-3 (FIDAS),13,V ugm-3 (FIDAS),,,,,17,V ugm-3 (Ref.eq),13,V ugm-3 (FIDAS),11,V ugm-3 (FIDAS),,
29-08-2024,18,V ugm-3 (FIDAS),,,14,V ugm-3 (FIDAS),14,V ugm-3 (FIDAS),14,V ugm-3 (FIDAS),20,V ugm-3 (Ref.eq),15,V ugm-3 (FIDAS),15,V ugm-3 (FIDAS),,,,,15,V ugm-3 (Ref.eq),13,V ugm-3 (FIDAS),12,V ugm-3 (FIDAS),,
30-08-2024,18,V ugm-3 (FIDAS),,,14,V ugm-3 (FIDAS),15,V ugm-3 (FIDAS),15,V ugm-3 (FIDAS),17,V ugm-3 (Ref.eq),17,V ugm-3 (FIDAS),16,V ugm-3 (FIDAS),,,,,18,V ugm-3 (Ref.eq),16,V ugm-3 (FIDAS),13,V ugm-3 (FIDAS),,
31-08-2024,23,V ugm-3 (FIDAS),,,21,V ugm-3 (FIDAS),20,V ugm-3 (FIDAS),20,V ugm-3 (FIDAS),22,V ugm-3 (Ref.eq),20,V ugm-3 (FIDAS),20,V ugm-3 (FIDAS),,,,,20,V ugm-3 (Ref.eq),18,V ugm-3 (FIDAS),20,V ugm-3 (FIDAS),,
01-09-2024,24,V ugm-3 (FIDAS),,,24,V ugm-3 (FIDAS),21,V ugm-3 (FIDAS),22,V ugm-3 (FIDAS),28,V ugm-3 (Ref.eq),21,V ugm-3 (FIDAS),20,V ugm-3 (FIDAS),,,,,22,V ugm-3 (Ref.eq),17,V ugm-3 (FIDAS),22,V ugm-3 (FIDAS),,
02-09-2024,21,V ugm-3 (FIDAS),,,17,V ugm-3 (FIDAS),21,V ugm-3 (FIDAS),16,V ugm-3 (FIDAS),21,V ugm-3 (Ref.eq),14,V ugm-3 (FIDAS),14,V ugm-3 (FIDAS),,,,,19,V ugm-3 (Ref.eq),16,V ugm-3 (FIDAS),18,V ugm-3 (FIDAS),,
03-09-2024,11,V ugm-3 (FIDAS),,,10,V ugm-3 (FIDAS),10,V ugm-3 (FIDAS),11,V ugm-3 (FIDAS),15,V ugm-3 (Ref.eq),9,V ugm-3 (FIDAS),9,V ugm-3 (FIDAS),,,,,14,V ugm-3 (Ref.eq),13,V ugm-3 (FIDAS),10,V ugm-3 (FIDAS),,
04-09-2024,14,V ugm-3 (FIDAS),,,11,V ugm-3 (FIDAS),10,V ugm-3 (FIDAS),10,V ugm-3 (FIDAS),15,V ugm-3 (Ref.eq),10,V ugm-3 (FIDAS),10,V ugm-3 (FIDAS),,,,,14,V ugm-3 (Ref.eq),11,V ugm-3 (FIDAS),9,V ugm-3 (FIDAS),,
05-09-2024,19,V ugm-3 (FIDAS),,,16,V ugm-3 (FIDAS),13,V ugm-3 (FIDAS),18,V ugm-3 (FIDAS),21,V ugm-3 (Ref.eq),18,V ugm-3 (FIDAS),18,V ugm-3 (FIDAS),,,,,14,V ugm-3 (Ref.eq),11,V ugm-3 (FIDAS),13,V ugm-3 (FIDAS),,
06-09-2024,56,V ugm-3 (FIDAS),,,56,V ugm-3 (FIDAS),45,V ugm-3 (FIDAS),52,V ugm-3 (FIDAS),56,V ugm-3 (Ref.eq),53,V ugm-3 (FIDAS),51,V ugm-3 (FIDAS),,,,,49,V ugm-3 (Ref.eq),42,V ugm-3 (FIDAS),44,V ugm-3 (FIDAS),,
07-09-2024,30,V ugm-3 (FIDAS),,,30,V ugm-3 (FIDAS),29,V ugm-3 (FIDAS),37,V ugm-3 (FIDAS),35,V ugm-3 (Ref.eq),38,V ugm-3 (FIDAS),35,V ugm-3 (FIDAS),,,,,27,V ugm-3 (Ref.eq),24,V ugm-3 (FIDAS),28,V ugm-3 (FIDAS),,
08-09-2024,12,V ugm-3 (FIDAS),,,11,V ugm-3 (FIDAS),13,V ugm-3 (FIDAS),9,V ugm-3 (FIDAS),12,V ugm-3 (Ref.eq),10,V ugm-3 (FIDAS),9,V ugm-3 (FIDAS),,,,,13,V ugm-3 (Ref.eq),10,V ugm-3 (FIDAS),6,V ugm-3 (FIDAS),,
09-09-2024,15,V ugm-3 (FIDAS),,,14,V ugm-3 (FIDAS),13,V ugm-3 (FIDAS),12,V ugm-3 (FIDAS),18,V ugm-3 (Ref.eq),14,V ugm-3 (FIDAS),13,V ugm-3 (FIDAS),,,,,17,V ugm-3 (Ref.eq),16,V ugm-3 (FIDAS),13,V ugm-3 (FIDAS),,
10-09-2024,13,V ugm-3 (FIDAS),,,10,V ugm-3 (FIDAS),10,V ugm-3 (FIDAS),10,V ugm-3 (FIDAS),15,V ugm-3 (Ref.eq),10,V ugm-3 (FIDAS),10,V ugm-3 (FIDAS),,,,,13,V ugm-3 (Ref.eq),8,V ugm-3 (FIDAS),9,V ugm-3 (FIDAS),,
11-09-2024,8,V ugm-3 (FIDAS),,,6,V ugm-3 (FIDAS),5,V ugm-3 (FIDAS),6,V ugm-3 (FIDAS),11,V ugm-3 (Ref.eq),6,V ugm-3 (FIDAS),6,V ugm-3 (FIDAS),,,,,10,V ugm-3 (Ref.eq),6,V ugm-3 (FIDAS),6,V ugm-3 (FIDAS),,
12-09-2024,7,V ugm-3 (FIDAS),6,V ugm-3 (FIDAS),5,V ugm-3 (FIDAS),5,V ugm-3 (FIDAS),4,V ugm-3 (FIDAS),10,V ugm-3 (Ref.eq),5,V ugm-3 (FIDAS),5,V ugm-3 (FIDAS),,,,,10,V ugm-3 (Ref.eq),5,V ugm-3 (FIDAS),4,V ugm-3 (FIDAS),,
13-09-2024,16,V ugm-3 (FIDAS),8,V ugm-3 (FIDAS),9,V ugm-3 (FIDAS),11,V ugm-3 (FIDAS),10,V ugm-3 (FIDAS),18,V ugm-3 (Ref.eq),9,V ugm-3 (FIDAS),8,V ugm-3 (FIDAS),,,,,14,V ugm-3 (Ref.eq),9,V ugm-3 (FIDAS),6,V ugm-3 (FIDAS),,
14-09-2024,14,V ugm-3 (FIDAS),10,V ugm-3 (FIDAS),8,V ugm-3 (FIDAS),9,V ugm-3 (FIDAS),9,V ugm-3 (FIDAS),14,V ugm-3 (Ref.eq),8,V ugm-3 (FIDAS),7,V ugm-3 (FIDAS),,,,,11,V ugm-3 (Ref.eq),8,V ugm-3 (FIDAS),7,V ugm-3 (FIDAS),,
15-09-2024,11,V ugm-3 (FIDAS),9,V ugm-3 (FIDAS),7,V ugm-3 (FIDAS),8,V ugm-3 (FIDAS),8,V ugm-3 (FIDAS),15,V ugm-3 (Ref.eq),8,V ugm-3 (FIDAS),7,V ugm-3 (FIDAS),,,,,11,V ugm-3 (Ref.eq),6,V ugm-3 (FIDAS),5,V ugm-3 (FIDAS),,
16-09-2024,12,V ugm-3 (FIDAS),11,V ugm-3 (FIDAS),10,V ugm-3 (FIDAS),10,V ugm-3 (FIDAS),8,V ugm-3 (FIDAS),10,V ugm-3 (Ref.eq),8,V ugm-3 (FIDAS),7,V ugm-3 (FIDAS),,,,,15,V ugm-3 (Ref.eq),9,V ugm-3 (FIDAS),8,V ugm-3 (FIDAS),,
17-09-2024,14,V ugm-3 (FIDAS),10,V ugm-3 (FIDAS),10,V ugm-3 (FIDAS),9,V ugm-3 (FIDAS),8,V ugm-3 (FIDAS),9,V ugm-3 (Ref.eq),8,V ugm-3 (FIDAS),7,V ugm-3 (FIDAS),,,,,16,V ugm-3 (Ref.eq),7,V ugm-3 (FIDAS),9,V ugm-3 (FIDAS),,
18-09-2024,17,V ugm-3 (FIDAS),15,V ugm-3 (FIDAS),15,V ugm-3 (FIDAS),13,V ugm-3 (FIDAS),14,V ugm-3 (FIDAS),17,V ugm-3 (Ref.eq),14,V ugm-3 (FIDAS),14,V ugm-3 (FIDAS),,,,,16,V ugm-3 (Ref.eq),11,V ugm-3 (FIDAS),13,V ugm-3 (FIDAS),,
19-09-2024,32,V ugm-3 (FIDAS),30,V ugm-3 (FIDAS),33,V ugm-3 (FIDAS),23,V ugm-3 (FIDAS),28,V ugm-3 (FIDAS),29,V ugm-3 (Ref.eq),28,V ugm-3 (FIDAS),28,V ugm-3 (FIDAS),,,,,26,V ugm-3 (Ref.eq),21,V ugm-3 (FIDAS),23,V ugm-3 (FIDAS),,
20-09-2024,40,V ugm-3 (FIDAS),37,V ugm-3 (FIDAS),38,V ugm-3 (FIDAS),32,V ugm-3 (FIDAS),35,V ugm-3 (FIDAS),35,V ugm-3 (Ref.eq),36,V ugm-3 (FIDAS),35,V ugm-3 (FIDAS),,,,,32,V ugm-3 (Ref.eq),31,V ugm-3 (FIDAS),30,V ugm-3 (FIDAS),,
21-09-2024,32,V ugm-3 (FIDAS),31,V ugm-3 (FIDAS),31,V ugm-3 (FIDAS),29,V ugm-3 (FIDAS),29,V ugm-3 (FIDAS),31,V ugm-3 (Ref.eq),29,V ugm-3 (FIDAS),29,V ugm-3 (FIDAS),,,,,27,V ugm-3 (Ref.eq),26,V ugm-3 (FIDAS),25,V ugm-3 (FIDAS),,
22-09-2024,20,V ugm-3 (FIDAS),19,V ugm-3 (FIDAS),19,V ugm-3 (FIDAS),21,V ugm-3 (FIDAS),17,V ugm-3 (FIDAS),19,V ugm-3 (Ref.eq),19,V ugm-3 (FIDAS),18,V ugm-3 (FIDAS),,,,,19,V ugm-3 (Ref.eq),21,V ugm-3 (FIDAS),20,V ugm-3 (FIDAS),,
23-09-2024,20,V ugm-3 (FIDAS),20,V ugm-3 (FIDAS),18,V ugm-3 (FIDAS),16,V ugm-3 (FIDAS),17,V ugm-3 (FIDAS),19,V ugm-3 (Ref.eq),18,V ugm-3 (FIDAS),18,V ugm-3 (FIDAS),,,,,15,V ugm-3 (Ref.eq),15,V ugm-3 (FIDAS),17,V ugm-3 (FIDAS),,
24-09-2024,12,V ugm-3 (FIDAS),9,V ugm-3 (FIDAS),8,V ugm-3 (FIDAS),9,V ugm-3 (FIDAS),9,V ugm-3 (FIDAS),15,V ugm-3 (Ref.eq),9,V ugm-3 (FIDAS),9,V ugm-3 (FIDAS),,,,,12,V ugm-3 (Ref.eq),9,V ugm-3 (FIDAS),9,V ugm-3 (FIDAS),,
25-09-2024,13,V ugm-3 (FIDAS),7,V ugm-3 (FIDAS),6,V ugm-3 (FIDAS),8,V ugm-3 (FIDAS),7,V ugm-3 (FIDAS),11,V ugm-3 (Ref.eq),6,V ugm-3 (FIDAS),6,V ugm-3 (FIDAS),,,,,12,V ugm-3 (Ref.eq),8,V ugm-3 (FIDAS),7,V ugm-3 (FIDAS),,
26-09-2024,8,V ugm-3 (FIDAS),6,V ugm-3 (FIDAS),5,V ugm-3 (FIDAS),9,V ugm-3 (FIDAS),5,V ugm-3 (FIDAS),9,V ugm-3 (Ref.eq),5,V ugm-3 (FIDAS),5,V ugm-3 (FIDAS),,,,,12,V ugm-3 (Ref.eq),8,V ugm-3 (FIDAS),6,V ugm-3 (FIDAS),,
27-09-2024,7,V ugm-3 (FIDAS),7,V ugm-3 (FIDAS),6,V ugm-3 (FIDAS),6,V ugm-3 (FIDAS),6,V ugm-3 (FIDAS),11,V ugm-3 (Ref.eq),7,V ugm-3 (FIDAS),5,V ugm-3 (FIDAS),,,,,11,V ugm-3 (Ref.eq),8,V ugm-3 (FIDAS),5,V ugm-3 (FIDAS),,
28-09-2024,10,V ugm-3 (FIDAS),8,V ugm-3 (FIDAS),7,V ugm-3 (FIDAS),8,V ugm-3 (FIDAS),8,V ugm-3 (FIDAS),13,V ugm-3 (Ref.eq),7,V ugm-3 (FIDAS),6,V ugm-3 (FIDAS),,,,,11,V ugm-3 (Ref.eq),8,V ugm-3 (FIDAS),6,V ugm-3 (FIDAS),,
29-09-2024,9,V ugm-3 (FIDAS),7,V ugm-3 (FIDAS),8,V ugm-3 (FIDAS),8,V ugm-3 (FIDAS),6,V ugm-3 (FIDAS),11,V ugm-3 (Ref.eq),7,V ugm-3 (FIDAS),7,V ugm-3 (FIDAS),,,,,13,V ugm-3 (Ref.eq),8,V ugm-3 (FIDAS),7,V ugm-3 (FIDAS),,
30-09-2024,4,V ugm-3 (FIDAS),3,V ugm-3 (FIDAS),3,V ugm-3 (FIDAS),3,V ugm-3 (FIDAS),3,V ugm-3 (FIDAS),5,V ugm-3 (Ref.eq),2,V ugm-3 (FIDAS),2,V ugm-3 (FIDAS),,,,,7,V ugm-3 (Ref.eq),3,V ugm-3 (FIDAS),2,V ugm-3 (FIDAS),,
01-10-2024,8,V ugm-3 (FIDAS),7,V ugm-3 (FIDAS),7,V ugm-3 (FIDAS),6,V ugm-3 (FIDAS),6,V ugm-3 (FIDAS),9,V ugm-3 (Ref.eq),5,V ugm-3 (FIDAS),5,V ugm-3 (FIDAS),,,,,12,V ugm-3 (Ref.eq),9,V ugm-3 (FIDAS),7,V ugm-3 (FIDAS),,
02-10-2024,11,V ugm-3 (FIDAS),9,V ugm-3 (FIDAS),9,V ugm-3 (FIDAS),8,V ugm-3 (FIDAS),9,V ugm-3 (FIDAS),12,V ugm-3 (Ref.eq),9,V ugm-3 (FIDAS),8,V ugm-3 (FIDAS),,,,,15,V ugm-3 (Ref.eq),9,V ugm-3 (FIDAS),8,V ugm-3 (FIDAS),,
03-10-2024,12,V ugm-3 (FIDAS),12,V ugm-3 (FIDAS),11,V ugm-3 (FIDAS),10,V ugm-3 (FIDAS),10,V ugm-3 (FIDAS),14,V ugm-3 (Ref.eq),9,V ugm-3 (FIDAS),9,V ugm-3 (FIDAS),,,,,21,V ugm-3 (Ref.eq),10,V ugm-3 (FIDAS),9,V ugm-3 (FIDAS),,
04-10-2024,21,V ugm-3 (FIDAS),11,V ugm-3 (FIDAS),11,V ugm-3 (FIDAS),13,V ugm-3 (FIDAS),12,V ugm-3 (FIDAS),19,V ugm-3 (Ref.eq),10,V ugm-3 (FIDAS),9,V ugm-3 (FIDAS),,,,,24,V ugm-3 (Ref.eq),13,V ugm-3 (FIDAS),12,V ugm-3 (FIDAS),,
05-10-2024,15,V ugm-3 (FIDAS),12,V ugm-3 (FIDAS),12,V ugm-3 (FIDAS),14,V ugm-3 (FIDAS),11,V ugm-3 (FIDAS),18,V ugm-3 (Ref.eq),12,V ugm-3 (FIDAS),12,V ugm-3 (FIDAS),,,,,19,V ugm-3 (Ref.eq),15,V ugm-3 (FIDAS),12,V ugm-3 (FIDAS),,
06-10-2024,10,V ugm-3 (FIDAS),9,V ugm-3 (FIDAS),9,V ugm-3 (FIDAS),11,V ugm-3 (FIDAS),8,V ugm-3 (FIDAS),11,V ugm-3 (Ref.eq),8,V ugm-3 (FIDAS),8,V ugm-3 (FIDAS),,,,,13,V ugm-3 (Ref.eq),9,V ugm-3 (FIDAS),8,V ugm-3 (FIDAS),,
07-10-2024,16,V ugm-3 (FIDAS),11,V ugm-3 (FIDAS),10,V ugm-3 (FIDAS),11,V ugm-3 (FIDAS),10,V ugm-3 (FIDAS),14,V ugm-3 (Ref.eq),10,V ugm-3 (FIDAS),9,V ugm-3 (FIDAS),,,,,17,V ugm-3 (Ref.eq),10,V ugm-3 (FIDAS),10,V ugm-3 (FIDAS),,
08-10-2024,10,V ugm-3 (FIDAS),7,V ugm-3 (FIDAS),7,V ugm-3 (FIDAS),9,V ugm-3 (FIDAS),7,V ugm-3 (FIDAS),No data,V ugm-3 (Ref.eq),7,V ugm-3 (FIDAS),7,V ugm-3 (FIDAS),,,,,16,V ugm-3 (Ref.eq),9,V ugm-3 (FIDAS),7,V ugm-3 (FIDAS),,
09-10-2024,9,V ugm-3 (FIDAS),8,V ugm-3 (FIDAS),8,V ugm-3 (FIDAS),6,V ugm-3 (FIDAS),6,V ugm-3 (FIDAS),No data,V ugm-3 (Ref.eq),7,V ugm-3 (FIDAS),6,V ugm-3 (FIDAS),,,,,8,V ugm-3 (Ref.eq),5,V ugm-3 (FIDAS),6,V ugm-3 (FIDAS),,
10-10-2024,11,V ugm-3 (FIDAS),10,V ugm-3 (FIDAS),9,V ugm-3 (FIDAS),10,V ugm-3 (FIDAS),9,V ugm-3 (FIDAS),No data,V ugm-3 (Ref.eq),10,V ugm-3 (FIDAS),8,V ugm-3 (FIDAS),,,,,18,V ugm-3 (Ref.eq),12,V ugm-3 (FIDAS),7,V ugm-3 (FIDAS),,
11-10-2024,23,V ugm-3 (FIDAS),9,V ugm-3 (FIDAS),7,V ugm-3 (FIDAS),12,V ugm-3 (FIDAS),11,V ugm-3 (FIDAS),No data,V ugm-3 (Ref.eq),10,V ugm-3 (FIDAS),11,V ugm-3 (FIDAS),,,,,17,V ugm-3 (Ref.eq),11,V ugm-3 (FIDAS),7,V ugm-3 (FIDAS),,
12-10-2024,10,V ugm-3 (FIDAS),7,V ugm-3 (FIDAS),7,V ugm-3 (FIDAS),8,V ugm-3 (FIDAS),7,V ugm-3 (FIDAS),No data,V ugm-3 (Ref.eq),6,V ugm-3 (FIDAS),6,V ugm-3 (FIDAS),,,,,15,V ugm-3 (Ref.eq),9,V ugm-3 (FIDAS),7,V ugm-3 (FIDAS),,
13-10-2024,14,V ugm-3 (FIDAS),12,V ugm-3 (FIDAS),11,V ugm-3 (FIDAS),10,V ugm-3 (FIDAS),11,V ugm-3 (FIDAS),No data,V ugm-3 (Ref.eq),11,V ugm-3 (FIDAS),9,V ugm-3 (FIDAS),,,,,18,V ugm-3 (Ref.eq),13,V ugm-3 (FIDAS),11,V ugm-3 (FIDAS),,
14-10-2024,12,V ugm-3 (FIDAS),10,V ugm-3 (FIDAS),11,V ugm-3 (FIDAS),8,V ugm-3 (FIDAS),10,V ugm-3 (FIDAS),No data,V ugm-3 (Ref.eq),9,V ugm-3 (FIDAS),8,V ugm-3 (FIDAS),,,,,16,V ugm-3 (Ref.eq),9,V ugm-3 (FIDAS),9,V ugm-3 (FIDAS),,
15-10-2024,19,V ugm-3 (FIDAS),16,V ugm-3 (FIDAS),17,V ugm-3 (FIDAS),14,V ugm-3 (FIDAS),15,V ugm-3 (FIDAS),No data,V ugm-3 (Ref.eq),15,V ugm-3 (FIDAS),15,V ugm-3 (FIDAS),,,,,20,V ugm-3 (Ref.eq),17,V ugm-3 (FIDAS),15,V ugm-3 (FIDAS),,
16-10-2024,21,V ugm-3 (FIDAS),23,V ugm-3 (FIDAS),19,V ugm-3 (FIDAS),20,V ugm-3 (FIDAS),19,V ugm-3 (FIDAS),No data,V ugm-3 (Ref.eq),19,V ugm-3 (FIDAS),18,V ugm-3 (FIDAS),,,,,19,V ugm-3 (Ref.eq),17,V ugm-3 (FIDAS),15,V ugm-3 (FIDAS),,
17-10-2024,18,V ugm-3 (FIDAS),11,V ugm-3 (FIDAS),9,V ugm-3 (FIDAS),12,V ugm-3 (FIDAS),10,V ugm-3 (FIDAS),No data,V ugm-3 (Ref.eq),11,V ugm-3 (FIDAS),9,V ugm-3 (FIDAS),,,,,15,V ugm-3 (Ref.eq),10,V ugm-3 (FIDAS),9,V ugm-3 (FIDAS),,
18-10-2024,15,V ugm-3 (FIDAS),7,V ugm-3 (FIDAS),7,V ugm-3 (FIDAS),10,V ugm-3 (FIDAS),7,V ugm-3 (FIDAS),No data,V ugm-3 (Ref.eq),7,V ugm-3 (FIDAS),6,V ugm-3 (FIDAS),,,,,14,V ugm-3 (Ref.eq),9,V ugm-3 (FIDAS),6,V ugm-3 (FIDAS),,
19-10-2024,12,V ugm-3 (FIDAS),11,V ugm-3 (FIDAS),9,V ugm-3 (FIDAS),13,V ugm-3 (FIDAS),9,V ugm-3 (FIDAS),No data,V ugm-3 (Ref.eq),9,V ugm-3 (FIDAS),8,V ugm-3 (FIDAS),,,,,15,V ugm-3 (Ref.eq),10,V ugm-3 (FIDAS),9,V ugm-3 (FIDAS),,
20-10-2024,16,V ugm-3 (FIDAS),14,V ugm-3 (FIDAS),13,V ugm-3 (FIDAS),14,V ugm-3 (FIDAS),14,V ugm-3 (FIDAS),No data,V ugm-3 (Ref.eq),15,V ugm-3 (FIDAS),14,V ugm-3 (FIDAS),,,,,19,V ugm-3 (Ref.eq),15,V ugm-3 (FIDAS),15,V ugm-3 (FIDAS),,
21-10-2024,33,V ugm-3 (FIDAS),23,V ugm-3 (FIDAS),21,V ugm-3 (FIDAS),24,V ugm-3 (FIDAS),24,V ugm-3 (FIDAS),No data,V ugm-3 (Ref.eq),25,V ugm-3 (FIDAS),22,V ugm-3 (FIDAS),,,,,26,V ugm-3 (Ref.eq),20,V ugm-3 (FIDAS),17,V ugm-3 (FIDAS),,
22-10-2024,22,V ugm-3 (FIDAS),11,V ugm-3 (FIDAS),10,V ugm-3 (FIDAS),12,V ugm-3 (FIDAS),11,V ugm-3 (FIDAS),No data,V ugm-3 (FIDAS),10,V ugm-3 (FIDAS),9,V ugm-3 (FIDAS),,,,,23,V ugm-3 (Ref.eq),12,V ugm-3 (FIDAS),8,V ugm-3 (FIDAS),,
23-10-2024,20,V ugm-3 (FIDAS),10,V ugm-3 (FIDAS),9,V ugm-3 (FIDAS),12,V ugm-3 (FIDAS),10,V ugm-3 (FIDAS),12,V ugm-3 (FIDAS),9,V ugm-3 (FIDAS),8,V ugm-3 (FIDAS),,,,,21,V ugm-3 (Ref.eq),11,V ugm-3 (FIDAS),8,V ugm-3 (FIDAS),,
24-10-2024,15,V ugm-3 (FIDAS),11,V ugm-3 (FIDAS),11,V ugm-3 (FIDAS),13,V ugm-3 (FIDAS),11,V ugm-3 (FIDAS),13,V ugm-3 (FIDAS),11,V ugm-3 (FIDAS),10,V ugm-3 (FIDAS),,,,,21,V ugm-3 (Ref.eq),13,V ugm-3 (FIDAS),11,V ugm-3 (FIDAS),,
25-10-2024,18,V ugm-3 (FIDAS),17,V ugm-3 (FIDAS),17,V ugm-3 (FIDAS),16,V ugm-3 (FIDAS),15,V ugm-3 (FIDAS),16,V ugm-3 (FIDAS),15,V ugm-3 (FIDAS),15,V ugm-3 (FIDAS),,,,,23,V ugm-3 (Ref.eq),18,V ugm-3 (FIDAS),14,V ugm-3 (FIDAS),,
26-10-2024,18,V ugm-3 (FIDAS),16,V ugm-3 (FIDAS),13,V ugm-3 (FIDAS),15,V ugm-3 (FIDAS),12,V ugm-3 (FIDAS),15,V ugm-3 (FIDAS),11,V ugm-3 (FIDAS),11,V ugm-3 (FIDAS),,,,,19,V ugm-3 (Ref.eq),14,V ugm-3 (FIDAS),12,V ugm-3 (FIDAS),,
27-10-2024,13,V ugm-3 (FIDAS),9,V ugm-3 (FIDAS),7,V ugm-3 (FIDAS),9,V ugm-3 (FIDAS),9,V ugm-3 (FIDAS),9,V ugm-3 (FIDAS),9,V ugm-3 (FIDAS),8,V ugm-3 (FIDAS),,,,,13,V ugm-3 (Ref.eq),10,V ugm-3 (FIDAS),7,V ugm-3 (FIDAS),,
28-10-2024,12,V ugm-3 (FIDAS),6,V ugm-3 (FIDAS),4,V ugm-3 (FIDAS),6,V ugm-3 (FIDAS),5,V ugm-3 (FIDAS),5,V ugm-3 (FIDAS),5,V ugm-3 (FIDAS),4,V ugm-3 (FIDAS),,,,,10,V ugm-3 (Ref.eq),5,V ugm-3 (FIDAS),3,V ugm-3 (FIDAS),,
29-10-2024,14,V ugm-3 (FIDAS),10,V ugm-3 (FIDAS),8,V ugm-3 (FIDAS),7,V ugm-3 (FIDAS),8,V ugm-3 (FIDAS),11,V ugm-3 (FIDAS),10,V ugm-3 (FIDAS),8,V ugm-3 (FIDAS),,,,,12,V ugm-3 (Ref.eq),8,V ugm-3 (FIDAS),5,V ugm-3 (FIDAS),,
30-10-2024,22,V ugm-3 (FIDAS),12,V ugm-3 (FIDAS),11,V ugm-3 (FIDAS),11,V ugm-3 (FIDAS),11,V ugm-3 (FIDAS),12,V ugm-3 (FIDAS),13,V ugm-3 (FIDAS),12,V ugm-3 (FIDAS),,,,,16,V ugm-3 (Ref.eq),11,V ugm-3 (FIDAS),9,V ugm-3 (FIDAS),,
31-10-2024,36,V ugm-3 (FIDAS),18,V ugm-3 (FIDAS),15,V ugm-3 (FIDAS),15,V ugm-3 (FIDAS),17,V ugm-3 (FIDAS),23,V ugm-3 (FIDAS),18,V ugm-3 (FIDAS),17,V ugm-3 (FIDAS),,,,,18,V ugm-3 (Ref.eq),13,V ugm-3 (FIDAS),14,V ugm-3 (FIDAS),,
01-11-2024,24,V ugm-3 (FIDAS),14,V ugm-3 (FIDAS),14,V ugm-3 (FIDAS),14,V ugm-3 (FIDAS),14,V ugm-3 (FIDAS),23,V ugm-3 (FIDAS),16,V ugm-3 (FIDAS),14,V ugm-3 (FIDAS),,,12,V ugm-3 (FIDAS),20,V ugm-3 (Ref.eq),16,V ugm-3 (FIDAS),10,V ugm-3 (FIDAS),,
02-11-2024,15,V ugm-3 (FIDAS),17,V ugm-3 (FIDAS),14,V ugm-3 (FIDAS),23,V ugm-3 (FIDAS),14,V ugm-3 (FIDAS),13,V ugm-3 (FIDAS),9,V ugm-3 (FIDAS),9,V ugm-3 (FIDAS),,,13,V ugm-3 (FIDAS),21,V ugm-3 (Ref.eq),15,V ugm-3 (FIDAS),12,V ugm-3 (FIDAS),,
03-11-2024,14,V ugm-3 (FIDAS),15,V ugm-3 (FIDAS),14,V ugm-3 (FIDAS),21,V ugm-3 (FIDAS),13,V ugm-3 (FIDAS),13,V ugm-3 (FIDAS),14,V ugm-3 (FIDAS),12,V ugm-3 (FIDAS),,,14,V ugm-3 (FIDAS),23,V ugm-3 (Ref.eq),16,V ugm-3 (FIDAS),13,V ugm-3 (FIDAS),,
04-11-2024,28,V ugm-3 (FIDAS),27,V ugm-3 (FIDAS),26,V ugm-3 (FIDAS),29,V ugm-3 (FIDAS),23,V ugm-3 (FIDAS),25,V ugm-3 (FIDAS),26,V ugm-3 (FIDAS),25,V ugm-3 (FIDAS),,,26,V ugm-3 (FIDAS),38,V ugm-3 (Ref.eq),29,V ugm-3 (FIDAS),24,V ugm-3 (FIDAS),,
05-11-2024,31,V ugm-3 (FIDAS),27,V ugm-3 (FIDAS),23,V ugm-3 (FIDAS),38,V ugm-3 (FIDAS),27,V ugm-3 (FIDAS),29,V ugm-3 (FIDAS),26,V ugm-3 (FIDAS),24,V ugm-3 (FIDAS),,,28,V ugm-3 (FIDAS),45,V ugm-3 (Ref.eq),32,V ugm-3 (FIDAS),29,V ugm-3 (FIDAS),,
06-11-2024,25,V ugm-3 (FIDAS),19,V ugm-3 (FIDAS),19,V ugm-3 (FIDAS),22,V ugm-3 (FIDAS),16,V ugm-3 (FIDAS),17,V ugm-3 (FIDAS),15,V ugm-3 (FIDAS),14,V ugm-3 (FIDAS),,,16,V ugm-3 (FIDAS),44,V ugm-3 (Ref.eq),30,V ugm-3 (FIDAS),22,V ugm-3 (FIDAS),,
07-11-2024,21,V ugm-3 (FIDAS),20,V ugm-3 (FIDAS),19,V ugm-3 (FIDAS),21,V ugm-3 (FIDAS),20,V ugm-3 (FIDAS),23,V ugm-3 (FIDAS),19,V ugm-3 (FIDAS),19,V ugm-3 (FIDAS),,,15,V ugm-3 (FIDAS),25,V ugm-3 (Ref.eq),18,V ugm-3 (FIDAS),15,V ugm-3 (FIDAS),,
08-11-2024,31,V ugm-3 (FIDAS),31,V ugm-3 (FIDAS),30,V ugm-3 (FIDAS),32,V ugm-3 (FIDAS),29,V ugm-3 (FIDAS),32,V ugm-3 (FIDAS),28,V ugm-3 (FIDAS),28,V ugm-3 (FIDAS),,,26,V ugm-3 (FIDAS),41,V ugm-3 (Ref.eq),32,V ugm-3 (FIDAS),27,V ugm-3 (FIDAS),,
09-11-2024,36,V ugm-3 (FIDAS),31,V ugm-3 (FIDAS),32,V ugm-3 (FIDAS),34,V ugm-3 (FIDAS),29,V ugm-3 (FIDAS),31,V ugm-3 (FIDAS),29,V ugm-3 (FIDAS),27,V ugm-3 (FIDAS),,,34,V ugm-3 (FIDAS),44,V ugm-3 (Ref.eq),39,V ugm-3 (FIDAS),32,V ugm-3 (FIDAS),,
10-11-2024,24,V ugm-3 (FIDAS),23,V ugm-3 (FIDAS),20,V ugm-3 (FIDAS),26,V ugm-3 (FIDAS),22,V ugm-3 (FIDAS),24,V ugm-3 (FIDAS),23,V ugm-3 (FIDAS),22,V ugm-3 (FIDAS),,,17,V ugm-3 (FIDAS),33,V ugm-3 (Ref.eq),28,V ugm-3 (FIDAS),20,V ugm-3 (FIDAS),,
11-11-2024,23,V ugm-3 (FIDAS),21,V ugm-3 (FIDAS),20,V ugm-3 (FIDAS),15,V ugm-3 (FIDAS),16,V ugm-3 (FIDAS),17,V ugm-3 (FIDAS),16,V ugm-3 (FIDAS),14,V ugm-3 (FIDAS),,,19,V ugm-3 (FIDAS),28,V ugm-3 (Ref.eq),21,V ugm-3 (FIDAS),18,V ugm-3 (FIDAS),,
12-11-2024,22,V ugm-3 (FIDAS),19,V ugm-3 (FIDAS),17,V ugm-3 (FIDAS),15,V ugm-3 (FIDAS),15,V ugm-3 (FIDAS),16,V ugm-3 (FIDAS),15,V ugm-3 (FIDAS),13,V ugm-3 (FIDAS),,,16,V ugm-3 (FIDAS),27,V ugm-3 (Ref.eq),21,V ugm-3 (FIDAS),18,V ugm-3 (FIDAS),,
13-11-2024,24,V ugm-3 (FIDAS),21,V ugm-3 (FIDAS),22,V ugm-3 (FIDAS),17,V ugm-3 (FIDAS),19,V ugm-3 (FIDAS),20,V ugm-3 (FIDAS),20,V ugm-3 (FIDAS),18,V ugm-3 (FIDAS),,,18,V ugm-3 (FIDAS),29,V ugm-3 (Ref.eq),20,V ugm-3 (FIDAS),16,V ugm-3 (FIDAS),,
14-11-2024,20,V ugm-3 (FIDAS),15,V ugm-3 (FIDAS),13,V ugm-3 (FIDAS),14,V ugm-3 (FIDAS),13,V ugm-3 (FIDAS),14,V ugm-3 (FIDAS),13,V ugm-3 (FIDAS),12,V ugm-3 (FIDAS),,,18,V ugm-3 (FIDAS),29,V ugm-3 (Ref.eq),17,V ugm-3 (FIDAS),11,V ugm-3 (FIDAS),,
15-11-2024,27,V ugm-3 (FIDAS),17,V ugm-3 (FIDAS),14,V ugm-3 (FIDAS),20,V ugm-3 (FIDAS),17,V ugm-3 (FIDAS),20,V ugm-3 (FIDAS),19,V ugm-3 (FIDAS),17,V ugm-3 (FIDAS),,,14,V ugm-3 (FIDAS),29,V ugm-3 (Ref.eq),19,V ugm-3 (FIDAS),16,V ugm-3 (FIDAS),,
16-11-2024,15,V ugm-3 (FIDAS),11,V ugm-3 (FIDAS),10,V ugm-3 (FIDAS),9,V ugm-3 (FIDAS),11,V ugm-3 (FIDAS),13,V ugm-3 (FIDAS),13,V ugm-3 (FIDAS),12,V ugm-3 (FIDAS),,,8,V ugm-3 (FIDAS),16,V ugm-3 (Ref.eq),10,V ugm-3 (FIDAS),7,V ugm-3 (FIDAS),,
17-11-2024,8,V ugm-3 (FIDAS),8,V ugm-3 (FIDAS),6,V ugm-3 (FIDAS),6,V ugm-3 (FIDAS),6,V ugm-3 (FIDAS),7,V ugm-3 (FIDAS),7,V ugm-3 (FIDAS),7,V ugm-3 (FIDAS),,,7,V ugm-3 (FIDAS),13,V ugm-3 (Ref.eq),8,V ugm-3 (FIDAS),5,V ugm-3 (FIDAS),,
18-11-2024,11,V ugm-3 (FIDAS),11,V ugm-3 (FIDAS),10,V ugm-3 (FIDAS),9,V ugm-3 (FIDAS),10,V ugm-3 (FIDAS),11,V ugm-3 (FIDAS),10,V ugm-3 (FIDAS),10,V ugm-3 (FIDAS),,,9,V ugm-3 (FIDAS),23,V ugm-3 (Ref.eq),11,V ugm-3 (FIDAS),8,V ugm-3 (FIDAS),,
19-11-2024,10,V ugm-3 (FIDAS),9,V ugm-3 (FIDAS),8,V ugm-3 (FIDAS),9,V ugm-3 (FIDAS),7,V ugm-3 (FIDAS),8,V ugm-3 (FIDAS),8,V ugm-3 (FIDAS),7,V ugm-3 (FIDAS),,,9,V ugm-3 (FIDAS),22,V ugm-3 (Ref.eq),11,V ugm-3 (FIDAS),8,V ugm-3 (FIDAS),,
20-11-2024,9,V ugm-3 (FIDAS),7,V ugm-3 (FIDAS),7,V ugm-3 (FIDAS),8,V ugm-3 (FIDAS),7,V ugm-3 (FIDAS),10,V ugm-3 (FIDAS),7,V ugm-3 (FIDAS),7,V ugm-3 (FIDAS),,,5,V ugm-3 (FIDAS),18,V ugm-3 (Ref.eq),9,V ugm-3 (FIDAS),4,V ugm-3 (FIDAS),,
21-11-2024,22,V ugm-3 (FIDAS),11,V ugm-3 (FIDAS),10,V ugm-3 (FIDAS),10,V ugm-3 (FIDAS),9,V ugm-3 (FIDAS),15,V ugm-3 (FIDAS),12,V ugm-3 (FIDAS),10,V ugm-3 (FIDAS),,,9,V ugm-3 (FIDAS),22,V ugm-3 (Ref.eq),11,V ugm-3 (FIDAS),7,V ugm-3 (FIDAS),,
22-11-2024,9,V ugm-3 (FIDAS),7,V ugm-3 (FIDAS),6,V ugm-3 (FIDAS),7,V ugm-3 (FIDAS),7,V ugm-3 (FIDAS),8,V ugm-3 (FIDAS),7,V ugm-3 (FIDAS),7,V ugm-3 (FIDAS),,,7,V ugm-3 (FIDAS),30,V ugm-3 (Ref.eq),7,V ugm-3 (FIDAS),5,V ugm-3 (FIDAS),,
23-11-2024,6,V ugm-3 (FIDAS),5,V ugm-3 (FIDAS),4,V ugm-3 (FIDAS),5,V ugm-3 (FIDAS),5,V ugm-3 (FIDAS),6,V ugm-3 (FIDAS),5,V ugm-3 (FIDAS),5,V ugm-3 (FIDAS),,,4,V ugm-3 (FIDAS),25,V ugm-3 (Ref.eq),5,V ugm-3 (FIDAS),4,V ugm-3 (FIDAS),,
24-11-2024,7,V ugm-3 (FIDAS),8,V ugm-3 (FIDAS),6,V ugm-3 (FIDAS),5,V ugm-3 (FIDAS),7,V ugm-3 (FIDAS),8,V ugm-3 (FIDAS),9,V ugm-3 (FIDAS),8,V ugm-3 (FIDAS),,,6,V ugm-3 (FIDAS),6,V ugm-3 (Ref.eq),4,V ugm-3 (FIDAS),4,V ugm-3 (FIDAS),,
25-11-2024,13,V ugm-3 (FIDAS),9,V ugm-3 (FIDAS),8,V ugm-3 (FIDAS),8,V ugm-3 (FIDAS),9,V ugm-3 (FIDAS),12,V ugm-3 (FIDAS),10,V ugm-3 (FIDAS),9,V ugm-3 (FIDAS),,,7,V ugm-3 (FIDAS),15,V ugm-3 (Ref.eq),9,V ugm-3 (FIDAS),7,V ugm-3 (FIDAS),,
26-11-2024,27,V ugm-3 (FIDAS),16,V ugm-3 (FIDAS),10,V ugm-3 (FIDAS),15,V ugm-3 (FIDAS),12,V ugm-3 (FIDAS),18,V ugm-3 (FIDAS),9,V ugm-3 (FIDAS),9,V ugm-3 (FIDAS),,,10,V ugm-3 (FIDAS),29,V ugm-3 (Ref.eq),10,V ugm-3 (FIDAS),7,V ugm-3 (FIDAS),,
27-11-2024,13,V ugm-3 (FIDAS),12,V ugm-3 (FIDAS),12,V ugm-3 (FIDAS),13,V ugm-3 (FIDAS),10,V ugm-3 (FIDAS),11,V ugm-3 (FIDAS),12,V ugm-3 (FIDAS),11,V ugm-3 (FIDAS),,,15,V ugm-3 (FIDAS),20,V ugm-3 (Ref.eq),15,V ugm-3 (FIDAS),11,V ugm-3 (FIDAS),,
28-11-2024,22,V ugm-3 (FIDAS),22,V ugm-3 (FIDAS),18,V ugm-3 (FIDAS),18,V ugm-3 (FIDAS),16,V ugm-3 (FIDAS),17,V ugm-3 (FIDAS),19,V ugm-3 (FIDAS),19,V ugm-3 (FIDAS),,,13,V ugm-3 (FIDAS),16,V ugm-3 (FIDAS),16,V ugm-3 (FIDAS),16,V ugm-3 (FIDAS),,
29-11-2024,16,V ugm-3 (FIDAS),9,V ugm-3 (FIDAS),9,V ugm-3 (FIDAS),13,V ugm-3 (FIDAS),9,V ugm-3 (FIDAS),12,V ugm-3 (FIDAS),9,V ugm-3 (FIDAS),8,V ugm-3 (FIDAS),,,10,V ugm-3 (FIDAS),15,V ugm-3 (FIDAS),12,V ugm-3 (FIDAS),10,V ugm-3 (FIDAS),,
30-11-2024,13,V ugm-3 (FIDAS),12,V ugm-3 (FIDAS),11,V ugm-3 (FIDAS),12,V ugm-3 (FIDAS),11,V ugm-3 (FIDAS),11,V ugm-3 (FIDAS),11,V ugm-3 (FIDAS),10,V ugm-3 (FIDAS),,,9,V ugm-3 (FIDAS),11,V ugm-3 (FIDAS),12,V ugm-3 (FIDAS),11,V ugm-3 (FIDAS),,
01-12-2024,8,V ugm-3 (FIDAS),8,V ugm-3 (FIDAS),6,V ugm-3 (FIDAS),12,V ugm-3 (FIDAS),7,V ugm-3 (FIDAS),7,V ugm-3 (FIDAS),7,V ugm-3 (FIDAS),6,V ugm-3 (FIDAS),,,4,V ugm-3 (FIDAS),7,V ugm-3 (FIDAS),6,V ugm-3 (FIDAS),5,V ugm-3 (FIDAS),,
02-12-2024,7,V ugm-3 (FIDAS),5,V ugm-3 (FIDAS),5,V ugm-3 (FIDAS),6,V ugm-3 (FIDAS),4,V ugm-3 (FIDAS),6,V ugm-3 (FIDAS),5,V ugm-3 (FIDAS),4,V ugm-3 (FIDAS),,,4,V ugm-3 (FIDAS),8,V ugm-3 (FIDAS),6,V ugm-3 (FIDAS),5,V ugm-3 (FIDAS),,
03-12-2024,25,V ugm-3 (FIDAS),15,V ugm-3 (FIDAS),14,V ugm-3 (FIDAS),14,V ugm-3 (FIDAS),14,V ugm-3 (FIDAS),15,V ugm-3 (FIDAS),13,V ugm-3 (FIDAS),13,V ugm-3 (FIDAS),,,11,V ugm-3 (FIDAS),17,V ugm-3 (FIDAS),15,V ugm-3 (FIDAS),12,V ugm-3 (FIDAS),,
04-12-2024,14,V ugm-3 (FIDAS),11,V ugm-3 (FIDAS),10,V ugm-3 (FIDAS),12,V ugm-3 (FIDAS),11,V ugm-3 (FIDAS),12,V ugm-3 (FIDAS),11,V ugm-3 (FIDAS),10,V ugm-3 (FIDAS),,,8,V ugm-3 (FIDAS),12,V ugm-3 (FIDAS),11,V ugm-3 (FIDAS),9,V ugm-3 (FIDAS),,
05-12-2024,6,V ugm-3 (FIDAS),4,V ugm-3 (FIDAS),3,V ugm-3 (FIDAS),4,V ugm-3 (FIDAS),5,V ugm-3 (FIDAS),4,V ugm-3 (FIDAS),3,V ugm-3 (FIDAS),3,V ugm-3 (FIDAS),,,4,V ugm-3 (FIDAS),6,V ugm-3 (FIDAS),6,V ugm-3 (FIDAS),4,V ugm-3 (FIDAS),,
06-12-2024,19,V ugm-3 (FIDAS),13,V ugm-3 (FIDAS),12,V ugm-3 (FIDAS),13,V ugm-3 (FIDAS),13,V ugm-3 (FIDAS),15,V ugm-3 (FIDAS),13,V ugm-3 (FIDAS),11,V ugm-3 (FIDAS),,,11,V ugm-3 (FIDAS),15,V ugm-3 (FIDAS),16,V ugm-3 (FIDAS),12,V ugm-3 (FIDAS),,
07-12-2024,5,V ugm-3 (FIDAS),4,V ugm-3 (FIDAS),4,V ugm-3 (FIDAS),3,V ugm-3 (FIDAS),4,V ugm-3 (FIDAS),4,V ugm-3 (FIDAS),5,V ugm-3 (FIDAS),4,V ugm-3 (FIDAS),,,6,V ugm-3 (FIDAS),5,V ugm-3 (FIDAS),5,V ugm-3 (FIDAS),6,V ugm-3 (FIDAS),,
08-12-2024,5,V ugm-3 (FIDAS),4,V ugm-3 (FIDAS),4,V ugm-3 (FIDAS),4,V ugm-3 (FIDAS),4,V ugm-3 (FIDAS),4,V ugm-3 (FIDAS),4,V ugm-3 (FIDAS),4,V ugm-3 (FIDAS),,,6,V ugm-3 (FIDAS),5,V ugm-3 (FIDAS),5,V ugm-3 (FIDAS),4,V ugm-3 (FIDAS),,
09-12-2024,11,V ugm-3 (FIDAS),10,V ugm-3 (FIDAS),10,V ugm-3 (FIDAS),9,V ugm-3 (FIDAS),9,V ugm-3 (FIDAS),10,V ugm-3 (FIDAS),10,V ugm-3 (FIDAS),9,V ugm-3 (FIDAS),,,8,V ugm-3 (FIDAS),9,V ugm-3 (FIDAS),9,V ugm-3 (FIDAS),8,V ugm-3 (FIDAS),,
10-12-2024,13,V ugm-3 (FIDAS),12,V ugm-3 (FIDAS),11,V ugm-3 (FIDAS),10,V ugm-3 (FIDAS),10,V ugm-3 (FIDAS),11,V ugm-3 (FIDAS),9,V ugm-3 (FIDAS),9,V ugm-3 (FIDAS),,,10,V ugm-3 (FIDAS),15,V ugm-3 (FIDAS),11,V ugm-3 (FIDAS),10,V ugm-3 (FIDAS),,
11-12-2024,11,V ugm-3 (FIDAS),9,V ugm-3 (FIDAS),9,V ugm-3 (FIDAS),9,V ugm-3 (FIDAS),7,V ugm-3 (FIDAS),8,V ugm-3 (FIDAS),8,V ugm-3 (FIDAS),8,V ugm-3 (FIDAS),,,11,V ugm-3 (FIDAS),14,V ugm-3 (FIDAS),12,V ugm-3 (FIDAS),10,V ugm-3 (FIDAS),,
12-12-2024,10,V ugm-3 (FIDAS),10,V ugm-3 (FIDAS),8,V ugm-3 (FIDAS),9,V ugm-3 (FIDAS),7,V ugm-3 (FIDAS),7,V ugm-3 (FIDAS),7,V ugm-3 (FIDAS),7,V ugm-3 (FIDAS),,,11,V ugm-3 (FIDAS),10,V ugm-3 (FIDAS),11,V ugm-3 (FIDAS),9,V ugm-3 (FIDAS),,
13-12-2024,11,V ugm-3 (FIDAS),11,V ugm-3 (FIDAS),10,V ugm-3 (FIDAS),14,V ugm-3 (FIDAS),9,V ugm-3 (FIDAS),10,V ugm-3 (FIDAS),10,V ugm-3 (FIDAS),10,V ugm-3 (FIDAS),,,12,V ugm-3 (FIDAS),13,V ugm-3 (FIDAS),12,V ugm-3 (FIDAS),10,V ugm-3 (FIDAS),,
14-12-2024,9,V ugm-3 (FIDAS),7,V ugm-3 (FIDAS),7,V ugm-3 (FIDAS),8,V ugm-3 (FIDAS),8,V ugm-3 (FIDAS),12,V ugm-3 (FIDAS),9,V ugm-3 (FIDAS),8,V ugm-3 (FIDAS),,,5,V ugm-3 (FIDAS),7,V ugm-3 (FIDAS),8,V ugm-3 (FIDAS),5,V ugm-3 (FIDAS),,
15-12-2024,3,V ugm-3 (FIDAS),2,V ugm-3 (FIDAS),2,V ugm-3 (FIDAS),2,V ugm-3 (FIDAS),2,V ugm-3 (FIDAS),4,V ugm-3 (FIDAS),3,V ugm-3 (FIDAS),3,V ugm-3 (FIDAS),,,2,V ugm-3 (FIDAS),2,V ugm-3 (FIDAS),3,V ugm-3 (FIDAS),2,V ugm-3 (FIDAS),,
16-12-2024,10,V ugm-3 (FIDAS),5,V ugm-3 (FIDAS),4,V ugm-3 (FIDAS),6,V ugm-3 (FIDAS),5,V ugm-3 (FIDAS),6,V ugm-3 (FIDAS),5,V ugm-3 (FIDAS),4,V ugm-3 (FIDAS),,,5,V ugm-3 (FIDAS),7,V ugm-3 (FIDAS),6,V ugm-3 (FIDAS),5,V ugm-3 (FIDAS),,
17-12-2024,13,V ugm-3 (FIDAS),7,V ugm-3 (FIDAS),7,V ugm-3 (FIDAS),8,V ugm-3 (FIDAS),7,V ugm-3 (FIDAS),8,V ugm-3 (FIDAS),7,V ugm-3 (FIDAS),6,V ugm-3 (FIDAS),,,6,V ugm-3 (FIDAS),10,V ugm-3 (FIDAS),8,V ugm-3 (FIDAS),7,V ugm-3 (FIDAS),,
18-12-2024,7,V ugm-3 (FIDAS),5,V ugm-3 (FIDAS),4,V ugm-3 (FIDAS),5,V ugm-3 (FIDAS),5,V ugm-3 (FIDAS),6,V ugm-3 (FIDAS),6,V ugm-3 (FIDAS),5,V ugm-3 (FIDAS),,,5,V ugm-3 (FIDAS),7,V ugm-3 (FIDAS),5,V ugm-3 (FIDAS),4,V ugm-3 (FIDAS),,
19-12-2024,8,V ugm-3 (FIDAS),6,V ugm-3 (FIDAS),6,V ugm-3 (FIDAS),7,V ugm-3 (FIDAS),6,V ugm-3 (FIDAS),7,V ugm-3 (FIDAS),6,V ugm-3 (FIDAS),5,V ugm-3 (FIDAS),,,6,V ugm-3 (FIDAS),10,V ugm-3 (FIDAS),10,V ugm-3 (FIDAS),6,V ugm-3 (FIDAS),,
20-12-2024,14,V ugm-3 (FIDAS),8,V ugm-3 (FIDAS),7,V ugm-3 (FIDAS),8,V ugm-3 (FIDAS),8,V ugm-3 (FIDAS),10,V ugm-3 (FIDAS),8,V ugm-3 (FIDAS),7,V ugm-3 (FIDAS),,,8,V ugm-3 (FIDAS),9,V ugm-3 (FIDAS),9,V ugm-3 (FIDAS),7,V ugm-3 (FIDAS),,
21-12-2024,9,V ugm-3 (FIDAS),8,V ugm-3 (FIDAS),7,V ugm-3 (FIDAS),8,V ugm-3 (FIDAS),8,V ugm-3 (FIDAS),9,V ugm-3 (FIDAS),10,V ugm-3 (FIDAS),8,V ugm-3 (FIDAS),,,9,V ugm-3 (FIDAS),8,V ugm-3 (FIDAS),10,V ugm-3 (FIDAS),8,V ugm-3 (FIDAS),,
22-12-2024,14,V ugm-3 (FIDAS),13,V ugm-3 (FIDAS),12,V ugm-3 (FIDAS),13,V ugm-3 (FIDAS),11,V ugm-3 (FIDAS),12,V ugm-3 (FIDAS),13,V ugm-3 (FIDAS),11,V ugm-3 (FIDAS),,,11,V ugm-3 (FIDAS),14,V ugm-3 (FIDAS),18,V ugm-3 (FIDAS),12,V ugm-3 (FIDAS),,
23-12-2024,16,V ugm-3 (FIDAS),14,V ugm-3 (FIDAS),12,V ugm-3 (FIDAS),15,V ugm-3 (FIDAS),14,V ugm-3 (FIDAS),15,V ugm-3 (FIDAS),15,V ugm-3 (FIDAS),13,V ugm-3 (FIDAS),,,9,V ugm-3 (FIDAS),15,V ugm-3 (FIDAS),15,V ugm-3 (FIDAS),9,V ugm-3 (FIDAS),,
24-12-2024,7,V ugm-3 (FIDAS),6,V ugm-3 (FIDAS),5,V ugm-3 (FIDAS),7,V ugm-3 (FIDAS),6,V ugm-3 (FIDAS),7,V ugm-3 (FIDAS),8,V ugm-3 (FIDAS),7,V ugm-3 (FIDAS),,,2,V ugm-3 (FIDAS),5,V ugm-3 (FIDAS),4,V ugm-3 (FIDAS),3,V ugm-3 (FIDAS),,
25-12-2024,5,V ugm-3 (FIDAS),4,V ugm-3 (FIDAS),4,V ugm-3 (FIDAS),8,V ugm-3 (FIDAS),5,V ugm-3 (FIDAS),6,V ugm-3 (FIDAS),5,V ugm-3 (FIDAS),6,V ugm-3 (FIDAS),,,4,V ugm-3 (FIDAS),4,V ugm-3 (FIDAS),5,V ugm-3 (FIDAS),5,V ugm-3 (FIDAS),,
26-12-2024,5,V ugm-3 (FIDAS),3,V ugm-3 (FIDAS),4,V ugm-3 (FIDAS),6,V ugm-3 (FIDAS),3,V ugm-3 (FIDAS),4,V ugm-3 (FIDAS),4,V ugm-3 (FIDAS),4,V ugm-3 (FIDAS),,,4,V ugm-3 (FIDAS),6,V ugm-3 (FIDAS),7,V ugm-3 (FIDAS),3,V ugm-3 (FIDAS),,
27-12-2024,6,V ugm-3 (FIDAS),3,V ugm-3 (FIDAS),4,V ugm-3 (FIDAS),5,V ugm-3 (FIDAS),4,V ugm-3 (FIDAS),5,V ugm-3 (FIDAS),6,V ugm-3 (FIDAS),5,V ugm-3 (FIDAS),,,5,V ugm-3 (FIDAS),7,V ugm-3 (FIDAS),8,V ugm-3 (FIDAS),3,V ugm-3 (FIDAS),,
28-12-2024,6,V ugm-3 (FIDAS),5,V ugm-3 (FIDAS),5,V ugm-3 (FIDAS),7,V ugm-3 (FIDAS),6,V ugm-3 (FIDAS),7,V ugm-3 (FIDAS),7,V ugm-3 (FIDAS),7,V ugm-3 (FIDAS),,,5,V ugm-3 (FIDAS),7,V ugm-3 (FIDAS),8,V ugm-3 (FIDAS),6,V ugm-3 (FIDAS),,
29-12-2024,5,V ugm-3 (FIDAS),4,V ugm-3 (FIDAS),4,V ugm-3 (FIDAS),5,V ugm-3 (FIDAS),4,V ugm-3 (FIDAS),5,V ugm-3 (FIDAS),5,V ugm-3 (FIDAS),4,V ugm-3 (FIDAS),,,3,V ugm-3 (FIDAS),4,V ugm-3 (FIDAS),5,V ugm-3 (FIDAS),3,V ugm-3 (FIDAS),,
30-12-2024,5,V ugm-3 (FIDAS),3,V ugm-3 (FIDAS),2,V ugm-3 (FIDAS),3,V ugm-3 (FIDAS),3,V ugm-3 (FIDAS),4,V ugm-3 (FIDAS),2,V ugm-3 (FIDAS),2,V ugm-3 (FIDAS),,,2,V ugm-3 (FIDAS),3,V ugm-3 (FIDAS),4,V ugm-3 (FIDAS),2,V ugm-3 (FIDAS),,
31-12-2024,5,V ugm-3 (FIDAS),4,V ugm-3 (FIDAS),4,V ugm-3 (FIDAS),4,V ugm-3 (FIDAS),4,V ugm-3 (FIDAS),5,V ugm-3 (FIDAS),4,V ugm-3 (FIDAS),4,V ugm-3 (FIDAS),,,3,V ugm-3 (FIDAS),3,V ugm-3 (FIDAS),3,V ugm-3 (FIDAS),3,V ugm-3 (FIDAS),,
01-01-2025,6,V ugm-3 (FIDAS),5,N ugm-3 (FIDAS),5,V ugm-3 (FIDAS),4,V ugm-3 (FIDAS),5,V ugm-3 (FIDAS),6,V ugm-3 (FIDAS),6,V ugm-3 (FIDAS),5,V ugm-3 (FIDAS),,,4,V ugm-3 (FIDAS),4,V ugm-3 (FIDAS),3,V ugm-3 (FIDAS),4,V ugm-3 (FIDAS),,
02-01-2025,14,V ugm-3 (FIDAS),11,N ugm-3 (FIDAS),10,V ugm-3 (FIDAS),10,V ugm-3 (FIDAS),10,V ugm-3 (FIDAS),11,V ugm-3 (FIDAS),12,V ugm-3 (FIDAS),10,V ugm-3 (FIDAS),,,9,V ugm-3 (FIDAS),17,V ugm-3 (FIDAS),16,V ugm-3 (FIDAS),6,V ugm-3 (FIDAS),,
03-01-2025,13,V ugm-3 (FIDAS),8,N ugm-3 (FIDAS),7,V ugm-3 (FIDAS),8,V ugm-3 (FIDAS),9,V ugm-3 (FIDAS),11,V ugm-3 (FIDAS),10,V ugm-3 (FIDAS),10,V ugm-3 (FIDAS),,,7,V ugm-3 (FIDAS),16,V ugm-3 (FIDAS),9,V ugm-3 (FIDAS),5,V ugm-3 (FIDAS),,
04-01-2025,17,V ugm-3 (FIDAS),11,N ugm-3 (FIDAS),11,V ugm-3 (FIDAS),17,V ugm-3 (FIDAS),11,V ugm-3 (FIDAS),13,V ugm-3 (FIDAS),11,V ugm-3 (FIDAS),10,V ugm-3 (FIDAS),,,11,V ugm-3 (FIDAS),13,V ugm-3 (FIDAS),12,V ugm-3 (FIDAS),11,V ugm-3 (FIDAS),,
05-01-2025,6,V ugm-3 (FIDAS),4,N ugm-3 (FIDAS),4,V ugm-3 (FIDAS),5,V ugm-3 (FIDAS),6,V ugm-3 (FIDAS),5,V ugm-3 (FIDAS),6,V ugm-3 (FIDAS),4,V ugm-3 (FIDAS),,,5,V ugm-3 (FIDAS),5,V ugm-3 (FIDAS),4,V ugm-3 (FIDAS),4,V ugm-3 (FIDAS),,
06-01-2025,5,V ugm-3 (FIDAS),4,N ugm-3 (FIDAS),4,V ugm-3 (FIDAS),3,V ugm-3 (FIDAS),3,V ugm-3 (FIDAS),4,V ugm-3 (FIDAS),3,V ugm-3 (FIDAS),3,V ugm-3 (FIDAS),,,5,V ugm-3 (FIDAS),9,V ugm-3 (FIDAS),5,V ugm-3 (FIDAS),4,V ugm-3 (FIDAS),,
07-01-2025,8,V ugm-3 (FIDAS),7,N ugm-3 (FIDAS),6,V ugm-3 (FIDAS),6,V ugm-3 (FIDAS),6,V ugm-3 (FIDAS),8,V ugm-3 (FIDAS),7,V ugm-3 (FIDAS),6,V ugm-3 (FIDAS),,,6,V ugm-3 (FIDAS),17,V ugm-3 (FIDAS),6,V ugm-3 (FIDAS),5,V ugm-3 (FIDAS),,
08-01-2025,20,V ugm-3 (FIDAS),16,N ugm-3 (FIDAS),15,V ugm-3 (FIDAS),16,V ugm-3 (FIDAS),14,V ugm-3 (FIDAS),14,V ugm-3 (FIDAS),13,V ugm-3 (FIDAS),12,V ugm-3 (FIDAS),,,17,V ugm-3 (FIDAS),16,V ugm-3 (FIDAS),14,V ugm-3 (FIDAS),13,V ugm-3 (FIDAS),,
09-01-2025,19,V ugm-3 (FIDAS),14,N ugm-3 (FIDAS),14,V ugm-3 (FIDAS),13,V ugm-3 (FIDAS),16,V ugm-3 (FIDAS),18,V ugm-3 (FIDAS),17,V ugm-3 (FIDAS),16,V ugm-3 (FIDAS),,,14,V ugm-3 (FIDAS),16,V ugm-3 (FIDAS),15,V ugm-3 (FIDAS),9,V ugm-3 (FIDAS),,
10-01-2025,25,V ugm-3 (FIDAS),21,N ugm-3 (FIDAS),20,V ugm-3 (FIDAS),28,V ugm-3 (FIDAS),22,V ugm-3 (FIDAS),25,V ugm-3 (FIDAS),28,V ugm-3 (FIDAS),28,V ugm-3 (FIDAS),,,37,V ugm-3 (FIDAS),23,V ugm-3 (FIDAS),27,V ugm-3 (FIDAS),13,V ugm-3 (FIDAS),,
11-01-2025,45,V ugm-3 (FIDAS),34,N ugm-3 (FIDAS),37,V ugm-3 (FIDAS),39,V ugm-3 (FIDAS),33,V ugm-3 (FIDAS),35,V ugm-3 (FIDAS),35,V ugm-3 (FIDAS),31,V ugm-3 (FIDAS),,,28,V ugm-3 (FIDAS),21,V ugm-3 (FIDAS),23,V ugm-3 (FIDAS),26,V ugm-3 (FIDAS),,
12-01-2025,21,V ugm-3 (FIDAS),17,N ugm-3 (FIDAS),18,V ugm-3 (FIDAS),33,V ugm-3 (FIDAS),19,V ugm-3 (FIDAS),21,V ugm-3 (FIDAS),20,V ugm-3 (FIDAS),19,V ugm-3 (FIDAS),,,28,V ugm-3 (FIDAS),32,V ugm-3 (FIDAS),25,V ugm-3 (FIDAS),25,V ugm-3 (FIDAS),,
13-01-2025,11,V ugm-3 (FIDAS),9,N ugm-3 (FIDAS),9,V ugm-3 (FIDAS),11,V ugm-3 (FIDAS),10,V ugm-3 (FIDAS),11,V ugm-3 (FIDAS),10,V ugm-3 (FIDAS),9,V ugm-3 (FIDAS),,,9,V ugm-3 (FIDAS),10,V ugm-3 (FIDAS),11,V ugm-3 (FIDAS),8,V ugm-3 (FIDAS),,
14-01-2025,14,V ugm-3 (FIDAS),11,N ugm-3 (FIDAS),9,V ugm-3 (FIDAS),15,V ugm-3 (FIDAS),11,V ugm-3 (FIDAS),13,V ugm-3 (FIDAS),13,V ugm-3 (FIDAS),11,V ugm-3 (FIDAS),,,4,V ugm-3 (FIDAS),9,V ugm-3 (FIDAS),12,V ugm-3 (FIDAS),5,V ugm-3 (FIDAS),,
15-01-2025,21,V ugm-3 (FIDAS),10,N ugm-3 (FIDAS),10,V ugm-3 (FIDAS),15,V ugm-3 (FIDAS),11,V ugm-3 (FIDAS),12,V ugm-3 (FIDAS),14,V ugm-3 (FIDAS),13,V ugm-3 (FIDAS),,,12,V ugm-3 (FIDAS),18,V ugm-3 (FIDAS),13,V ugm-3 (FIDAS),8,V ugm-3 (FIDAS),,
16-01-2025,21,V ugm-3 (FIDAS),12,N ugm-3 (FIDAS),14,V ugm-3 (FIDAS),14,V ugm-3 (FIDAS),11,V ugm-3 (FIDAS),12,V ugm-3 (FIDAS),12,V ugm-3 (FIDAS),11,V ugm-3 (FIDAS),,,16,V ugm-3 (FIDAS),28,V ugm-3 (FIDAS),21,V ugm-3 (FIDAS),13,V ugm-3 (FIDAS),,
17-01-2025,20,V ugm-3 (FIDAS),16,N ugm-3 (FIDAS),16,V ugm-3 (FIDAS),19,V ugm-3 (FIDAS),17,V ugm-3 (FIDAS),19,V ugm-3 (FIDAS),17,V ugm-3 (FIDAS),15,V ugm-3 (FIDAS),,,19,V ugm-3 (FIDAS),18,V ugm-3 (FIDAS),18,V ugm-3 (FIDAS),15,V ugm-3 (FIDAS),,
18-01-2025,28,V ugm-3 (FIDAS),22,N ugm-3 (FIDAS),23,V ugm-3 (FIDAS),27,V ugm-3 (FIDAS),21,V ugm-3 (FIDAS),26,V ugm-3 (FIDAS),23,V ugm-3 (FIDAS),21,V ugm-3 (FIDAS),,,20,V ugm-3 (FIDAS),27,V ugm-3 (FIDAS),24,V ugm-3 (FIDAS),19,V ugm-3 (FIDAS),,
19-01-2025,22,V ugm-3 (FIDAS),17,N ugm-3 (FIDAS),20,V ugm-3 (FIDAS),23,V ugm-3 (FIDAS),17,V ugm-3 (FIDAS),20,V ugm-3 (FIDAS),19,V ugm-3 (FIDAS),18,V ugm-3 (FIDAS),,,25,V ugm-3 (FIDAS),22,V ugm-3 (FIDAS),23,V ugm-3 (FIDAS),23,V ugm-3 (FIDAS),,
20-01-2025,34,V ugm-3 (FIDAS),19,N ugm-3 (FIDAS),20,V ugm-3 (FIDAS),25,V ugm-3 (FIDAS),21,V ugm-3 (FIDAS),28,V ugm-3 (FIDAS),23,V ugm-3 (FIDAS),21,V ugm-3 (FIDAS),,,28,V ugm-3 (FIDAS),30,V ugm-3 (FIDAS),27,V ugm-3 (FIDAS),24,V ugm-3 (FIDAS),,
21-01-2025,22,V ugm-3 (FIDAS),18,N ugm-3 (FIDAS),18,V ugm-3 (FIDAS),21,V ugm-3 (FIDAS),20,V ugm-3 (FIDAS),27,V ugm-3 (FIDAS),20,V ugm-3 (FIDAS),18,V ugm-3 (FIDAS),,,18,V ugm-3 (FIDAS),26,V ugm-3 (FIDAS),21,V ugm-3 (FIDAS),18,V ugm-3 (FIDAS),,
22-01-2025,31,V ugm-3 (FIDAS),30,N ugm-3 (FIDAS),28,V ugm-3 (FIDAS),29,V ugm-3 (FIDAS),27,V ugm-3 (FIDAS),31,V ugm-3 (FIDAS),30,V ugm-3 (FIDAS),26,V ugm-3 (FIDAS),,,24,V ugm-3 (FIDAS),32,V ugm-3 (FIDAS),30,V ugm-3 (FIDAS),26,V ugm-3 (FIDAS),,
23-01-2025,15,V ugm-3 (FIDAS),11,N ugm-3 (FIDAS),9,V ugm-3 (FIDAS),11,V ugm-3 (FIDAS),12,V ugm-3 (FIDAS),13,V ugm-3 (FIDAS),12,V ugm-3 (FIDAS),11,V ugm-3 (FIDAS),,,7,V ugm-3 (FIDAS),13,V ugm-3 (FIDAS),11,V ugm-3 (FIDAS),7,V ugm-3 (FIDAS),,
24-01-2025,25,V ugm-3 (FIDAS),19,N ugm-3 (FIDAS),18,V ugm-3 (FIDAS),20,V ugm-3 (FIDAS),20,V ugm-3 (FIDAS),23,V ugm-3 (FIDAS),21,V ugm-3 (FIDAS),18,V ugm-3 (FIDAS),,,20,V ugm-3 (FIDAS),20,V ugm-3 (FIDAS),19,V ugm-3 (FIDAS),17,V ugm-3 (FIDAS),,
25-01-2025,18,V ugm-3 (FIDAS),13,N ugm-3 (FIDAS),11,V ugm-3 (FIDAS),12,V ugm-3 (FIDAS),13,V ugm-3 (FIDAS),20,V ugm-3 (FIDAS),12,V ugm-3 (FIDAS),9,V ugm-3 (FIDAS),,,11,V ugm-3 (FIDAS),14,V ugm-3 (FIDAS),13,V ugm-3 (FIDAS),11,V ugm-3 (FIDAS),,
26-01-2025,8,V ugm-3 (FIDAS),7,N ugm-3 (FIDAS),7,V ugm-3 (FIDAS),7,V ugm-3 (FIDAS),7,V ugm-3 (FIDAS),8,V ugm-3 (FIDAS),8,V ugm-3 (FIDAS),7,V ugm-3 (FIDAS),,,7,V ugm-3 (FIDAS),9,V ugm-3 (FIDAS),8,V ugm-3 (FIDAS),7,V ugm-3 (FIDAS),,
27-01-2025,13,V ugm-3 (FIDAS),10,N ugm-3 (FIDAS),9,V ugm-3 (FIDAS),9,V ugm-3 (FIDAS),9,V ugm-3 (FIDAS),9,V ugm-3 (FIDAS),9,V ugm-3 (FIDAS),8,V ugm-3 (FIDAS),,,8,V ugm-3 (FIDAS),11,V ugm-3 (FIDAS),11,V ugm-3 (FIDAS),8,V ugm-3 (FIDAS),,
28-01-2025,8,V ugm-3 (FIDAS),6,N ugm-3 (FIDAS),6,V ugm-3 (FIDAS),6,V ugm-3 (FIDAS),6,V ugm-3 (FIDAS),7,V ugm-3 (FIDAS),6,V ugm-3 (FIDAS),6,V ugm-3 (FIDAS),,,6,V ugm-3 (FIDAS),10,V ugm-3 (FIDAS),7,V ugm-3 (FIDAS),5,V ugm-3 (FIDAS),,
29-01-2025,15,V ugm-3 (FIDAS),10,N ugm-3 (FIDAS),9,V ugm-3 (FIDAS),9,V ugm-3 (FIDAS),8,V ugm-3 (FIDAS),12,V ugm-3 (FIDAS),9,V ugm-3 (FIDAS),7,V ugm-3 (FIDAS),,,8,V ugm-3 (FIDAS),13,V ugm-3 (FIDAS),13,V ugm-3 (FIDAS),8,V ugm-3 (FIDAS),,
30-01-2025,21,V ugm-3 (FIDAS),11,N ugm-3 (FIDAS),11,V ugm-3 (FIDAS),11,V ugm-3 (FIDAS),11,V ugm-3 (FIDAS),16,V ugm-3 (FIDAS),11,V ugm-3 (FIDAS),9,V ugm-3 (FIDAS),,,10,V ugm-3 (FIDAS),16,V ugm-3 (FIDAS),12,V ugm-3 (FIDAS),12,V ugm-3 (FIDAS),,
31-01-2025,14,V ugm-3 (FIDAS),12,N ugm-3 (FIDAS),12,V ugm-3 (FIDAS),9,V ugm-3 (FIDAS),11,V ugm-3 (FIDAS),11,V ugm-3 (FIDAS),12,V ugm-3 (FIDAS),9,V ugm-3 (FIDAS),,,18,V ugm-3 (FIDAS),15,V ugm-3 (FIDAS),12,V ugm-3 (FIDAS),14,V ugm-3 (FIDAS),,
01-02-2025,18,V ugm-3 (FIDAS),11,N ugm-3 (FIDAS),12,V ugm-3 (FIDAS),14,V ugm-3 (FIDAS),12,V ugm-3 (FIDAS),16,V ugm-3 (FIDAS),11,V ugm-3 (FIDAS),11,V ugm-3 (FIDAS),,,12,V ugm-3 (FIDAS),19,V ugm-3 (FIDAS),16,V ugm-3 (FIDAS),15,V ugm-3 (FIDAS),,
02-02-2025,15,V ugm-3 (FIDAS),9,N ugm-3 (FIDAS),9,V ugm-3 (FIDAS),13,V ugm-3 (FIDAS),13,V ugm-3 (FIDAS),18,V ugm-3 (FIDAS),13,V ugm-3 (FIDAS),11,V ugm-3 (FIDAS),,,9,V ugm-3 (FIDAS),11,V ugm-3 (FIDAS),10,V ugm-3 (FIDAS),9,V ugm-3 (FIDAS),,
03-02-2025,25,V ugm-3 (FIDAS),12,N ugm-3 (FIDAS),11,V ugm-3 (FIDAS),15,V ugm-3 (FIDAS),12,V ugm-3 (FIDAS),14,V ugm-3 (FIDAS),13,V ugm-3 (FIDAS),11,V ugm-3 (FIDAS),,,8,V ugm-3 (FIDAS),15,V ugm-3 (FIDAS),12,V ugm-3 (FIDAS),10,V ugm-3 (FIDAS),,
04-02-2025,14,V ugm-3 (FIDAS),9,N ugm-3 (FIDAS),8,V ugm-3 (FIDAS),9,V ugm-3 (FIDAS),8,V ugm-3 (FIDAS),9,V ugm-3 (FIDAS),8,V ugm-3 (FIDAS),7,V ugm-3 (FIDAS),,,8,V ugm-3 (FIDAS),11,V ugm-3 (FIDAS),10,V ugm-3 (FIDAS),8,V ugm-3 (FIDAS),,
05-02-2025,23,V ugm-3 (FIDAS),17,N ugm-3 (FIDAS),16,V ugm-3 (FIDAS),17,V ugm-3 (FIDAS),16,V ugm-3 (FIDAS),23,V ugm-3 (FIDAS),18,V ugm-3 (FIDAS),15,V ugm-3 (FIDAS),,,20,V ugm-3 (FIDAS),23,V ugm-3 (FIDAS),17,V ugm-3 (FIDAS),11,V ugm-3 (FIDAS),,
06-02-2025,22,V ugm-3 (FIDAS),19,N ugm-3 (FIDAS),18,V ugm-3 (FIDAS),20,V ugm-3 (FIDAS),16,V ugm-3 (FIDAS),20,V ugm-3 (FIDAS),15,V ugm-3 (FIDAS),15,V ugm-3 (FIDAS),,,17,V ugm-3 (FIDAS),23,V ugm-3 (FIDAS),16,V ugm-3 (FIDAS),13,V ugm-3 (FIDAS),,
07-02-2025,14,V ugm-3 (FIDAS),15,N ugm-3 (FIDAS),14,V ugm-3 (FIDAS),11,V ugm-3 (FIDAS),12,V ugm-3 (FIDAS),13,V ugm-3 (FIDAS),12,V ugm-3 (FIDAS),13,V ugm-3 (FIDAS),,,12,V ugm-3 (FIDAS),20,V ugm-3 (FIDAS),13,V ugm-3 (FIDAS),12,V ugm-3 (FIDAS),,
08-02-2025,27,V ugm-3 (FIDAS),23,N ugm-3 (FIDAS),25,V ugm-3 (FIDAS),26,V ugm-3 (FIDAS),26,V ugm-3 (FIDAS),29,V ugm-3 (FIDAS),29,V ugm-3 (FIDAS),27,V ugm-3 (FIDAS),,,22,V ugm-3 (FIDAS),27,V ugm-3 (FIDAS),26,V ugm-3 (FIDAS),24,V ugm-3 (FIDAS),,
09-02-2025,35,V ugm-3 (FIDAS),32,N ugm-3 (FIDAS),34,V ugm-3 (FIDAS),35,V ugm-3 (FIDAS),34,V ugm-3 (FIDAS),36,V ugm-3 (FIDAS),35,V ugm-3 (FIDAS),33,V ugm-3 (FIDAS),,,31,V ugm-3 (FIDAS),32,V ugm-3 (FIDAS),29,V ugm-3 (FIDAS),32,V ugm-3 (FIDAS),,
10-02-2025,22,V ugm-3 (FIDAS),22,N ugm-3 (FIDAS),21,V ugm-3 (FIDAS),18,V ugm-3 (FIDAS),24,V ugm-3 (FIDAS),25,V ugm-3 (FIDAS),25,V ugm-3 (FIDAS),24,V ugm-3 (FIDAS),,,14,V ugm-3 (FIDAS),15,V ugm-3 (FIDAS),12,V ugm-3 (FIDAS),16,V ugm-3 (FIDAS),,
11-02-2025,28,V ugm-3 (FIDAS),26,N ugm-3 (FIDAS),26,V ugm-3 (FIDAS),25,V ugm-3 (FIDAS),28,V ugm-3 (FIDAS),30,V ugm-3 (FIDAS),29,V ugm-3 (FIDAS),27,V ugm-3 (FIDAS),,,23,V ugm-3 (FIDAS),22,V ugm-3 (FIDAS),20,V ugm-3 (FIDAS),21,V ugm-3 (FIDAS),,
12-02-2025,33,V ugm-3 (FIDAS),37,N ugm-3 (FIDAS),30,V ugm-3 (FIDAS),31,V ugm-3 (FIDAS),28,V ugm-3 (FIDAS),31,V ugm-3 (FIDAS),30,V ugm-3 (FIDAS),28,V ugm-3 (FIDAS),,,27,V ugm-3 (FIDAS),32,V ugm-3 (FIDAS),29,V ugm-3 (FIDAS),26,V ugm-3 (FIDAS),,
13-02-2025,24,V ugm-3 (FIDAS),25,N ugm-3 (FIDAS),23,V ugm-3 (FIDAS),17,V ugm-3 (FIDAS),22,V ugm-3 (FIDAS),25,V ugm-3 (FIDAS),23,V ugm-3 (FIDAS),24,V ugm-3 (FIDAS),,,22,V ugm-3 (FIDAS),27,V ugm-3 (FIDAS),22,V ugm-3 (FIDAS),21,V ugm-3 (FIDAS),,
14-02-2025,26,V ugm-3 (FIDAS),21,N ugm-3 (FIDAS),22,V ugm-3 (FIDAS),22,V ugm-3 (FIDAS),21,V ugm-3 (FIDAS),27,V ugm-3 (FIDAS),22,V ugm-3 (FIDAS),24,V ugm-3 (FIDAS),,,22,V ugm-3 (FIDAS),29,V ugm-3 (FIDAS),24,V ugm-3 (FIDAS),21,V ugm-3 (FIDAS),,
15-02-2025,31,V ugm-3 (FIDAS),29,N ugm-3 (FIDAS),30,V ugm-3 (FIDAS),31,V ugm-3 (FIDAS),32,V ugm-3 (FIDAS),34,V ugm-3 (FIDAS),33,V ugm-3 (FIDAS),32,V ugm-3 (FIDAS),,,27,V ugm-3 (FIDAS),34,V ugm-3 (FIDAS),29,V ugm-3 (FIDAS),28,V ugm-3 (FIDAS),,
16-02-2025,25,V ugm-3 (FIDAS),23,N ugm-3 (FIDAS),25,V ugm-3 (FIDAS),22,V ugm-3 (FIDAS),24,V ugm-3 (FIDAS),26,V ugm-3 (FIDAS),25,V ugm-3 (FIDAS),24,V ugm-3 (FIDAS),,,27,V ugm-3 (FIDAS),28,V ugm-3 (FIDAS),22,V ugm-3 (FIDAS),24,V ugm-3 (FIDAS),,
17-02-2025,23,V ugm-3 (FIDAS),20,N ugm-3 (FIDAS),22,V ugm-3 (FIDAS),19,V ugm-3 (FIDAS),20,V ugm-3 (FIDAS),26,V ugm-3 (FIDAS),20,V ugm-3 (FIDAS),21,V ugm-3 (FIDAS),,,23,V ugm-3 (FIDAS),26,V ugm-3 (FIDAS),22,V ugm-3 (FIDAS),21,V ugm-3 (FIDAS),,
18-02-2025,30,V ugm-3 (FIDAS),28,N ugm-3 (FIDAS),28,V ugm-3 (FIDAS),26,V ugm-3 (FIDAS),27,V ugm-3 (FIDAS),33,V ugm-3 (FIDAS),28,V ugm-3 (FIDAS),28,V ugm-3 (FIDAS),,,29,V ugm-3 (FIDAS),31,V ugm-3 (FIDAS),29,V ugm-3 (FIDAS),28,V ugm-3 (FIDAS),,
19-02-2025,39,V ugm-3 (FIDAS),35,N ugm-3 (FIDAS),36,V ugm-3 (FIDAS),38,V ugm-3 (FIDAS),36,V ugm-3 (FIDAS),40,V ugm-3 (FIDAS),37,V ugm-3 (FIDAS),37,V ugm-3 (FIDAS),,,38,V ugm-3 (FIDAS),42,V ugm-3 (FIDAS),39,V ugm-3 (FIDAS),35,V ugm-3 (FIDAS),,
20-02-2025,8,V ugm-3 (FIDAS),6,N ugm-3 (FIDAS),6,V ugm-3 (FIDAS),7,V ugm-3 (FIDAS),6,V ugm-3 (FIDAS),6,V ugm-3 (FIDAS),6,V ugm-3 (FIDAS),5,V ugm-3 (FIDAS),,,7,V ugm-3 (FIDAS),10,V ugm-3 (FIDAS),8,V ugm-3 (FIDAS),7,V ugm-3 (FIDAS),,
21-02-2025,8,V ugm-3 (FIDAS),6,N ugm-3 (FIDAS),6,V ugm-3 (FIDAS),7,V ugm-3 (FIDAS),6,V ugm-3 (FIDAS),7,V ugm-3 (FIDAS),7,V ugm-3 (FIDAS),6,V ugm-3 (FIDAS),,,7,V ugm-3 (FIDAS),9,V ugm-3 (FIDAS),8,V ugm-3 (FIDAS),7,V ugm-3 (FIDAS),,
22-02-2025,15,V ugm-3 (FIDAS),13,N ugm-3 (FIDAS),12,V ugm-3 (FIDAS),15,V ugm-3 (FIDAS),13,V ugm-3 (FIDAS),16,V ugm-3 (FIDAS),13,V ugm-3 (FIDAS),13,V ugm-3 (FIDAS),,,13,V ugm-3 (FIDAS),13,V ugm-3 (FIDAS),14,V ugm-3 (FIDAS),11,V ugm-3 (FIDAS),,
23-02-2025,8,V ugm-3 (FIDAS),7,N ugm-3 (FIDAS),7,V ugm-3 (FIDAS),8,V ugm-3 (FIDAS),7,V ugm-3 (FIDAS),8,V ugm-3 (FIDAS),7,V ugm-3 (FIDAS),6,V ugm-3 (FIDAS),,,6,V ugm-3 (FIDAS),8,V ugm-3 (FIDAS),8,V ugm-3 (FIDAS),6,V ugm-3 (FIDAS),,
24-02-2025,12,V ugm-3 (FIDAS),8,N ugm-3 (FIDAS),7,V ugm-3 (FIDAS),8,V ugm-3 (FIDAS),8,V ugm-3 (FIDAS),10,V ugm-3 (FIDAS),8,V ugm-3 (FIDAS),8,V ugm-3 (FIDAS),,,8,V ugm-3 (FIDAS),10,V ugm-3 (FIDAS),9,V ugm-3 (FIDAS),7,V ugm-3 (FIDAS),,
25-02-2025,21,V ugm-3 (FIDAS),11,N ugm-3 (FIDAS),10,V ugm-3 (FIDAS),10,V ugm-3 (FIDAS),12,V ugm-3 (FIDAS),15,V ugm-3 (FIDAS),10,V ugm-3 (FIDAS),11,V ugm-3 (FIDAS),,,10,V ugm-3 (FIDAS),14,V ugm-3 (FIDAS),14,V ugm-3 (FIDAS),10,V ugm-3 (FIDAS),,
26-02-2025,13,V ugm-3 (FIDAS),7,N ugm-3 (FIDAS),7,V ugm-3 (FIDAS),8,V ugm-3 (FIDAS),7,V ugm-3 (FIDAS),9,V ugm-3 (FIDAS),7,V ugm-3 (FIDAS),7,V ugm-3 (FIDAS),,,7,V ugm-3 (FIDAS),10,V ugm-3 (FIDAS),8,V ugm-3 (FIDAS),7,V ugm-3 (FIDAS),,
27-02-2025,12,V ugm-3 (FIDAS),9,N ugm-3 (FIDAS),9,V ugm-3 (FIDAS),8,V ugm-3 (FIDAS),8,V ugm-3 (FIDAS),10,V ugm-3 (FIDAS),9,V ugm-3 (FIDAS),7,V ugm-3 (FIDAS),,,8,V ugm-3 (FIDAS),13,V ugm-3 (FIDAS),16,V ugm-3 (FIDAS),9,V ugm-3 (FIDAS),,
28-02-2025,27,V ugm-3 (FIDAS),19,N ugm-3 (FIDAS),15,V ugm-3 (FIDAS),16,V ugm-3 (FIDAS),19,V ugm-3 (FIDAS),25,V ugm-3 (FIDAS),18,V ugm-3 (FIDAS),17,V ugm-3 (FIDAS),,,14,V ugm-3 (FIDAS),30,V ugm-3 (FIDAS),28,V ugm-3 (FIDAS),13,V ugm-3 (FIDAS),,
01-03-2025,35,V ugm-3 (FIDAS),22,N ugm-3 (FIDAS),19,V ugm-3 (FIDAS),21,V ugm-3 (FIDAS),21,V ugm-3 (FIDAS),37,V ugm-3 (FIDAS),21,V ugm-3 (FIDAS),23,V ugm-3 (FIDAS),,,20,V ugm-3 (FIDAS),32,V ugm-3 (FIDAS),30,V ugm-3 (FIDAS),19,V ugm-3 (FIDAS),,
02-03-2025,42,V ugm-3 (FIDAS),24,N ugm-3 (FIDAS),20,V ugm-3 (FIDAS),24,V ugm-3 (FIDAS),23,V ugm-3 (FIDAS),37,V ugm-3 (FIDAS),23,V ugm-3 (FIDAS),25,V ugm-3 (FIDAS),,,13,V ugm-3 (FIDAS),20,V ugm-3 (FIDAS),24,V ugm-3 (FIDAS),12,V ugm-3 (FIDAS),,
03-03-2025,36,V ugm-3 (FIDAS),16,N ugm-3 (FIDAS),15,V ugm-3 (FIDAS),25,V ugm-3 (FIDAS),22,V ugm-3 (FIDAS),29,V ugm-3 (FIDAS),20,V ugm-3 (FIDAS),20,V ugm-3 (FIDAS),,,10,V ugm-3 (FIDAS),19,V ugm-3 (FIDAS),22,V ugm-3 (FIDAS),12,V ugm-3 (FIDAS),,
04-03-2025,44,V ugm-3 (FIDAS),19,N ugm-3 (FIDAS),17,V ugm-3 (FIDAS),23,V ugm-3 (FIDAS),21,V ugm-3 (FIDAS),29,V ugm-3 (FIDAS),23,V ugm-3 (FIDAS),22,V ugm-3 (FIDAS),,,13,V ugm-3 (FIDAS),22,V ugm-3 (FIDAS),20,V ugm-3 (FIDAS),15,V ugm-3 (FIDAS),,
05-03-2025,47,V ugm-3 (FIDAS),25,N ugm-3 (FIDAS),21,V ugm-3 (FIDAS),26,V ugm-3 (FIDAS),28,V ugm-3 (FIDAS),32,V ugm-3 (FIDAS),28,V ugm-3 (FIDAS),25,V ugm-3 (FIDAS),,,17,V ugm-3 (FIDAS),26,V ugm-3 (FIDAS),22,V ugm-3 (FIDAS),17,V ugm-3 (FIDAS),,
06-03-2025,52,V ugm-3 (FIDAS),29,N ugm-3 (FIDAS),28,V ugm-3 (FIDAS),34,V ugm-3 (FIDAS),32,V ugm-3 (FIDAS),39,V ugm-3 (FIDAS),32,V ugm-3 (FIDAS),33,V ugm-3 (FIDAS),,,32,V ugm-3 (FIDAS),43,V ugm-3 (FIDAS),36,V ugm-3 (FIDAS),34,V ugm-3 (FIDAS),,
07-03-2025,30,V ugm-3 (FIDAS),21,N ugm-3 (FIDAS),20,V ugm-3 (FIDAS),23,V ugm-3 (FIDAS),22,V ugm-3 (FIDAS),27,V ugm-3 (FIDAS),22,V ugm-3 (FIDAS),23,V ugm-3 (FIDAS),,,20,V ugm-3 (FIDAS),29,V ugm-3 (FIDAS),22,V ugm-3 (FIDAS),21,V ugm-3 (FIDAS),,
08-03-2025,27,V ugm-3 (FIDAS),28,N ugm-3 (FIDAS),28,V ugm-3 (FIDAS),23,V ugm-3 (FIDAS),25,V ugm-3 (FIDAS),30,V ugm-3 (FIDAS),26,V ugm-3 (FIDAS),27,V ugm-3 (FIDAS),,,24,V ugm-3 (FIDAS),27,V ugm-3 (FIDAS),24,V ugm-3 (FIDAS),22,V ugm-3 (FIDAS),,
09-03-2025,42,V ugm-3 (FIDAS),46,N ugm-3 (FIDAS),43,V ugm-3 (FIDAS),44,V ugm-3 (FIDAS),42,V ugm-3 (FIDAS),49,V ugm-3 (FIDAS),40,V ugm-3 (FIDAS),39,V ugm-3 (FIDAS),,,42,V ugm-3 (FIDAS),43,V ugm-3 (FIDAS),42,V ugm-3 (FIDAS),39,V ugm-3 (FIDAS),,
10-03-2025,61,V ugm-3 (FIDAS),58,N ugm-3 (FIDAS),59,V ugm-3 (FIDAS),52,V ugm-3 (FIDAS),55,V ugm-3 (FIDAS),58,V ugm-3 (FIDAS),60,V ugm-3 (FIDAS),57,V ugm-3 (FIDAS),,,56,V ugm-3 (FIDAS),49,V ugm-3 (FIDAS),47,V ugm-3 (FIDAS),52,V ugm-3 (FIDAS),,
11-03-2025,18,V ugm-3 (FIDAS),14,N ugm-3 (FIDAS),12,V ugm-3 (FIDAS),10,V ugm-3 (FIDAS),12,V ugm-3 (FIDAS),14,V ugm-3 (FIDAS),14,V ugm-3 (FIDAS),12,V ugm-3 (FIDAS),,,11,V ugm-3 (FIDAS),14,V ugm-3 (FIDAS),15,V ugm-3 (FIDAS),11,V ugm-3 (FIDAS),,
12-03-2025,14,V ugm-3 (FIDAS),7,N ugm-3 (FIDAS),7,V ugm-3 (FIDAS),9,V ugm-3 (FIDAS),7,V ugm-3 (FIDAS),9,V ugm-3 (FIDAS),8,V ugm-3 (FIDAS),6,V ugm-3 (FIDAS),,,6,V ugm-3 (FIDAS),12,V ugm-3 (FIDAS),10,V ugm-3 (FIDAS),6,V ugm-3 (FIDAS),,
13-03-2025,13,V ugm-3 (FIDAS),9,N ugm-3 (FIDAS),8,V ugm-3 (FIDAS),8,V ugm-3 (FIDAS),7,V ugm-3 (FIDAS),8,V ugm-3 (FIDAS),9,V ugm-3 (FIDAS),8,V ugm-3 (FIDAS),,,7,V ugm-3 (FIDAS),11,V ugm-3 (FIDAS),17,V ugm-3 (FIDAS),7,V ugm-3 (FIDAS),,
14-03-2025,13,V ugm-3 (FIDAS),11,N ugm-3 (FIDAS),13,V ugm-3 (FIDAS),9,V ugm-3 (FIDAS),12,V ugm-3 (FIDAS),14,V ugm-3 (FIDAS),13,V ugm-3 (FIDAS),14,V ugm-3 (FIDAS),,,10,V ugm-3 (FIDAS),18,V ugm-3 (FIDAS),14,V ugm-3 (FIDAS),8,V ugm-3 (FIDAS),,
15-03-2025,9,V ugm-3 (FIDAS),10,N ugm-3 (FIDAS),9,V ugm-3 (FIDAS),7,V ugm-3 (FIDAS),10,V ugm-3 (FIDAS),11,V ugm-3 (FIDAS),9,V ugm-3 (FIDAS),9,V ugm-3 (FIDAS),,,11,V ugm-3 (FIDAS),12,V ugm-3 (FIDAS),11,V ugm-3 (FIDAS),9,V ugm-3 (FIDAS),,
16-03-2025,10,V ugm-3 (FIDAS),9,N ugm-3 (FIDAS),8,V ugm-3 (FIDAS),9,V ugm-3 (FIDAS),8,V ugm-3 (FIDAS),9,V ugm-3 (FIDAS),8,V ugm-3 (FIDAS),9,V ugm-3 (FIDAS),,,10,V ugm-3 (FIDAS),13,V ugm-3 (FIDAS),10,V ugm-3 (FIDAS),8,V ugm-3 (FIDAS),,
17-03-2025,14,V ugm-3 (FIDAS),13,N ugm-3 (FIDAS),13,V ugm-3 (FIDAS),11,V ugm-3 (FIDAS),11,V ugm-3 (FIDAS),13,V ugm-3 (FIDAS),12,V ugm-3 (FIDAS),11,V ugm-3 (FIDAS),,,12,V ugm-3 (FIDAS),19,V ugm-3 (FIDAS),14,V ugm-3 (FIDAS),12,V ugm-3 (FIDAS),,
18-03-2025,19,V ugm-3 (FIDAS),20,N ugm-3 (FIDAS),20,V ugm-3 (FIDAS),16,V ugm-3 (FIDAS),17,V ugm-3 (FIDAS),20,V ugm-3 (FIDAS),18,V ugm-3 (FIDAS),18,V ugm-3 (FIDAS),,,19,V ugm-3 (FIDAS),22,V ugm-3 (FIDAS),18,V ugm-3 (FIDAS),18,V ugm-3 (FIDAS),,
19-03-2025,46,V ugm-3 (FIDAS),43,N ugm-3 (FIDAS),42,V ugm-3 (FIDAS),37,V ugm-3 (FIDAS),36,V ugm-3 (FIDAS),40,V ugm-3 (FIDAS),39,V ugm-3 (FIDAS),36,V ugm-3 (FIDAS),,,38,V ugm-3 (FIDAS),52,V ugm-3 (FIDAS),43,V ugm-3 (FIDAS),35,V ugm-3 (FIDAS),,
20-03-2025,43,V ugm-3 (FIDAS),33,N ugm-3 (FIDAS),32,V ugm-3 (FIDAS),36,V ugm-3 (FIDAS),25,V ugm-3 (FIDAS),32,V ugm-3 (FIDAS),23,V ugm-3 (FIDAS),26,V ugm-3 (FIDAS),,,32,V ugm-3 (FIDAS),48,V ugm-3 (FIDAS),36,V ugm-3 (FIDAS),30,V ugm-3 (FIDAS),,
21-03-2025,35,V ugm-3 (FIDAS),38,N ugm-3 (FIDAS),36,V ugm-3 (FIDAS),34,V ugm-3 (FIDAS),32,V ugm-3 (FIDAS),37,V ugm-3 (FIDAS),35,V ugm-3 (FIDAS),37,V ugm-3 (FIDAS),,,33,V ugm-3 (FIDAS),38,V ugm-3 (FIDAS),34,V ugm-3 (FIDAS),33,V ugm-3 (FIDAS),,
22-03-2025,21,V ugm-3 (FIDAS),22,N ugm-3 (FIDAS),21,V ugm-3 (FIDAS),22,V ugm-3 (FIDAS),17,V ugm-3 (FIDAS),22,V ugm-3 (FIDAS),18,V ugm-3 (FIDAS),19,V ugm-3 (FIDAS),,,21,V ugm-3 (FIDAS),29,V ugm-3 (FIDAS),22,V ugm-3 (FIDAS),20,V ugm-3 (FIDAS),,
23-03-2025,33,V ugm-3 (FIDAS),32,N ugm-3 (FIDAS),33,V ugm-3 (FIDAS),34,V ugm-3 (FIDAS),31,V ugm-3 (FIDAS),31,V ugm-3 (FIDAS),29,V ugm-3 (FIDAS),28,V ugm-3 (FIDAS),,,25,V ugm-3 (FIDAS),33,V ugm-3 (FIDAS),29,V ugm-3 (FIDAS),23,V ugm-3 (FIDAS),,
24-03-2025,47,V ugm-3 (FIDAS),46,N ugm-3 (FIDAS),45,V ugm-3 (FIDAS),34,V ugm-3 (FIDAS),41,V ugm-3 (FIDAS),45,V ugm-3 (FIDAS),46,V ugm-3 (FIDAS),46,V ugm-3 (FIDAS),,,40,V ugm-3 (FIDAS),39,V ugm-3 (FIDAS),37,V ugm-3 (FIDAS),39,V ugm-3 (FIDAS),No data,V ugm-3 (FIDAS)
25-03-2025,21,V ugm-3 (FIDAS),17,N ugm-3 (FIDAS),15,V ugm-3 (FIDAS),13,V ugm-3 (FIDAS),21,V ugm-3 (FIDAS),23,V ugm-3 (FIDAS),25,V ugm-3 (FIDAS),23,V ugm-3 (FIDAS),,,10,V ugm-3 (FIDAS),15,V ugm-3 (FIDAS),13,V ugm-3 (FIDAS),9,V ugm-3 (FIDAS),18,V ugm-3 (FIDAS)
26-03-2025,24,V ugm-3 (FIDAS),13,N ugm-3 (FIDAS),14,V ugm-3 (FIDAS),15,V ugm-3 (FIDAS),17,V ugm-3 (FIDAS),21,V ugm-3 (FIDAS),15,V ugm-3 (FIDAS),15,V ugm-3 (FIDAS),,,No data,V ugm-3 (FIDAS),18,V ugm-3 (FIDAS),17,V ugm-3 (FIDAS),9,V ugm-3 (FIDAS),13,V ugm-3 (FIDAS)
27-03-2025,16,V ugm-3 (FIDAS),6,N ugm-3 (FIDAS),6,V ugm-3 (FIDAS),6,V ugm-3 (FIDAS),11,V ugm-3 (FIDAS),15,V ugm-3 (FIDAS),10,V ugm-3 (FIDAS),10,V ugm-3 (FIDAS),,,No data,V ugm-3 (FIDAS),10,V ugm-3 (FIDAS),11,V ugm-3 (FIDAS),4,V ugm-3 (FIDAS),8,V ugm-3 (FIDAS)
28-03-2025,12,V ugm-3 (FIDAS),6,N ugm-3 (FIDAS),7,V ugm-3 (FIDAS),6,V ugm-3 (FIDAS),7,V ugm-3 (FIDAS),8,V ugm-3 (FIDAS),7,V ugm-3 (FIDAS),6,V ugm-3 (FIDAS),,,No data,V ugm-3 (FIDAS),12,V ugm-3 (FIDAS),9,V ugm-3 (FIDAS),7,V ugm-3 (FIDAS),6,V ugm-3 (FIDAS)
29-03-2025,12,V ugm-3 (FIDAS),8,N ugm-3 (FIDAS),7,V ugm-3 (FIDAS),8,V ugm-3 (FIDAS),8,V ugm-3 (FIDAS),10,V ugm-3 (FIDAS),8,V ugm-3 (FIDAS),No data,V ugm-3 (FIDAS),,,7,V ugm-3 (FIDAS),10,V ugm-3 (FIDAS),10,V ugm-3 (FIDAS),7,V ugm-3 (FIDAS),8,V ugm-3 (FIDAS)
30-03-2025,18,V ugm-3 (FIDAS),14,N ugm-3 (FIDAS),15,V ugm-3 (FIDAS),16,V ugm-3 (FIDAS),13,V ugm-3 (FIDAS),15,V ugm-3 (FIDAS),14,V ugm-3 (FIDAS),13,V ugm-3 (FIDAS),,,15,V ugm-3 (FIDAS),21,V ugm-3 (FIDAS),25,V ugm-3 (FIDAS),15,V ugm-3 (FIDAS),14,V ugm-3 (FIDAS)
31-03-2025,24,V ugm-3 (FIDAS),18,N ugm-3 (FIDAS),17,V ugm-3 (FIDAS),17,V ugm-3 (FIDAS),16,V ugm-3 (FIDAS),19,V ugm-3 (FIDAS),16,V ugm-3 (FIDAS),16,V ugm-3 (FIDAS),,,20,V ugm-3 (FIDAS),21,V ugm-3 (FIDAS),19,V ugm-3 (FIDAS),15,V ugm-3 (FIDAS),15,V ugm-3 (FIDAS)
01-04-2025,13,N ugm-3 (FIDAS),18,N ugm-3 (FIDAS),14,N ugm-3 (FIDAS),11,N ugm-3 (FIDAS),11,N ugm-3 (FIDAS),12,N ugm-3 (FIDAS),10,N ugm-3 (FIDAS),11,N ugm-3 (FIDAS),,,14,N ugm-3 (FIDAS),15,N ugm-3 (FIDAS),13,N ugm-3 (FIDAS),15,N ugm-3 (FIDAS),12,N ugm-3 (FIDAS)
02-04-2025,18,N ugm-3 (FIDAS),24,N ugm-3 (FIDAS),18,N ugm-3 (FIDAS),13,N ugm-3 (FIDAS),15,N ugm-3 (FIDAS),15,N ugm-3 (FIDAS),16,N ugm-3 (FIDAS),16,N ugm-3 (FIDAS),,,14,N ugm-3 (FIDAS),16,N ugm-3 (FIDAS),14,N ugm-3 (FIDAS),15,N ugm-3 (FIDAS),15,N ugm-3 (FIDAS)
03-04-2025,29,N ugm-3 (FIDAS),33,N ugm-3 (FIDAS),31,N ugm-3 (FIDAS),27,N ugm-3 (FIDAS),27,N ugm-3 (FIDAS),27,N ugm-3 (FIDAS),26,N ugm-3 (FIDAS),27,N ugm-3 (FIDAS),,,27,N ugm-3 (FIDAS),33,N ugm-3 (FIDAS),30,N ugm-3 (FIDAS),29,N ugm-3 (FIDAS),27,N ugm-3 (FIDAS)
04-04-2025,29,N ugm-3 (FIDAS),30,N ugm-3 (FIDAS),31,N ugm-3 (FIDAS),22,N ugm-3 (FIDAS),27,N ugm-3 (FIDAS),27,N ugm-3 (FIDAS),29,N ugm-3 (FIDAS),30,N ugm-3 (FIDAS),,,28,N ugm-3 (FIDAS),32,N ugm-3 (FIDAS),26,N ugm-3 (FIDAS),27,N ugm-3 (FIDAS),31,N ugm-3 (FIDAS)
05-04-2025,17,N ugm-3 (FIDAS),17,N ugm-3 (FIDAS),17,N ugm-3 (FIDAS),13,N ugm-3 (FIDAS),13,N ugm-3 (FIDAS),14,N ugm-3 (FIDAS),14,N ugm-3 (FIDAS),14,N ugm-3 (FIDAS),,,13,N ugm-3 (FIDAS),15,N ugm-3 (FIDAS),14,N ugm-3 (FIDAS),13,N ugm-3 (FIDAS),13,N ugm-3 (FIDAS)
06-04-2025,12,N ugm-3 (FIDAS),12,N ugm-3 (FIDAS),12,N ugm-3 (FIDAS),10,N ugm-3 (FIDAS),11,N ugm-3 (FIDAS),11,N ugm-3 (FIDAS),11,N ugm-3 (FIDAS),10,N ugm-3 (FIDAS),,,11,N ugm-3 (FIDAS),12,N ugm-3 (FIDAS),13,N ugm-3 (FIDAS),11,N ugm-3 (FIDAS),11,N ugm-3 (FIDAS)
07-04-2025,15,N ugm-3 (FIDAS),17,N ugm-3 (FIDAS),15,N ugm-3 (FIDAS),12,N ugm-3 (FIDAS),13,N ugm-3 (FIDAS),14,N ugm-3 (FIDAS),12,N ugm-3 (FIDAS),11,N ugm-3 (FIDAS),,,15,N ugm-3 (FIDAS),19,N ugm-3 (FIDAS),13,N ugm-3 (FIDAS),13,N ugm-3 (FIDAS),12,N ugm-3 (FIDAS)
08-04-2025,20,N ugm-3 (FIDAS),21,N ugm-3 (FIDAS),19,N ugm-3 (FIDAS),15,N ugm-3 (FIDAS),16,N ugm-3 (FIDAS),17,N ugm-3 (FIDAS),15,N ugm-3 (FIDAS),15,N ugm-3 (FIDAS),,,21,N ugm-3 (FIDAS),26,N ugm-3 (FIDAS),20,N ugm-3 (FIDAS),19,N ugm-3 (FIDAS),16,N ugm-3 (FIDAS)
09-04-2025,22,N ugm-3 (FIDAS),21,N ugm-3 (FIDAS),22,N ugm-3 (FIDAS),19,N ugm-3 (FIDAS),18,N ugm-3 (FIDAS),19,N ugm-3 (FIDAS),15,N ugm-3 (FIDAS),15,N ugm-3 (FIDAS),,,26,N ugm-3 (FIDAS),30,N ugm-3 (FIDAS),23,N ugm-3 (FIDAS),22,N ugm-3 (FIDAS),21,N ugm-3 (FIDAS)
10-04-2025,34,N ugm-3 (FIDAS),33,N ugm-3 (FIDAS),31,N ugm-3 (FIDAS),36,N ugm-3 (FIDAS),27,N ugm-3 (FIDAS),26,N ugm-3 (FIDAS),23,N ugm-3 (FIDAS),23,N ugm-3 (FIDAS),,,24,N ugm-3 (FIDAS),31,N ugm-3 (FIDAS),29,N ugm-3 (FIDAS),26,N ugm-3 (FIDAS),26,N ugm-3 (FIDAS)
11-04-2025,38,N ugm-3 (FIDAS),36,N ugm-3 (FIDAS),30,N ugm-3 (FIDAS),28,N ugm-3 (FIDAS),31,N ugm-3 (FIDAS),33,N ugm-3 (FIDAS),31,N ugm-3 (FIDAS),31,N ugm-3 (FIDAS),,,32,N ugm-3 (FIDAS),33,N ugm-3 (FIDAS),33,N ugm-3 (FIDAS),29,N ugm-3 (FIDAS),29,N ugm-3 (FIDAS)
12-04-2025,33,N ugm-3 (FIDAS),28,N ugm-3 (FIDAS),26,N ugm-3 (FIDAS),27,N ugm-3 (FIDAS),26,N ugm-3 (FIDAS),30,N ugm-3 (FIDAS),25,N ugm-3 (FIDAS),24,N ugm-3 (FIDAS),,,25,N ugm-3 (FIDAS),32,N ugm-3 (FIDAS),29,N ugm-3 (FIDAS),26,N ugm-3 (FIDAS),25,N ugm-3 (FIDAS)
13-04-2025,16,N ugm-3 (FIDAS),10,N ugm-3 (FIDAS),10,N ugm-3 (FIDAS),9,N ugm-3 (FIDAS),11,N ugm-3 (FIDAS),13,N ugm-3 (FIDAS),10,N ugm-3 (FIDAS),10,N ugm-3 (FIDAS),,,9,N ugm-3 (FIDAS),10,N ugm-3 (FIDAS),10,N ugm-3 (FIDAS),8,N ugm-3 (FIDAS),8,N ugm-3 (FIDAS)
14-04-2025,16,N ugm-3 (FIDAS),7,N ugm-3 (FIDAS),7,N ugm-3 (FIDAS),11,N ugm-3 (FIDAS),8,N ugm-3 (FIDAS),12,N ugm-3 (FIDAS),7,N ugm-3 (FIDAS),7,N ugm-3 (FIDAS),,,6,N ugm-3 (FIDAS),13,N ugm-3 (FIDAS),11,N ugm-3 (FIDAS),8,N ugm-3 (FIDAS),8,N ugm-3 (FIDAS)
15-04-2025,15,N ugm-3 (FIDAS),14,N ugm-3 (FIDAS),13,N ugm-3 (FIDAS),12,N ugm-3 (FIDAS),11,N ugm-3 (FIDAS),11,N ugm-3 (FIDAS),11,N ugm-3 (FIDAS),12,N ugm-3 (FIDAS),,,9,N ugm-3 (FIDAS),17,N ugm-3 (FIDAS),14,N ugm-3 (FIDAS),11,N ugm-3 (FIDAS),10,N ugm-3 (FIDAS)
16-04-2025,17,N ugm-3 (FIDAS),7,N ugm-3 (FIDAS),6,N ugm-3 (FIDAS),12,N ugm-3 (FIDAS),10,N ugm-3 (FIDAS),10,N ugm-3 (FIDAS),11,N ugm-3 (FIDAS),8,N ugm-3 (FIDAS),,,4,N ugm-3 (FIDAS),6,N ugm-3 (FIDAS),5,N ugm-3 (FIDAS),5,N ugm-3 (FIDAS),7,N ugm-3 (FIDAS)
17-04-2025,12,N ugm-3 (FIDAS),9,N ugm-3 (FIDAS),8,N ugm-3 (FIDAS),9,N ugm-3 (FIDAS),9,N ugm-3 (FIDAS),10,N ugm-3 (FIDAS),9,N ugm-3 (FIDAS),8,N ugm-3 (FIDAS),,,7,N ugm-3 (FIDAS),10,N ugm-3 (FIDAS),9,N ugm-3 (FIDAS),8,N ugm-3 (FIDAS),9,N ugm-3 (FIDAS)
18-04-2025,13,N ugm-3 (FIDAS),11,N ugm-3 (FIDAS),11,N ugm-3 (FIDAS),13,N ugm-3 (FIDAS),11,N ugm-3 (FIDAS),13,N ugm-3 (FIDAS),11,N ugm-3 (FIDAS),11,N ugm-3 (FIDAS),,,8,N ugm-3 (FIDAS),17,N ugm-3 (FIDAS),12,N ugm-3 (FIDAS),9,N ugm-3 (FIDAS),10,N ugm-3 (FIDAS)
19-04-2025,17,N ugm-3 (FIDAS),16,N ugm-3 (FIDAS),16,N ugm-3 (FIDAS),13,N ugm-3 (FIDAS),15,N ugm-3 (FIDAS),16,N ugm-3 (FIDAS),16,N ugm-3 (FIDAS),16,N ugm-3 (FIDAS),,,16,N ugm-3 (FIDAS),14,N ugm-3 (FIDAS),14,N ugm-3 (FIDAS),15,N ugm-3 (FIDAS),17,N ugm-3 (FIDAS)
20-04-2025,10,N ugm-3 (FIDAS),10,N ugm-3 (FIDAS),11,N ugm-3 (FIDAS),10,N ugm-3 (FIDAS),9,N ugm-3 (FIDAS),9,N ugm-3 (FIDAS),9,N ugm-3 (FIDAS),9,N ugm-3 (FIDAS),,,11,N ugm-3 (FIDAS),12,N ugm-3 (FIDAS),11,N ugm-3 (FIDAS),10,N ugm-3 (FIDAS),10,N ugm-3 (FIDAS)
21-04-2025,12,N ugm-3 (FIDAS),10,N ugm-3 (FIDAS),10,N ugm-3 (FIDAS),9,N ugm-3 (FIDAS),10,N ugm-3 (FIDAS),11,N ugm-3 (FIDAS),10,N ugm-3 (FIDAS),10,N ugm-3 (FIDAS),,,8,N ugm-3 (FIDAS),14,N ugm-3 (FIDAS),9,N ugm-3 (FIDAS),7,N ugm-3 (FIDAS),9,N ugm-3 (FIDAS)
22-04-2025,15,N ugm-3 (FIDAS),8,N ugm-3 (FIDAS),7,N ugm-3 (FIDAS),9,N ugm-3 (FIDAS),8,N ugm-3 (FIDAS),10,N ugm-3 (FIDAS),9,N ugm-3 (FIDAS),8,N ugm-3 (FIDAS),,,7,N ugm-3 (FIDAS),12,N ugm-3 (FIDAS),11,N ugm-3 (FIDAS),7,N ugm-3 (FIDAS),8,N ugm-3 (FIDAS)
23-04-2025,12,N ugm-3 (FIDAS),15,N ugm-3 (FIDAS),11,N ugm-3 (FIDAS),9,N ugm-3 (FIDAS),9,N ugm-3 (FIDAS),10,N ugm-3 (FIDAS),8,N ugm-3 (FIDAS),8,N ugm-3 (FIDAS),,,8,N ugm-3 (FIDAS),13,N ugm-3 (FIDAS),10,N ugm-3 (FIDAS),8,N ugm-3 (FIDAS),7,N ugm-3 (FIDAS)
24-04-2025,18,N ugm-3 (FIDAS),25,N ugm-3 (FIDAS),17,N ugm-3 (FIDAS),13,N ugm-3 (FIDAS),12,N ugm-3 (FIDAS),12,N ugm-3 (FIDAS),14,N ugm-3 (FIDAS),12,N ugm-3 (FIDAS),,,19,N ugm-3 (FIDAS),19,N ugm-3 (FIDAS),16,N ugm-3 (FIDAS),17,N ugm-3 (FIDAS),15,N ugm-3 (FIDAS)
25-04-2025,20,N ugm-3 (FIDAS),15,N ugm-3 (FIDAS),16,N ugm-3 (FIDAS),11,N ugm-3 (FIDAS),13,N ugm-3 (FIDAS),13,N ugm-3 (FIDAS),13,N ugm-3 (FIDAS),13,N ugm-3 (FIDAS),,,No data,N ugm-3 (FIDAS),15,N ugm-3 (FIDAS),11,N ugm-3 (FIDAS),17,N ugm-3 (FIDAS),21,N ugm-3 (FIDAS)
26-04-2025,25,N ugm-3 (FIDAS),23,N ugm-3 (FIDAS),23,N ugm-3 (FIDAS),22,N ugm-3 (FIDAS),21,N ugm-3 (FIDAS),24,N ugm-3 (FIDAS),24,N ugm-3 (FIDAS),24,N ugm-3 (FIDAS),,,No data,N ugm-3 (FIDAS),22,N ugm-3 (FIDAS),23,N ugm-3 (FIDAS),21,N ugm-3 (FIDAS),28,N ugm-3 (FIDAS)
27-04-2025,15,N ugm-3 (FIDAS),11,N ugm-3 (FIDAS),9,N ugm-3 (FIDAS),16,N ugm-3 (FIDAS),12,N ugm-3 (FIDAS),14,N ugm-3 (FIDAS),14,N ugm-3 (FIDAS),13,N ugm-3 (FIDAS),,,No data,N ugm-3 (FIDAS),9,N ugm-3 (FIDAS),9,N ugm-3 (FIDAS),7,N ugm-3 (FIDAS),11,N ugm-3 (FIDAS)
28-04-2025,22,N ugm-3 (FIDAS),9,N ugm-3 (FIDAS),8,N ugm-3 (FIDAS),14,N ugm-3 (FIDAS),9,N ugm-3 (FIDAS),13,N ugm-3 (FIDAS),9,N ugm-3 (FIDAS),10,N ugm-3 (FIDAS),,,No data,N ugm-3 (FIDAS),13,N ugm-3 (FIDAS),13,N ugm-3 (FIDAS),9,N ugm-3 (FIDAS),9,N ugm-3 (FIDAS)
29-04-2025,25,N ugm-3 (FIDAS),23,N ugm-3 (FIDAS),19,N ugm-3 (FIDAS),19,N ugm-3 (FIDAS),19,N ugm-3 (FIDAS),23,N ugm-3 (FIDAS),19,N ugm-3 (FIDAS),19,N ugm-3 (FIDAS),,,No data,N ugm-3 (FIDAS),27,N ugm-3 (FIDAS),22,N ugm-3 (FIDAS),16,N ugm-3 (FIDAS),19,N ugm-3 (FIDAS)
30-04-2025,28,N ugm-3 (FIDAS),24,N ugm-3 (FIDAS),20,N ugm-3 (FIDAS),24,N ugm-3 (FIDAS),21,N ugm-3 (FIDAS),24,N ugm-3 (FIDAS),18,N ugm-3 (FIDAS),19,N ugm-3 (FIDAS),,,No data,N ugm-3 (FIDAS),26,N ugm-3 (FIDAS),19,N ugm-3 (FIDAS),20,N ugm-3 (FIDAS),18,N ugm-3 (FIDAS)
01-05-2025,30,N ugm-3 (FIDAS),20,N ugm-3 (FIDAS),22,N ugm-3 (FIDAS),26,N ugm-3 (FIDAS),21,N ugm-3 (FIDAS),24,N ugm-3 (FIDAS),20,N ugm-3 (FIDAS),20,N ugm-3 (FIDAS),,,No data,N ugm-3 (FIDAS),31,N ugm-3 (FIDAS),27,N ugm-3 (FIDAS),21,N ugm-3 (FIDAS),23,N ugm-3 (FIDAS)
02-05-2025,17,N ugm-3 (FIDAS),18,N ugm-3 (FIDAS),15,N ugm-3 (FIDAS),12,N ugm-3 (FIDAS),18,N ugm-3 (FIDAS),19,N ugm-3 (FIDAS),21,N ugm-3 (FIDAS),19,N ugm-3 (FIDAS),,,No data,N ugm-3 (FIDAS),15,N ugm-3 (FIDAS),17,N ugm-3 (FIDAS),10,N ugm-3 (FIDAS),14,N ugm-3 (FIDAS)
03-05-2025,14,N ugm-3 (FIDAS),15,N ugm-3 (FIDAS),13,N ugm-3 (FIDAS),11,N ugm-3 (FIDAS),12,N ugm-3 (FIDAS),13,N ugm-3 (FIDAS),14,N ugm-3 (FIDAS),12,N ugm-3 (FIDAS),,,No data,N ugm-3 (FIDAS),12,N ugm-3 (FIDAS),14,N ugm-3 (FIDAS),11,N ugm-3 (FIDAS),11,N ugm-3 (FIDAS)
04-05-2025,9,N ugm-3 (FIDAS),9,N ugm-3 (FIDAS),9,N ugm-3 (FIDAS),7,N ugm-3 (FIDAS),8,N ugm-3 (FIDAS),9,N ugm-3 (FIDAS),8,N ugm-3 (FIDAS),7,N ugm-3 (FIDAS),,,No data,N ugm-3 (FIDAS),8,N ugm-3 (FIDAS),7,N ugm-3 (FIDAS),6,N ugm-3 (FIDAS),8,N ugm-3 (FIDAS)
05-05-2025,11,N ugm-3 (FIDAS),11,N ugm-3 (FIDAS),10,N ugm-3 (FIDAS),9,N ugm-3 (FIDAS),9,N ugm-3 (FIDAS),11,N ugm-3 (FIDAS),10,N ugm-3 (FIDAS),8,N ugm-3 (FIDAS),,,No data,N ugm-3 (FIDAS),10,N ugm-3 (FIDAS),10,N ugm-3 (FIDAS),9,N ugm-3 (FIDAS),9,N ugm-3 (FIDAS)
06-05-2025,12,N ugm-3 (FIDAS),14,N ugm-3 (FIDAS),12,N ugm-3 (FIDAS),10,N ugm-3 (FIDAS),11,N ugm-3 (FIDAS),11,N ugm-3 (FIDAS),10,N ugm-3 (FIDAS),10,N ugm-3 (FIDAS),,,No data,N ugm-3 (FIDAS),15,N ugm-3 (FIDAS),13,N ugm-3 (FIDAS),10,N ugm-3 (FIDAS),12,N ugm-3 (FIDAS)
07-05-2025,19,N ugm-3 (FIDAS),18,N ugm-3 (FIDAS),17,N ugm-3 (FIDAS),15,N ugm-3 (FIDAS),15,N ugm-3 (FIDAS),16,N ugm-3 (FIDAS),13,N ugm-3 (FIDAS),12,N ugm-3 (FIDAS),,,No data,N ugm-3 (FIDAS),20,N ugm-3 (FIDAS),19,N ugm-3 (FIDAS),14,N ugm-3 (FIDAS),14,N ugm-3 (FIDAS)
08-05-2025,11,N ugm-3 (FIDAS),10,N ugm-3 (FIDAS),10,N ugm-3 (FIDAS),10,N ugm-3 (FIDAS),9,N ugm-3 (FIDAS),8,N ugm-3 (FIDAS),9,N ugm-3 (FIDAS),7,N ugm-3 (FIDAS),,,No data,N ugm-3 (FIDAS),15,N ugm-3 (FIDAS),11,N ugm-3 (FIDAS),10,N ugm-3 (FIDAS),8,N ugm-3 (FIDAS)
09-05-2025,14,N ugm-3 (FIDAS),14,N ugm-3 (FIDAS),15,N ugm-3 (FIDAS),13,N ugm-3 (FIDAS),11,N ugm-3 (FIDAS),12,N ugm-3 (FIDAS),12,N ugm-3 (FIDAS),12,N ugm-3 (FIDAS),,,No data,N ugm-3 (FIDAS),18,N ugm-3 (FIDAS),15,N ugm-3 (FIDAS),12,N ugm-3 (FIDAS),11,N ugm-3 (FIDAS)
10-05-2025,15,N ugm-3 (FIDAS),16,N ugm-3 (FIDAS),15,N ugm-3 (FIDAS),14,N ugm-3 (FIDAS),12,N ugm-3 (FIDAS),12,N ugm-3 (FIDAS),12,N ugm-3 (FIDAS),11,N ugm-3 (FIDAS),,,14,N ugm-3 (FIDAS),16,N ugm-3 (FIDAS),15,N ugm-3 (FIDAS),11,N ugm-3 (FIDAS),12,N ugm-3 (FIDAS)
11-05-2025,14,N ugm-3 (FIDAS),15,N ugm-3 (FIDAS),14,N ugm-3 (FIDAS),12,N ugm-3 (FIDAS),12,N ugm-3 (FIDAS),13,N ugm-3 (FIDAS),12,N ugm-3 (FIDAS),12,N ugm-3 (FIDAS),,,13,N ugm-3 (FIDAS),15,N ugm-3 (FIDAS),14,N ugm-3 (FIDAS),12,N ugm-3 (FIDAS),12,N ugm-3 (FIDAS)
12-05-2025,18,N ugm-3 (FIDAS),19,N ugm-3 (FIDAS),18,N ugm-3 (FIDAS),18,N ugm-3 (FIDAS),14,N ugm-3 (FIDAS),15,N ugm-3 (FIDAS),14,N ugm-3 (FIDAS),13,N ugm-3 (FIDAS),,,17,N ugm-3 (FIDAS),21,N ugm-3 (FIDAS),17,N ugm-3 (FIDAS),16,N ugm-3 (FIDAS),11,N ugm-3 (FIDAS)
13-05-2025,18,N ugm-3 (FIDAS),23,N ugm-3 (FIDAS),19,N ugm-3 (FIDAS),15,N ugm-3 (FIDAS),15,N ugm-3 (FIDAS),15,N ugm-3 (FIDAS),16,N ugm-3 (FIDAS),15,N ugm-3 (FIDAS),,,16,N ugm-3 (FIDAS),20,N ugm-3 (FIDAS),15,N ugm-3 (FIDAS),17,N ugm-3 (FIDAS),15,N ugm-3 (FIDAS)
14-05-2025,21,N ugm-3 (FIDAS),21,N ugm-3 (FIDAS),20,N ugm-3 (FIDAS),18,N ugm-3 (FIDAS),18,N ugm-3 (FIDAS),16,N ugm-3 (FIDAS),15,N ugm-3 (FIDAS),15,N ugm-3 (FIDAS),No data,N ugm-3 (FIDAS),19,N ugm-3 (FIDAS),22,N ugm-3 (FIDAS),20,N ugm-3 (FIDAS),18,N ugm-3 (FIDAS),17,N ugm-3 (FIDAS)
15-05-2025,23,N ugm-3 (FIDAS),21,N ugm-3 (FIDAS),22,N ugm-3 (FIDAS),18,N ugm-3 (FIDAS),20,N ugm-3 (FIDAS),23,N ugm-3 (FIDAS),22,N ugm-3 (FIDAS),18,N ugm-3 (FIDAS),23,N ugm-3 (FIDAS),20,N ugm-3 (FIDAS),23,N ugm-3 (FIDAS),21,N ugm-3 (FIDAS),19,N ugm-3 (FIDAS),20,N ugm-3 (FIDAS)
16-05-2025,20,N ugm-3 (FIDAS),20,N ugm-3 (FIDAS),19,N ugm-3 (FIDAS),17,N ugm-3 (FIDAS),19,N ugm-3 (FIDAS),21,N ugm-3 (FIDAS),21,N ugm-3 (FIDAS),20,N ugm-3 (FIDAS),20,N ugm-3 (FIDAS),16,N ugm-3 (FIDAS),20,N ugm-3 (FIDAS),21,N ugm-3 (FIDAS),18,N ugm-3 (FIDAS),19,N ugm-3 (FIDAS)
17-05-2025,16,N ugm-3 (FIDAS),16,N ugm-3 (FIDAS),17,N ugm-3 (FIDAS),13,N ugm-3 (FIDAS),15,N ugm-3 (FIDAS),14,N ugm-3 (FIDAS),14,N ugm-3 (FIDAS),13,N ugm-3 (FIDAS),18,N ugm-3 (FIDAS),17,N ugm-3 (FIDAS),16,N ugm-3 (FIDAS),15,N ugm-3 (FIDAS),16,N ugm-3 (FIDAS),17,N ugm-3 (FIDAS)
18-05-2025,18,N ugm-3 (FIDAS),19,N ugm-3 (FIDAS),18,N ugm-3 (FIDAS),17,N ugm-3 (FIDAS),19,N ugm-3 (FIDAS),19,N ugm-3 (FIDAS),19,N ugm-3 (FIDAS),18,N ugm-3 (FIDAS),22,N ugm-3 (FIDAS),18,N ugm-3 (FIDAS),19,N ugm-3 (FIDAS),18,N ugm-3 (FIDAS),16,N ugm-3 (FIDAS),19,N ugm-3 (FIDAS)
19-05-2025,19,N ugm-3 (FIDAS),21,N ugm-3 (FIDAS),18,N ugm-3 (FIDAS),15,N ugm-3 (FIDAS),16,N ugm-3 (FIDAS),15,N ugm-3 (FIDAS),16,N ugm-3 (FIDAS),14,N ugm-3 (FIDAS),19,N ugm-3 (FIDAS),18,N ugm-3 (FIDAS),20,N ugm-3 (FIDAS),18,N ugm-3 (FIDAS),16,N ugm-3 (FIDAS),15,N ugm-3 (FIDAS)
20-05-2025,17,N ugm-3 (FIDAS),15,N ugm-3 (FIDAS),15,N ugm-3 (FIDAS),14,N ugm-3 (FIDAS),16,N ugm-3 (FIDAS),15,N ugm-3 (FIDAS),15,N ugm-3 (FIDAS),13,N ugm-3 (FIDAS),17,N ugm-3 (FIDAS),13,N ugm-3 (FIDAS),18,N ugm-3 (FIDAS),17,N ugm-3 (FIDAS),12,N ugm-3 (FIDAS),11,N ugm-3 (FIDAS)
21-05-2025,20,N ugm-3 (FIDAS),19,N ugm-3 (FIDAS),20,N ugm-3 (FIDAS),18,N ugm-3 (FIDAS),17,N ugm-3 (FIDAS),20,N ugm-3 (FIDAS),19,N ugm-3 (FIDAS),17,N ugm-3 (FIDAS),22,N ugm-3 (FIDAS),12,N ugm-3 (FIDAS),24,N ugm-3 (FIDAS),25,N ugm-3 (FIDAS),16,N ugm-3 (FIDAS),16,N ugm-3 (FIDAS)
22-05-2025,20,N ugm-3 (FIDAS),19,N ugm-3 (FIDAS),21,N ugm-3 (FIDAS),14,N ugm-3 (FIDAS),17,N ugm-3 (FIDAS),16,N ugm-3 (FIDAS),17,N ugm-3 (FIDAS),15,N ugm-3 (FIDAS),21,N ugm-3 (FIDAS),17,N ugm-3 (FIDAS),19,N ugm-3 (FIDAS),17,N ugm-3 (FIDAS),16,N ugm-3 (FIDAS),19,N ugm-3 (FIDAS)
23-05-2025,19,N ugm-3 (FIDAS),11,N ugm-3 (FIDAS),14,N ugm-3 (FIDAS),12,N ugm-3 (FIDAS),11,N ugm-3 (FIDAS),13,N ugm-3 (FIDAS),11,N ugm-3 (FIDAS),10,N ugm-3 (FIDAS),14,N ugm-3 (FIDAS),10,N ugm-3 (FIDAS),15,N ugm-3 (FIDAS),17,N ugm-3 (FIDAS),11,N ugm-3 (FIDAS),11,N ugm-3 (FIDAS)
24-05-2025,11,N ugm-3 (FIDAS),8,N ugm-3 (FIDAS),8,N ugm-3 (FIDAS),8,N ugm-3 (FIDAS),8,N ugm-3 (FIDAS),10,N ugm-3 (FIDAS),8,N ugm-3 (FIDAS),7,N ugm-3 (FIDAS),9,N ugm-3 (FIDAS),7,N ugm-3 (FIDAS),12,N ugm-3 (FIDAS),9,N ugm-3 (FIDAS),8,N ugm-3 (FIDAS),9,N ugm-3 (FIDAS)
25-05-2025,8,N ugm-3 (FIDAS),7,N ugm-3 (FIDAS),7,N ugm-3 (FIDAS),7,N ugm-3 (FIDAS),7,N ugm-3 (FIDAS),9,N ugm-3 (FIDAS),8,N ugm-3 (FIDAS),7,N ugm-3 (FIDAS),8,N ugm-3 (FIDAS),8,N ugm-3 (FIDAS),9,N ugm-3 (FIDAS),9,N ugm-3 (FIDAS),8,N ugm-3 (FIDAS),9,N ugm-3 (FIDAS)
26-05-2025,9,N ugm-3 (FIDAS),8,N ugm-3 (FIDAS),7,N ugm-3 (FIDAS),6,N ugm-3 (FIDAS),8,N ugm-3 (FIDAS),8,N ugm-3 (FIDAS),9,N ugm-3 (FIDAS),8,N ugm-3 (FIDAS),8,N ugm-3 (FIDAS),6,N ugm-3 (FIDAS),8,N ugm-3 (FIDAS),7,N ugm-3 (FIDAS),6,N ugm-3 (FIDAS),9,N ugm-3 (FIDAS)
27-05-2025,8,N ugm-3 (FIDAS),6,N ugm-3 (FIDAS),6,N ugm-3 (FIDAS),5,N ugm-3 (FIDAS),6,N ugm-3 (FIDAS),7,N ugm-3 (FIDAS),6,N ugm-3 (FIDAS),5,N ugm-3 (FIDAS),17,N ugm-3 (FIDAS),5,N ugm-3 (FIDAS),11,N ugm-3 (FIDAS),5,N ugm-3 (FIDAS),5,N ugm-3 (FIDAS),7,N ugm-3 (FIDAS)
28-05-2025,9,N ugm-3 (FIDAS),6,N ugm-3 (FIDAS),6,N ugm-3 (FIDAS),6,N ugm-3 (FIDAS),6,N ugm-3 (FIDAS),8,N ugm-3 (FIDAS),7,N ugm-3 (FIDAS),5,N ugm-3 (FIDAS),8,N ugm-3 (FIDAS),6,N ugm-3 (FIDAS),10,N ugm-3 (FIDAS),8,N ugm-3 (FIDAS),6,N ugm-3 (FIDAS),6,N ugm-3 (FIDAS)
29-05-2025,9,N ugm-3 (FIDAS),6,N ugm-3 (FIDAS),7,N ugm-3 (FIDAS),7,N ugm-3 (FIDAS),7,N ugm-3 (FIDAS),7,N ugm-3 (FIDAS),7,N ugm-3 (FIDAS),6,N ugm-3 (FIDAS),8,N ugm-3 (FIDAS),6,N ugm-3 (FIDAS),8,N ugm-3 (FIDAS),6,N ugm-3 (FIDAS),6,N ugm-3 (FIDAS),6,N ugm-3 (FIDAS)
30-05-2025,11,N ugm-3 (FIDAS),5,N ugm-3 (FIDAS),5,N ugm-3 (FIDAS),5,N ugm-3 (FIDAS),6,N ugm-3 (FIDAS),6,N ugm-3 (FIDAS),6,N ugm-3 (FIDAS),5,N ugm-3 (FIDAS),7,N ugm-3 (FIDAS),4,N ugm-3 (FIDAS),5,N ugm-3 (FIDAS),5,N ugm-3 (FIDAS),4,N ugm-3 (FIDAS),5,N ugm-3 (FIDAS)
31-05-2025,9,N ugm-3 (FIDAS),6,N ugm-3 (FIDAS),6,N ugm-3 (FIDAS),6,N ugm-3 (FIDAS),6,N ugm-3 (FIDAS),7,N ugm-3 (FIDAS),6,N ugm-3 (FIDAS),6,N ugm-3 (FIDAS),6,N ugm-3 (FIDAS),6,N ugm-3 (FIDAS),7,N ugm-3 (FIDAS),7,N ugm-3 (FIDAS),5,N ugm-3 (FIDAS),7,N ugm-3 (FIDAS)
01-06-2025,12,N ugm-3 (FIDAS),9,N ugm-3 (FIDAS),9,N ugm-3 (FIDAS),8,N ugm-3 (FIDAS),9,N ugm-3 (FIDAS),10,N ugm-3 (FIDAS),10,N ugm-3 (FIDAS),9,N ugm-3 (FIDAS),10,N ugm-3 (FIDAS),9,N ugm-3 (FIDAS),10,N ugm-3 (FIDAS),11,N ugm-3 (FIDAS),8,N ugm-3 (FIDAS),10,N ugm-3 (FIDAS)
02-06-2025,14,N ugm-3 (FIDAS),9,N ugm-3 (FIDAS),10,N ugm-3 (FIDAS),10,N ugm-3 (FIDAS),9,N ugm-3 (FIDAS),11,N ugm-3 (FIDAS),9,N ugm-3 (FIDAS),8,N ugm-3 (FIDAS),11,N ugm-3 (FIDAS),10,N ugm-3 (FIDAS),13,N ugm-3 (FIDAS),13,N ugm-3 (FIDAS),9,N ugm-3 (FIDAS),12,N ugm-3 (FIDAS)
03-06-2025,11,N ugm-3 (FIDAS),8,N ugm-3 (FIDAS),8,N ugm-3 (FIDAS),7,N ugm-3 (FIDAS),8,N ugm-3 (FIDAS),9,N ugm-3 (FIDAS),11,N ugm-3 (FIDAS),7,N ugm-3 (FIDAS),9,N ugm-3 (FIDAS),8,N ugm-3 (FIDAS),9,N ugm-3 (FIDAS),9,N ugm-3 (FIDAS),8,N ugm-3 (FIDAS),9,N ugm-3 (FIDAS)
04-06-2025,16,N ugm-3 (FIDAS),11,N ugm-3 (FIDAS),12,N ugm-3 (FIDAS),10,N ugm-3 (FIDAS),10,N ugm-3 (FIDAS),11,N ugm-3 (FIDAS),11,N ugm-3 (FIDAS),9,N ugm-3 (FIDAS),13,N ugm-3 (FIDAS),11,N ugm-3 (FIDAS),15,N ugm-3 (FIDAS),12,N ugm-3 (FIDAS),11,N ugm-3 (FIDAS),11,N ugm-3 (FIDAS)
05-06-2025,6,N ugm-3 (FIDAS),4,N ugm-3 (FIDAS),4,N ugm-3 (FIDAS),4,N ugm-3 (FIDAS),5,N ugm-3 (FIDAS),5,N ugm-3 (FIDAS),4,N ugm-3 (FIDAS),4,N ugm-3 (FIDAS),6,N ugm-3 (FIDAS),4,N ugm-3 (FIDAS),7,N ugm-3 (FIDAS),5,N ugm-3 (FIDAS),3,N ugm-3 (FIDAS),4,N ugm-3 (FIDAS)
06-06-2025,8,N ugm-3 (FIDAS),6,N ugm-3 (FIDAS),6,N ugm-3 (FIDAS),6,N ugm-3 (FIDAS),6,N ugm-3 (FIDAS),7,N ugm-3 (FIDAS),6,N ugm-3 (FIDAS),5,N ugm-3 (FIDAS),7,N ugm-3 (FIDAS),6,N ugm-3 (FIDAS),8,N ugm-3 (FIDAS),7,N ugm-3 (FIDAS),6,N ugm-3 (FIDAS),6,N ugm-3 (FIDAS)
07-06-2025,7,N ugm-3 (FIDAS),5,N ugm-3 (FIDAS),5,N ugm-3 (FIDAS),5,N ugm-3 (FIDAS),5,N ugm-3 (FIDAS),5,N ugm-3 (FIDAS),5,N ugm-3 (FIDAS),4,N ugm-3 (FIDAS),6,N ugm-3 (FIDAS),5,N ugm-3 (FIDAS),7,N ugm-3 (FIDAS),6,N ugm-3 (FIDAS),4,N ugm-3 (FIDAS),4,N ugm-3 (FIDAS)
08-06-2025,11,N ugm-3 (FIDAS),10,N ugm-3 (FIDAS),10,N ugm-3 (FIDAS),10,N ugm-3 (FIDAS),10,N ugm-3 (FIDAS),10,N ugm-3 (FIDAS),9,N ugm-3 (FIDAS),8,N ugm-3 (FIDAS),11,N ugm-3 (FIDAS),11,N ugm-3 (FIDAS),11,N ugm-3 (FIDAS),11,N ugm-3 (FIDAS),10,N ugm-3 (FIDAS),10,N ugm-3 (FIDAS)
