"Daily Mean data	    supplied by UK-air on 14/06/2025",,,,,,,,,,,,,,,,,,,,,,,,,,,,,,
All Data GMT hour ending,,,,,,,,,,,,,,,,,,,,,,,,,,,,,,
Status: V=Verified P=Provisionaly Verified N=Not Verified S=Suspect,,,,,,,,,,,,,,,,,,,,,,,,,,,,,,
,Birmingham A4540 Roadside,,Birmingham Hall Green,,Birmingham Ladywood,,Burton-on-Trent Horninglow,,Cannock A5190 Roadside,,Coventry Allesley,,Coventry Binley Road,,Leamington Spa,,Leamington Spa Rugby Road,,Oldbury Birmingham Road,,Shrewsbury Underdale,,Stoke-on-Trent A50 Roadside,,Stoke-on-Trent Centre,,Telford Hollinswood,,Worcester Tolladine,
Latitude,52.476145,,52.437553,,52.481346,,52.82105,,52.687298,,52.411628,,52.407708,,52.28881,,52.294884,,52.502436,,52.715083,,52.980436,,53.02821,,52.673471,,52.209364,
Longitude,-1.874978,,-1.830956,,-1.918235,,-1.635718,,-1.980821,,-1.560189,,-1.490082,,-1.533119,,-1.542911,,-2.003497,,-2.726833,,-2.111898,,-2.175133,,-2.436692,,-2.180563,
Site Type,Urban Traffic,,Urban Background,,Urban Background,,Urban Background,,Urban Traffic,,Urban Background,,Urban Traffic,,Urban Background,,Urban Traffic,,Urban Traffic,,Urban Background,,Urban Traffic,,Urban Background,,Urban Background,,Urban Background,
Zone,West Midlands,,West Midlands,,West Midlands,,West Midlands,,West Midlands,,West Midlands,,West Midlands,,West Midlands,,West Midlands,,West Midlands,,West Midlands,,West Midlands,,West Midlands,,West Midlands,,West Midlands,
Agglomeration,West Midlands Urban Area,,West Midlands Urban Area,,West Midlands Urban Area,,#N/A,,#N/A,,Coventry/Bedworth,,Coventry/Bedworth,,#N/A,,#N/A,,West Midlands Urban Area,,#N/A,,The Potteries,,The Potteries,,#N/A,,#N/A,
Local Authority,Birmingham,,Birmingham,,Birmingham,,E Staffordshire,,Cannock,,Coventry,,Coventry,,Warwick,,Warwick,,Sandwell,,Shropshire,,Stoke,,Stoke,,Telford,,Worcester,
Date,PM2.5 particulate matter (Hourly measured),Status,PM2.5 particulate matter (Hourly measured),Status,PM2.5 particulate matter (Hourly measured),Status,PM2.5 particulate matter (Hourly measured),Status,PM2.5 particulate matter (Hourly measured),Status,PM2.5 particulate matter (Hourly measured),Status,PM2.5 particulate matter (Hourly measured),Status,PM2.5 particulate matter (Hourly measured),Status,PM2.5 particulate matter (Hourly measured),Status,PM2.5 particulate matter (Hourly measured),Status,PM2.5 particulate matter (Hourly measured),Status,PM2.5 particulate matter (Hourly measured),Status,PM2.5 particulate matter (Hourly measured),Status,PM2.5 particulate matter (Hourly measured),Status,PM2.5 particulate matter (Hourly measured),Status
09-06-2024,5,V ugm-3 (Ref.eq),,,4,V ugm-3 (Ref.eq),4,V ugm-3 (Ref.eq),,,4,V ugm-3 (Ref.eq),,,4,V ugm-3 (Ref.eq),4,V ugm-3 (Ref.eq),,,,,,,4,V ugm-3 (Ref.eq),4,V ugm-3 (Ref.eq),,
10-06-2024,3,V ugm-3 (Ref.eq),,,3,V ugm-3 (Ref.eq),3,V ugm-3 (Ref.eq),,,3,V ugm-3 (Ref.eq),,,3,V ugm-3 (Ref.eq),3,V ugm-3 (Ref.eq),,,,,,,3,V ugm-3 (Ref.eq),3,V ugm-3 (Ref.eq),,
11-06-2024,5,V ugm-3 (Ref.eq),,,4,V ugm-3 (Ref.eq),4,V ugm-3 (Ref.eq),,,4,V ugm-3 (Ref.eq),,,5,V ugm-3 (Ref.eq),4,V ugm-3 (Ref.eq),,,,,,,4,V ugm-3 (Ref.eq),4,V ugm-3 (Ref.eq),,
12-06-2024,6,V ugm-3 (Ref.eq),,,4,V ugm-3 (Ref.eq),5,V ugm-3 (Ref.eq),,,4,V ugm-3 (Ref.eq),,,5,V ugm-3 (Ref.eq),5,V ugm-3 (Ref.eq),,,,,,,6,V ugm-3 (Ref.eq),4,V ugm-3 (Ref.eq),,
13-06-2024,6,V ugm-3 (Ref.eq),,,4,V ugm-3 (Ref.eq),5,V ugm-3 (Ref.eq),,,4,V ugm-3 (Ref.eq),,,4,V ugm-3 (Ref.eq),4,V ugm-3 (Ref.eq),,,,,,,6,V ugm-3 (Ref.eq),4,V ugm-3 (Ref.eq),,
14-06-2024,4,V ugm-3 (Ref.eq),,,2,V ugm-3 (Ref.eq),3,V ugm-3 (Ref.eq),,,No data,V ugm-3 (Ref.eq),,,2,V ugm-3 (Ref.eq),2,V ugm-3 (Ref.eq),,,,,,,3,V ugm-3 (Ref.eq),3,V ugm-3 (Ref.eq),,
15-06-2024,4,V ugm-3 (Ref.eq),,,3,V ugm-3 (Ref.eq),3,V ugm-3 (Ref.eq),,,No data,V ugm-3 (Ref.eq),,,3,V ugm-3 (Ref.eq),3,V ugm-3 (Ref.eq),,,,,,,3,V ugm-3 (Ref.eq),3,V ugm-3 (Ref.eq),,
16-06-2024,3,V ugm-3 (Ref.eq),,,3,V ugm-3 (Ref.eq),2,V ugm-3 (Ref.eq),,,No data,V ugm-3 (Ref.eq),,,3,V ugm-3 (Ref.eq),3,V ugm-3 (Ref.eq),,,,,,,4,V ugm-3 (Ref.eq),2,V ugm-3 (Ref.eq),,
17-06-2024,5,V ugm-3 (Ref.eq),,,4,V ugm-3 (Ref.eq),4,V ugm-3 (Ref.eq),,,No data,V ugm-3 (Ref.eq),,,4,V ugm-3 (Ref.eq),4,V ugm-3 (Ref.eq),,,,,,,4,V ugm-3 (Ref.eq),4,V ugm-3 (Ref.eq),,
18-06-2024,6,V ugm-3 (Ref.eq),,,6,V ugm-3 (Ref.eq),5,V ugm-3 (Ref.eq),,,5,V ugm-3 (Ref.eq),,,6,V ugm-3 (Ref.eq),5,V ugm-3 (Ref.eq),,,,,,,5,V ugm-3 (Ref.eq),4,V ugm-3 (Ref.eq),,
19-06-2024,6,V ugm-3 (Ref.eq),,,5,V ugm-3 (Ref.eq),4,V ugm-3 (Ref.eq),,,4,V ugm-3 (Ref.eq),,,3,V ugm-3 (Ref.eq),3,V ugm-3 (Ref.eq),,,,,,,5,V ugm-3 (Ref.eq),4,V ugm-3 (Ref.eq),,
20-06-2024,6,V ugm-3 (Ref.eq),,,4,V ugm-3 (Ref.eq),5,V ugm-3 (Ref.eq),,,4,V ugm-3 (Ref.eq),,,4,V ugm-3 (Ref.eq),4,V ugm-3 (Ref.eq),,,,,,,6,V ugm-3 (Ref.eq),4,V ugm-3 (Ref.eq),,
21-06-2024,8,V ugm-3 (Ref.eq),,,6,V ugm-3 (Ref.eq),7,V ugm-3 (Ref.eq),,,6,V ugm-3 (Ref.eq),,,6,V ugm-3 (Ref.eq),6,V ugm-3 (Ref.eq),,,,,,,7,V ugm-3 (Ref.eq),5,V ugm-3 (Ref.eq),,
22-06-2024,4,V ugm-3 (Ref.eq),,,4,V ugm-3 (Ref.eq),4,V ugm-3 (Ref.eq),,,4,V ugm-3 (Ref.eq),,,4,V ugm-3 (Ref.eq),4,V ugm-3 (Ref.eq),,,,,,,5,V ugm-3 (Ref.eq),4,V ugm-3 (Ref.eq),,
23-06-2024,4,V ugm-3 (Ref.eq),,,3,V ugm-3 (Ref.eq),4,V ugm-3 (Ref.eq),,,3,V ugm-3 (Ref.eq),,,3,V ugm-3 (Ref.eq),3,V ugm-3 (Ref.eq),,,,,,,4,V ugm-3 (Ref.eq),3,V ugm-3 (Ref.eq),,
24-06-2024,7,V ugm-3 (Ref.eq),,,6,V ugm-3 (Ref.eq),8,V ugm-3 (Ref.eq),,,5,V ugm-3 (Ref.eq),,,4,V ugm-3 (Ref.eq),4,V ugm-3 (Ref.eq),,,,,,,6,V ugm-3 (Ref.eq),4,V ugm-3 (Ref.eq),,
25-06-2024,7,V ugm-3 (Ref.eq),,,7,V ugm-3 (Ref.eq),7,V ugm-3 (Ref.eq),,,6,V ugm-3 (Ref.eq),,,6,V ugm-3 (Ref.eq),7,V ugm-3 (Ref.eq),,,,,,,10,V ugm-3 (Ref.eq),8,V ugm-3 (Ref.eq),,
26-06-2024,12,V ugm-3 (Ref.eq),,,12,V ugm-3 (Ref.eq),10,V ugm-3 (Ref.eq),,,10,V ugm-3 (Ref.eq),,,10,V ugm-3 (Ref.eq),10,V ugm-3 (Ref.eq),,,,,,,13,V ugm-3 (Ref.eq),12,V ugm-3 (Ref.eq),,
27-06-2024,6,V ugm-3 (Ref.eq),,,5,V ugm-3 (Ref.eq),5,V ugm-3 (Ref.eq),,,6,V ugm-3 (Ref.eq),,,7,V ugm-3 (Ref.eq),7,V ugm-3 (Ref.eq),,,,,,,4,V ugm-3 (Ref.eq),5,V ugm-3 (Ref.eq),,
28-06-2024,5,V ugm-3 (Ref.eq),,,3,V ugm-3 (Ref.eq),3,V ugm-3 (Ref.eq),,,3,V ugm-3 (Ref.eq),,,4,V ugm-3 (Ref.eq),3,V ugm-3 (Ref.eq),,,,,,,3,V ugm-3 (Ref.eq),3,V ugm-3 (Ref.eq),,
29-06-2024,5,V ugm-3 (Ref.eq),,,4,V ugm-3 (Ref.eq),5,V ugm-3 (Ref.eq),,,4,V ugm-3 (Ref.eq),,,5,V ugm-3 (Ref.eq),5,V ugm-3 (Ref.eq),,,,,,,4,V ugm-3 (Ref.eq),4,V ugm-3 (Ref.eq),,
30-06-2024,5,V ugm-3 (Ref.eq),,,5,V ugm-3 (Ref.eq),4,V ugm-3 (Ref.eq),,,4,V ugm-3 (Ref.eq),,,5,V ugm-3 (Ref.eq),4,V ugm-3 (Ref.eq),,,,,,,5,V ugm-3 (Ref.eq),4,V ugm-3 (Ref.eq),,
01-07-2024,5,V ugm-3 (Ref.eq),,,4,V ugm-3 (Ref.eq),4,V ugm-3 (Ref.eq),,,3,V ugm-3 (Ref.eq),,,4,V ugm-3 (Ref.eq),4,V ugm-3 (Ref.eq),,,,,,,4,V ugm-3 (Ref.eq),3,V ugm-3 (Ref.eq),,
02-07-2024,8,V ugm-3 (Ref.eq),,,7,V ugm-3 (Ref.eq),6,V ugm-3 (Ref.eq),,,7,V ugm-3 (Ref.eq),,,7,V ugm-3 (Ref.eq),7,V ugm-3 (Ref.eq),,,,,,,8,V ugm-3 (Ref.eq),6,V ugm-3 (Ref.eq),,
03-07-2024,4,V ugm-3 (Ref.eq),,,3,V ugm-3 (Ref.eq),3,V ugm-3 (Ref.eq),,,3,V ugm-3 (Ref.eq),,,3,V ugm-3 (Ref.eq),3,V ugm-3 (Ref.eq),,,,,,,3,V ugm-3 (Ref.eq),3,V ugm-3 (Ref.eq),,
04-07-2024,5,V ugm-3 (Ref.eq),,,4,V ugm-3 (Ref.eq),5,V ugm-3 (Ref.eq),,,4,V ugm-3 (Ref.eq),,,4,V ugm-3 (Ref.eq),4,V ugm-3 (Ref.eq),,,,,,,5,V ugm-3 (Ref.eq),5,V ugm-3 (Ref.eq),,
05-07-2024,5,V ugm-3 (Ref.eq),,,3,V ugm-3 (Ref.eq),3,V ugm-3 (Ref.eq),,,3,V ugm-3 (Ref.eq),,,3,V ugm-3 (Ref.eq),2,V ugm-3 (Ref.eq),,,,,,,5,V ugm-3 (Ref.eq),3,V ugm-3 (Ref.eq),,
06-07-2024,4,V ugm-3 (Ref.eq),,,3,V ugm-3 (Ref.eq),3,V ugm-3 (Ref.eq),,,3,V ugm-3 (Ref.eq),,,3,V ugm-3 (Ref.eq),3,V ugm-3 (Ref.eq),,,,,,,3,V ugm-3 (Ref.eq),3,V ugm-3 (Ref.eq),,
07-07-2024,3,V ugm-3 (Ref.eq),,,2,V ugm-3 (Ref.eq),2,V ugm-3 (Ref.eq),,,3,V ugm-3 (Ref.eq),,,2,V ugm-3 (Ref.eq),2,V ugm-3 (Ref.eq),,,,,,,2,V ugm-3 (Ref.eq),2,V ugm-3 (Ref.eq),,
08-07-2024,4,V ugm-3 (Ref.eq),,,3,V ugm-3 (Ref.eq),3,V ugm-3 (Ref.eq),,,3,V ugm-3 (Ref.eq),,,3,V ugm-3 (Ref.eq),3,V ugm-3 (Ref.eq),,,,,,,4,V ugm-3 (Ref.eq),2,V ugm-3 (Ref.eq),,
09-07-2024,3,V ugm-3 (Ref.eq),,,2,V ugm-3 (Ref.eq),2,V ugm-3 (Ref.eq),,,3,V ugm-3 (Ref.eq),,,3,V ugm-3 (Ref.eq),3,V ugm-3 (Ref.eq),,,,,,,2,V ugm-3 (Ref.eq),2,V ugm-3 (Ref.eq),,
10-07-2024,2,V ugm-3 (Ref.eq),,,No data,V ugm-3 (Ref.eq),1,V ugm-3 (Ref.eq),,,1,V ugm-3 (Ref.eq),,,2,V ugm-3 (Ref.eq),2,V ugm-3 (Ref.eq),,,,,,,1,V ugm-3 (Ref.eq),1,V ugm-3 (Ref.eq),,
11-07-2024,4,V ugm-3 (Ref.eq),,,No data,V ugm-3 (Ref.eq),2,V ugm-3 (Ref.eq),,,3,V ugm-3 (Ref.eq),,,3,V ugm-3 (Ref.eq),3,V ugm-3 (Ref.eq),,,,,,,2,V ugm-3 (Ref.eq),2,V ugm-3 (Ref.eq),,
12-07-2024,6,V ugm-3 (Ref.eq),,,6,V ugm-3 (Ref.eq),5,V ugm-3 (Ref.eq),,,5,V ugm-3 (Ref.eq),,,5,V ugm-3 (Ref.eq),5,V ugm-3 (Ref.eq),,,,,,,5,V ugm-3 (Ref.eq),5,V ugm-3 (Ref.eq),,
13-07-2024,6,V ugm-3 (Ref.eq),,,5,V ugm-3 (Ref.eq),5,V ugm-3 (Ref.eq),,,5,V ugm-3 (Ref.eq),,,5,V ugm-3 (Ref.eq),5,V ugm-3 (Ref.eq),,,,,,,6,V ugm-3 (Ref.eq),4,V ugm-3 (Ref.eq),,
14-07-2024,5,V ugm-3 (Ref.eq),,,5,V ugm-3 (Ref.eq),4,V ugm-3 (Ref.eq),,,4,V ugm-3 (Ref.eq),,,5,V ugm-3 (Ref.eq),4,V ugm-3 (Ref.eq),,,,,,,4,V ugm-3 (Ref.eq),4,V ugm-3 (Ref.eq),,
15-07-2024,10,V ugm-3 (Ref.eq),,,8,V ugm-3 (Ref.eq),6,V ugm-3 (Ref.eq),,,5,V ugm-3 (Ref.eq),,,6,V ugm-3 (Ref.eq),5,V ugm-3 (Ref.eq),,,,,,,6,V ugm-3 (Ref.eq),6,V ugm-3 (Ref.eq),,
16-07-2024,6,V ugm-3 (Ref.eq),,,5,V ugm-3 (Ref.eq),5,V ugm-3 (Ref.eq),,,4,V ugm-3 (Ref.eq),,,5,V ugm-3 (Ref.eq),4,V ugm-3 (Ref.eq),,,,,,,5,V ugm-3 (Ref.eq),4,V ugm-3 (Ref.eq),,
17-07-2024,8,V ugm-3 (Ref.eq),,,5,V ugm-3 (Ref.eq),6,V ugm-3 (Ref.eq),,,5,V ugm-3 (Ref.eq),,,5,V ugm-3 (Ref.eq),5,V ugm-3 (Ref.eq),,,,,,,7,V ugm-3 (Ref.eq),5,V ugm-3 (Ref.eq),,
18-07-2024,8,V ugm-3 (Ref.eq),,,6,V ugm-3 (Ref.eq),6,V ugm-3 (Ref.eq),,,5,V ugm-3 (Ref.eq),,,5,V ugm-3 (Ref.eq),5,V ugm-3 (Ref.eq),,,,,,,7,V ugm-3 (Ref.eq),6,V ugm-3 (Ref.eq),,
19-07-2024,8,V ugm-3 (Ref.eq),,,7,V ugm-3 (Ref.eq),7,V ugm-3 (Ref.eq),,,7,V ugm-3 (Ref.eq),,,7,V ugm-3 (Ref.eq),7,V ugm-3 (Ref.eq),,,,,,,7,V ugm-3 (Ref.eq),6,V ugm-3 (Ref.eq),,
20-07-2024,3,V ugm-3 (Ref.eq),,,2,V ugm-3 (Ref.eq),3,V ugm-3 (Ref.eq),,,3,V ugm-3 (Ref.eq),,,3,V ugm-3 (Ref.eq),3,V ugm-3 (Ref.eq),,,,,,,3,V ugm-3 (Ref.eq),2,V ugm-3 (Ref.eq),,
21-07-2024,3,V ugm-3 (Ref.eq),,,3,V ugm-3 (Ref.eq),3,V ugm-3 (Ref.eq),,,3,V ugm-3 (Ref.eq),,,3,V ugm-3 (Ref.eq),3,V ugm-3 (Ref.eq),,,,,,,3,V ugm-3 (Ref.eq),3,V ugm-3 (Ref.eq),,
22-07-2024,4,V ugm-3 (Ref.eq),,,3,V ugm-3 (Ref.eq),3,V ugm-3 (Ref.eq),,,3,V ugm-3 (Ref.eq),,,3,V ugm-3 (Ref.eq),3,V ugm-3 (Ref.eq),,,,,,,2,V ugm-3 (Ref.eq),3,V ugm-3 (Ref.eq),,
23-07-2024,4,V ugm-3 (Ref.eq),,,3,V ugm-3 (Ref.eq),4,V ugm-3 (Ref.eq),,,3,V ugm-3 (Ref.eq),,,4,V ugm-3 (Ref.eq),4,V ugm-3 (Ref.eq),,,,,,,4,V ugm-3 (Ref.eq),3,V ugm-3 (Ref.eq),,
24-07-2024,6,V ugm-3 (Ref.eq),,,5,V ugm-3 (Ref.eq),5,V ugm-3 (Ref.eq),,,4,V ugm-3 (Ref.eq),,,5,V ugm-3 (Ref.eq),5,V ugm-3 (Ref.eq),,,,,,,5,V ugm-3 (Ref.eq),3,V ugm-3 (Ref.eq),,
25-07-2024,4,V ugm-3 (Ref.eq),,,3,V ugm-3 (Ref.eq),3,V ugm-3 (Ref.eq),,,2,V ugm-3 (Ref.eq),,,2,V ugm-3 (Ref.eq),2,V ugm-3 (Ref.eq),,,,,,,3,V ugm-3 (Ref.eq),2,V ugm-3 (Ref.eq),,
26-07-2024,6,V ugm-3 (Ref.eq),,,4,V ugm-3 (Ref.eq),4,V ugm-3 (Ref.eq),,,4,V ugm-3 (Ref.eq),,,4,V ugm-3 (Ref.eq),4,V ugm-3 (Ref.eq),,,,,,,4,V ugm-3 (Ref.eq),4,V ugm-3 (Ref.eq),,
27-07-2024,5,V ugm-3 (Ref.eq),,,5,V ugm-3 (Ref.eq),4,V ugm-3 (Ref.eq),,,4,V ugm-3 (Ref.eq),,,4,V ugm-3 (Ref.eq),4,V ugm-3 (Ref.eq),,,,,,,5,V ugm-3 (Ref.eq),3,V ugm-3 (Ref.eq),,
28-07-2024,7,V ugm-3 (Ref.eq),,,6,V ugm-3 (Ref.eq),8,V ugm-3 (Ref.eq),,,5,V ugm-3 (Ref.eq),,,5,V ugm-3 (Ref.eq),5,V ugm-3 (Ref.eq),,,,,,,6,V ugm-3 (Ref.eq),4,V ugm-3 (Ref.eq),,
29-07-2024,8,V ugm-3 (Ref.eq),,,6,V ugm-3 (Ref.eq),7,V ugm-3 (Ref.eq),,,6,V ugm-3 (Ref.eq),,,5,V ugm-3 (Ref.eq),6,V ugm-3 (Ref.eq),,,,,,,6,V ugm-3 (Ref.eq),5,V ugm-3 (Ref.eq),,
30-07-2024,6,V ugm-3 (Ref.eq),,,7,V ugm-3 (Ref.eq),6,V ugm-3 (Ref.eq),,,8,V ugm-3 (Ref.eq),,,9,V ugm-3 (Ref.eq),8,V ugm-3 (Ref.eq),,,,,,,5,V ugm-3 (Ref.eq),5,V ugm-3 (Ref.eq),,
31-07-2024,8,V ugm-3 (Ref.eq),,,9,V ugm-3 (Ref.eq),8,V ugm-3 (Ref.eq),,,8,V ugm-3 (Ref.eq),,,9,V ugm-3 (Ref.eq),9,V ugm-3 (Ref.eq),,,,,,,8,V ugm-3 (Ref.eq),8,V ugm-3 (Ref.eq),,
01-08-2024,11,V ugm-3 (Ref.eq),,,10,V ugm-3 (Ref.eq),9,V ugm-3 (Ref.eq),,,10,V ugm-3 (Ref.eq),,,9,V ugm-3 (Ref.eq),9,V ugm-3 (Ref.eq),,,,,,,9,V ugm-3 (Ref.eq),10,V ugm-3 (Ref.eq),,
02-08-2024,9,V ugm-3 (Ref.eq),,,8,V ugm-3 (Ref.eq),8,V ugm-3 (Ref.eq),,,8,V ugm-3 (Ref.eq),,,9,V ugm-3 (Ref.eq),9,V ugm-3 (Ref.eq),,,,,,,7,V ugm-3 (Ref.eq),6,V ugm-3 (Ref.eq),,
03-08-2024,6,V ugm-3 (Ref.eq),,,6,V ugm-3 (Ref.eq),7,V ugm-3 (Ref.eq),,,6,V ugm-3 (Ref.eq),,,6,V ugm-3 (Ref.eq),6,V ugm-3 (Ref.eq),,,,,,,6,V ugm-3 (Ref.eq),5,V ugm-3 (Ref.eq),,
04-08-2024,6,V ugm-3 (Ref.eq),,,5,V ugm-3 (Ref.eq),6,V ugm-3 (Ref.eq),,,5,V ugm-3 (Ref.eq),,,5,V ugm-3 (Ref.eq),5,V ugm-3 (Ref.eq),,,,,,,5,V ugm-3 (Ref.eq),5,V ugm-3 (Ref.eq),,
05-08-2024,8,V ugm-3 (Ref.eq),,,5,V ugm-3 (Ref.eq),6,V ugm-3 (Ref.eq),,,5,V ugm-3 (Ref.eq),,,5,V ugm-3 (Ref.eq),5,V ugm-3 (Ref.eq),,,,,,,5,V ugm-3 (Ref.eq),4,V ugm-3 (Ref.eq),,
06-08-2024,5,V ugm-3 (Ref.eq),,,3,V ugm-3 (Ref.eq),4,V ugm-3 (Ref.eq),,,4,V ugm-3 (Ref.eq),,,4,V ugm-3 (Ref.eq),4,V ugm-3 (Ref.eq),,,,,,,3,V ugm-3 (Ref.eq),3,V ugm-3 (Ref.eq),,
07-08-2024,6,V ugm-3 (Ref.eq),,,5,V ugm-3 (Ref.eq),5,V ugm-3 (Ref.eq),,,5,V ugm-3 (Ref.eq),,,5,V ugm-3 (Ref.eq),5,V ugm-3 (Ref.eq),,,,,,,5,V ugm-3 (Ref.eq),5,V ugm-3 (Ref.eq),,
08-08-2024,5,V ugm-3 (Ref.eq),,,4,V ugm-3 (Ref.eq),4,V ugm-3 (Ref.eq),,,4,V ugm-3 (Ref.eq),,,4,V ugm-3 (Ref.eq),4,V ugm-3 (Ref.eq),,,,,,,4,V ugm-3 (Ref.eq),3,V ugm-3 (Ref.eq),,
09-08-2024,3,V ugm-3 (Ref.eq),,,3,V ugm-3 (Ref.eq),3,V ugm-3 (Ref.eq),,,2,V ugm-3 (Ref.eq),,,3,V ugm-3 (Ref.eq),3,V ugm-3 (Ref.eq),,,,,,,3,V ugm-3 (Ref.eq),3,V ugm-3 (Ref.eq),,
10-08-2024,6,V ugm-3 (Ref.eq),,,6,V ugm-3 (Ref.eq),6,V ugm-3 (Ref.eq),,,5,V ugm-3 (Ref.eq),,,5,V ugm-3 (Ref.eq),5,V ugm-3 (Ref.eq),,,,,,,6,V ugm-3 (Ref.eq),4,V ugm-3 (Ref.eq),,
11-08-2024,7,V ugm-3 (Ref.eq),,,6,V ugm-3 (Ref.eq),6,V ugm-3 (Ref.eq),,,5,V ugm-3 (Ref.eq),,,5,V ugm-3 (Ref.eq),5,V ugm-3 (Ref.eq),,,,,,,6,V ugm-3 (Ref.eq),5,V ugm-3 (Ref.eq),,
12-08-2024,7,V ugm-3 (Ref.eq),,,6,V ugm-3 (Ref.eq),6,V ugm-3 (Ref.eq),,,6,V ugm-3 (Ref.eq),,,6,V ugm-3 (Ref.eq),6,V ugm-3 (Ref.eq),,,,,,,7,V ugm-3 (Ref.eq),5,V ugm-3 (Ref.eq),,
13-08-2024,6,V ugm-3 (Ref.eq),,,4,V ugm-3 (Ref.eq),4,V ugm-3 (Ref.eq),,,4,V ugm-3 (Ref.eq),,,4,V ugm-3 (Ref.eq),4,V ugm-3 (Ref.eq),,,,,,,4,V ugm-3 (Ref.eq),4,V ugm-3 (Ref.eq),,
14-08-2024,6,V ugm-3 (Ref.eq),,,5,V ugm-3 (Ref.eq),4,V ugm-3 (Ref.eq),,,5,V ugm-3 (Ref.eq),,,6,V ugm-3 (Ref.eq),5,V ugm-3 (Ref.eq),,,,,,,6,V ugm-3 (Ref.eq),5,V ugm-3 (Ref.eq),,
15-08-2024,6,V ugm-3 (Ref.eq),,,3,V ugm-3 (Ref.eq),4,V ugm-3 (Ref.eq),,,3,V ugm-3 (Ref.eq),,,3,V ugm-3 (Ref.eq),3,V ugm-3 (Ref.eq),,,,,,,3,V ugm-3 (Ref.eq),3,V ugm-3 (Ref.eq),,
16-08-2024,5,V ugm-3 (Ref.eq),,,5,V ugm-3 (Ref.eq),5,V ugm-3 (Ref.eq),,,4,V ugm-3 (Ref.eq),,,4,V ugm-3 (Ref.eq),4,V ugm-3 (Ref.eq),,,,,,,5,V ugm-3 (Ref.eq),3,V ugm-3 (Ref.eq),,
17-08-2024,5,V ugm-3 (Ref.eq),,,5,V ugm-3 (Ref.eq),5,V ugm-3 (Ref.eq),,,4,V ugm-3 (Ref.eq),,,4,V ugm-3 (Ref.eq),4,V ugm-3 (Ref.eq),,,,,,,5,V ugm-3 (Ref.eq),5,V ugm-3 (Ref.eq),,
18-08-2024,10,V ugm-3 (Ref.eq),,,9,V ugm-3 (Ref.eq),10,V ugm-3 (Ref.eq),,,9,V ugm-3 (Ref.eq),,,9,V ugm-3 (Ref.eq),9,V ugm-3 (Ref.eq),,,,,,,10,V ugm-3 (Ref.eq),10,V ugm-3 (Ref.eq),,
19-08-2024,18,V ugm-3 (Ref.eq),,,15,V ugm-3 (Ref.eq),17,V ugm-3 (Ref.eq),,,16,V ugm-3 (Ref.eq),,,16,V ugm-3 (Ref.eq),16,V ugm-3 (Ref.eq),,,,,,,15,V ugm-3 (Ref.eq),14,V ugm-3 (Ref.eq),,
20-08-2024,3,V ugm-3 (Ref.eq),,,3,V ugm-3 (Ref.eq),3,V ugm-3 (Ref.eq),,,3,V ugm-3 (Ref.eq),,,3,V ugm-3 (Ref.eq),3,V ugm-3 (Ref.eq),,,,,,,3,V ugm-3 (Ref.eq),3,V ugm-3 (Ref.eq),,
21-08-2024,6,V ugm-3 (Ref.eq),,,4,V ugm-3 (Ref.eq),5,V ugm-3 (Ref.eq),,,5,V ugm-3 (Ref.eq),,,5,V ugm-3 (Ref.eq),5,V ugm-3 (Ref.eq),,,,,,,4,V ugm-3 (Ref.eq),4,V ugm-3 (Ref.eq),,
22-08-2024,5,V ugm-3 (Ref.eq),,,4,V ugm-3 (Ref.eq),4,V ugm-3 (Ref.eq),,,4,V ugm-3 (Ref.eq),,,4,V ugm-3 (Ref.eq),4,V ugm-3 (Ref.eq),,,,,,,5,V ugm-3 (Ref.eq),4,V ugm-3 (Ref.eq),,
23-08-2024,4,V ugm-3 (Ref.eq),,,4,V ugm-3 (Ref.eq),4,V ugm-3 (Ref.eq),,,4,V ugm-3 (Ref.eq),,,4,V ugm-3 (Ref.eq),4,V ugm-3 (Ref.eq),,,,,,,4,V ugm-3 (Ref.eq),3,V ugm-3 (Ref.eq),,
24-08-2024,4,V ugm-3 (Ref.eq),,,3,V ugm-3 (Ref.eq),4,V ugm-3 (Ref.eq),,,3,V ugm-3 (Ref.eq),,,3,V ugm-3 (Ref.eq),3,V ugm-3 (Ref.eq),,,,,,,4,V ugm-3 (Ref.eq),3,V ugm-3 (Ref.eq),,
25-08-2024,5,V ugm-3 (Ref.eq),,,5,V ugm-3 (Ref.eq),5,V ugm-3 (Ref.eq),,,4,V ugm-3 (Ref.eq),,,5,V ugm-3 (Ref.eq),5,V ugm-3 (Ref.eq),,,,,,,6,V ugm-3 (Ref.eq),6,V ugm-3 (Ref.eq),,
26-08-2024,16,V ugm-3 (Ref.eq),,,15,V ugm-3 (Ref.eq),17,V ugm-3 (Ref.eq),,,13,V ugm-3 (Ref.eq),,,12,V ugm-3 (Ref.eq),12,V ugm-3 (Ref.eq),,,,,,,16,V ugm-3 (Ref.eq),15,V ugm-3 (Ref.eq),,
27-08-2024,8,V ugm-3 (Ref.eq),,,6,V ugm-3 (Ref.eq),7,V ugm-3 (Ref.eq),,,7,V ugm-3 (Ref.eq),,,7,V ugm-3 (Ref.eq),7,V ugm-3 (Ref.eq),,,,,,,6,V ugm-3 (Ref.eq),5,V ugm-3 (Ref.eq),,
28-08-2024,9,V ugm-3 (Ref.eq),,,8,V ugm-3 (Ref.eq),9,V ugm-3 (Ref.eq),,,8,V ugm-3 (Ref.eq),,,8,V ugm-3 (Ref.eq),8,V ugm-3 (Ref.eq),,,,,,,8,V ugm-3 (Ref.eq),7,V ugm-3 (Ref.eq),,
29-08-2024,10,V ugm-3 (Ref.eq),,,9,V ugm-3 (Ref.eq),8,V ugm-3 (Ref.eq),,,9,V ugm-3 (Ref.eq),,,10,V ugm-3 (Ref.eq),9,V ugm-3 (Ref.eq),,,,,,,8,V ugm-3 (Ref.eq),8,V ugm-3 (Ref.eq),,
30-08-2024,10,V ugm-3 (Ref.eq),,,8,V ugm-3 (Ref.eq),10,V ugm-3 (Ref.eq),,,9,V ugm-3 (Ref.eq),,,11,V ugm-3 (Ref.eq),10,V ugm-3 (Ref.eq),,,,,,,10,V ugm-3 (Ref.eq),8,V ugm-3 (Ref.eq),,
31-08-2024,15,V ugm-3 (Ref.eq),,,14,V ugm-3 (Ref.eq),14,V ugm-3 (Ref.eq),,,14,V ugm-3 (Ref.eq),,,14,V ugm-3 (Ref.eq),13,V ugm-3 (Ref.eq),,,,,,,13,V ugm-3 (Ref.eq),14,V ugm-3 (Ref.eq),,
01-09-2024,15,V ugm-3 (Ref.eq),,,15,V ugm-3 (Ref.eq),14,V ugm-3 (Ref.eq),,,13,V ugm-3 (Ref.eq),,,13,V ugm-3 (Ref.eq),13,V ugm-3 (Ref.eq),,,,,,,12,V ugm-3 (Ref.eq),14,V ugm-3 (Ref.eq),,
02-09-2024,12,V ugm-3 (Ref.eq),,,12,V ugm-3 (Ref.eq),15,V ugm-3 (Ref.eq),,,10,V ugm-3 (Ref.eq),,,10,V ugm-3 (Ref.eq),10,V ugm-3 (Ref.eq),,,,,,,11,V ugm-3 (Ref.eq),12,V ugm-3 (Ref.eq),,
03-09-2024,6,V ugm-3 (Ref.eq),,,6,V ugm-3 (Ref.eq),6,V ugm-3 (Ref.eq),,,6,V ugm-3 (Ref.eq),,,6,V ugm-3 (Ref.eq),6,V ugm-3 (Ref.eq),,,,,,,7,V ugm-3 (Ref.eq),6,V ugm-3 (Ref.eq),,
04-09-2024,7,V ugm-3 (Ref.eq),,,6,V ugm-3 (Ref.eq),6,V ugm-3 (Ref.eq),,,6,V ugm-3 (Ref.eq),,,6,V ugm-3 (Ref.eq),6,V ugm-3 (Ref.eq),,,,,,,6,V ugm-3 (Ref.eq),5,V ugm-3 (Ref.eq),,
05-09-2024,11,V ugm-3 (Ref.eq),,,10,V ugm-3 (Ref.eq),8,V ugm-3 (Ref.eq),,,11,V ugm-3 (Ref.eq),,,12,V ugm-3 (Ref.eq),12,V ugm-3 (Ref.eq),,,,,,,7,V ugm-3 (Ref.eq),8,V ugm-3 (Ref.eq),,
06-09-2024,28,V ugm-3 (Ref.eq),,,28,V ugm-3 (Ref.eq),25,V ugm-3 (Ref.eq),,,27,V ugm-3 (Ref.eq),,,28,V ugm-3 (Ref.eq),27,V ugm-3 (Ref.eq),,,,,,,23,V ugm-3 (Ref.eq),23,V ugm-3 (Ref.eq),,
07-09-2024,22,V ugm-3 (Ref.eq),,,22,V ugm-3 (Ref.eq),21,V ugm-3 (Ref.eq),,,25,V ugm-3 (Ref.eq),,,27,V ugm-3 (Ref.eq),25,V ugm-3 (Ref.eq),,,,,,,17,V ugm-3 (Ref.eq),20,V ugm-3 (Ref.eq),,
08-09-2024,9,V ugm-3 (Ref.eq),,,8,V ugm-3 (Ref.eq),10,V ugm-3 (Ref.eq),,,6,V ugm-3 (Ref.eq),,,6,V ugm-3 (Ref.eq),6,V ugm-3 (Ref.eq),,,,,,,8,V ugm-3 (Ref.eq),3,V ugm-3 (Ref.eq),,
09-09-2024,7,V ugm-3 (Ref.eq),,,6,V ugm-3 (Ref.eq),7,V ugm-3 (Ref.eq),,,6,V ugm-3 (Ref.eq),,,6,V ugm-3 (Ref.eq),6,V ugm-3 (Ref.eq),,,,,,,7,V ugm-3 (Ref.eq),6,V ugm-3 (Ref.eq),,
10-09-2024,6,V ugm-3 (Ref.eq),,,5,V ugm-3 (Ref.eq),5,V ugm-3 (Ref.eq),,,5,V ugm-3 (Ref.eq),,,6,V ugm-3 (Ref.eq),5,V ugm-3 (Ref.eq),,,,,,,4,V ugm-3 (Ref.eq),5,V ugm-3 (Ref.eq),,
11-09-2024,3,V ugm-3 (Ref.eq),,,3,V ugm-3 (Ref.eq),3,V ugm-3 (Ref.eq),,,2,V ugm-3 (Ref.eq),,,3,V ugm-3 (Ref.eq),2,V ugm-3 (Ref.eq),,,,,,,3,V ugm-3 (Ref.eq),2,V ugm-3 (Ref.eq),,
12-09-2024,3,V ugm-3 (Ref.eq),3,V ugm-3 (Ref.eq),3,V ugm-3 (Ref.eq),3,V ugm-3 (Ref.eq),,,2,V ugm-3 (Ref.eq),,,3,V ugm-3 (Ref.eq),2,V ugm-3 (Ref.eq),,,,,,,2,V ugm-3 (Ref.eq),2,V ugm-3 (Ref.eq),,
13-09-2024,7,V ugm-3 (Ref.eq),4,V ugm-3 (Ref.eq),5,V ugm-3 (Ref.eq),6,V ugm-3 (Ref.eq),,,5,V ugm-3 (Ref.eq),,,5,V ugm-3 (Ref.eq),5,V ugm-3 (Ref.eq),,,,,,,5,V ugm-3 (Ref.eq),3,V ugm-3 (Ref.eq),,
14-09-2024,6,V ugm-3 (Ref.eq),5,V ugm-3 (Ref.eq),5,V ugm-3 (Ref.eq),5,V ugm-3 (Ref.eq),,,4,V ugm-3 (Ref.eq),,,4,V ugm-3 (Ref.eq),4,V ugm-3 (Ref.eq),,,,,,,4,V ugm-3 (Ref.eq),3,V ugm-3 (Ref.eq),,
15-09-2024,5,V ugm-3 (Ref.eq),5,V ugm-3 (Ref.eq),4,V ugm-3 (Ref.eq),5,V ugm-3 (Ref.eq),,,4,V ugm-3 (Ref.eq),,,5,V ugm-3 (Ref.eq),4,V ugm-3 (Ref.eq),,,,,,,4,V ugm-3 (Ref.eq),3,V ugm-3 (Ref.eq),,
16-09-2024,7,V ugm-3 (Ref.eq),7,V ugm-3 (Ref.eq),6,V ugm-3 (Ref.eq),5,V ugm-3 (Ref.eq),,,4,V ugm-3 (Ref.eq),,,4,V ugm-3 (Ref.eq),4,V ugm-3 (Ref.eq),,,,,,,5,V ugm-3 (Ref.eq),6,V ugm-3 (Ref.eq),,
17-09-2024,7,V ugm-3 (Ref.eq),5,V ugm-3 (Ref.eq),5,V ugm-3 (Ref.eq),5,V ugm-3 (Ref.eq),,,4,V ugm-3 (Ref.eq),,,4,V ugm-3 (Ref.eq),4,V ugm-3 (Ref.eq),,,,,,,4,V ugm-3 (Ref.eq),4,V ugm-3 (Ref.eq),,
18-09-2024,7,V ugm-3 (Ref.eq),7,V ugm-3 (Ref.eq),7,V ugm-3 (Ref.eq),7,V ugm-3 (Ref.eq),,,6,V ugm-3 (Ref.eq),,,7,V ugm-3 (Ref.eq),7,V ugm-3 (Ref.eq),,,,,,,5,V ugm-3 (Ref.eq),7,V ugm-3 (Ref.eq),,
19-09-2024,19,V ugm-3 (Ref.eq),17,V ugm-3 (Ref.eq),20,V ugm-3 (Ref.eq),15,V ugm-3 (Ref.eq),,,16,V ugm-3 (Ref.eq),,,17,V ugm-3 (Ref.eq),16,V ugm-3 (Ref.eq),,,,,,,14,V ugm-3 (Ref.eq),14,V ugm-3 (Ref.eq),,
20-09-2024,24,V ugm-3 (Ref.eq),23,V ugm-3 (Ref.eq),24,V ugm-3 (Ref.eq),21,V ugm-3 (Ref.eq),,,22,V ugm-3 (Ref.eq),,,23,V ugm-3 (Ref.eq),23,V ugm-3 (Ref.eq),,,,,,,21,V ugm-3 (Ref.eq),19,V ugm-3 (Ref.eq),,
21-09-2024,21,V ugm-3 (Ref.eq),20,V ugm-3 (Ref.eq),21,V ugm-3 (Ref.eq),20,V ugm-3 (Ref.eq),,,19,V ugm-3 (Ref.eq),,,20,V ugm-3 (Ref.eq),20,V ugm-3 (Ref.eq),,,,,,,18,V ugm-3 (Ref.eq),18,V ugm-3 (Ref.eq),,
22-09-2024,16,V ugm-3 (Ref.eq),14,V ugm-3 (Ref.eq),16,V ugm-3 (Ref.eq),16,V ugm-3 (Ref.eq),,,13,V ugm-3 (Ref.eq),,,15,V ugm-3 (Ref.eq),14,V ugm-3 (Ref.eq),,,,,,,16,V ugm-3 (Ref.eq),15,V ugm-3 (Ref.eq),,
23-09-2024,16,V ugm-3 (Ref.eq),15,V ugm-3 (Ref.eq),15,V ugm-3 (Ref.eq),13,V ugm-3 (Ref.eq),,,14,V ugm-3 (Ref.eq),,,15,V ugm-3 (Ref.eq),14,V ugm-3 (Ref.eq),,,,,,,12,V ugm-3 (Ref.eq),13,V ugm-3 (Ref.eq),,
24-09-2024,6,V ugm-3 (Ref.eq),5,V ugm-3 (Ref.eq),5,V ugm-3 (Ref.eq),5,V ugm-3 (Ref.eq),,,6,V ugm-3 (Ref.eq),,,6,V ugm-3 (Ref.eq),6,V ugm-3 (Ref.eq),,,,,,,5,V ugm-3 (Ref.eq),5,V ugm-3 (Ref.eq),,
25-09-2024,6,V ugm-3 (Ref.eq),4,V ugm-3 (Ref.eq),4,V ugm-3 (Ref.eq),5,V ugm-3 (Ref.eq),,,4,V ugm-3 (Ref.eq),,,4,V ugm-3 (Ref.eq),4,V ugm-3 (Ref.eq),,,,,,,5,V ugm-3 (Ref.eq),4,V ugm-3 (Ref.eq),,
26-09-2024,4,V ugm-3 (Ref.eq),3,V ugm-3 (Ref.eq),3,V ugm-3 (Ref.eq),6,V ugm-3 (Ref.eq),,,3,V ugm-3 (Ref.eq),,,3,V ugm-3 (Ref.eq),3,V ugm-3 (Ref.eq),,,,,,,6,V ugm-3 (Ref.eq),4,V ugm-3 (Ref.eq),,
27-09-2024,3,V ugm-3 (Ref.eq),3,V ugm-3 (Ref.eq),3,V ugm-3 (Ref.eq),3,V ugm-3 (Ref.eq),,,3,V ugm-3 (Ref.eq),,,4,V ugm-3 (Ref.eq),3,V ugm-3 (Ref.eq),,,,,,,4,V ugm-3 (Ref.eq),2,V ugm-3 (Ref.eq),,
28-09-2024,5,V ugm-3 (Ref.eq),4,V ugm-3 (Ref.eq),4,V ugm-3 (Ref.eq),5,V ugm-3 (Ref.eq),,,4,V ugm-3 (Ref.eq),,,4,V ugm-3 (Ref.eq),4,V ugm-3 (Ref.eq),,,,,,,4,V ugm-3 (Ref.eq),3,V ugm-3 (Ref.eq),,
29-09-2024,5,V ugm-3 (Ref.eq),4,V ugm-3 (Ref.eq),4,V ugm-3 (Ref.eq),5,V ugm-3 (Ref.eq),,,4,V ugm-3 (Ref.eq),,,4,V ugm-3 (Ref.eq),4,V ugm-3 (Ref.eq),,,,,,,5,V ugm-3 (Ref.eq),4,V ugm-3 (Ref.eq),,
30-09-2024,3,V ugm-3 (Ref.eq),1,V ugm-3 (Ref.eq),1,V ugm-3 (Ref.eq),2,V ugm-3 (Ref.eq),,,1,V ugm-3 (Ref.eq),,,1,V ugm-3 (Ref.eq),1,V ugm-3 (Ref.eq),,,,,,,2,V ugm-3 (Ref.eq),1,V ugm-3 (Ref.eq),,
01-10-2024,5,V ugm-3 (Ref.eq),4,V ugm-3 (Ref.eq),4,V ugm-3 (Ref.eq),4,V ugm-3 (Ref.eq),,,3,V ugm-3 (Ref.eq),,,3,V ugm-3 (Ref.eq),3,V ugm-3 (Ref.eq),,,,,,,5,V ugm-3 (Ref.eq),4,V ugm-3 (Ref.eq),,
02-10-2024,5,V ugm-3 (Ref.eq),4,V ugm-3 (Ref.eq),4,V ugm-3 (Ref.eq),4,V ugm-3 (Ref.eq),,,4,V ugm-3 (Ref.eq),,,4,V ugm-3 (Ref.eq),4,V ugm-3 (Ref.eq),,,,,,,4,V ugm-3 (Ref.eq),4,V ugm-3 (Ref.eq),,
03-10-2024,6,V ugm-3 (Ref.eq),6,V ugm-3 (Ref.eq),5,V ugm-3 (Ref.eq),4,V ugm-3 (Ref.eq),,,5,V ugm-3 (Ref.eq),,,4,V ugm-3 (Ref.eq),4,V ugm-3 (Ref.eq),,,,,,,5,V ugm-3 (Ref.eq),4,V ugm-3 (Ref.eq),,
04-10-2024,9,V ugm-3 (Ref.eq),6,V ugm-3 (Ref.eq),6,V ugm-3 (Ref.eq),8,V ugm-3 (Ref.eq),,,7,V ugm-3 (Ref.eq),,,6,V ugm-3 (Ref.eq),6,V ugm-3 (Ref.eq),,,,,,,8,V ugm-3 (Ref.eq),8,V ugm-3 (Ref.eq),,
05-10-2024,9,V ugm-3 (Ref.eq),8,V ugm-3 (Ref.eq),8,V ugm-3 (Ref.eq),10,V ugm-3 (Ref.eq),,,8,V ugm-3 (Ref.eq),,,9,V ugm-3 (Ref.eq),9,V ugm-3 (Ref.eq),,,,,,,10,V ugm-3 (Ref.eq),8,V ugm-3 (Ref.eq),,
06-10-2024,6,V ugm-3 (Ref.eq),5,V ugm-3 (Ref.eq),6,V ugm-3 (Ref.eq),7,V ugm-3 (Ref.eq),,,5,V ugm-3 (Ref.eq),,,5,V ugm-3 (Ref.eq),5,V ugm-3 (Ref.eq),,,,,,,6,V ugm-3 (Ref.eq),5,V ugm-3 (Ref.eq),,
07-10-2024,7,V ugm-3 (Ref.eq),6,V ugm-3 (Ref.eq),6,V ugm-3 (Ref.eq),6,V ugm-3 (Ref.eq),,,5,V ugm-3 (Ref.eq),,,5,V ugm-3 (Ref.eq),5,V ugm-3 (Ref.eq),,,,,,,5,V ugm-3 (Ref.eq),5,V ugm-3 (Ref.eq),,
08-10-2024,5,V ugm-3 (Ref.eq),4,V ugm-3 (Ref.eq),4,V ugm-3 (Ref.eq),5,V ugm-3 (Ref.eq),,,4,V ugm-3 (Ref.eq),,,4,V ugm-3 (Ref.eq),4,V ugm-3 (Ref.eq),,,,,,,6,V ugm-3 (Ref.eq),4,V ugm-3 (Ref.eq),,
09-10-2024,5,V ugm-3 (Ref.eq),5,V ugm-3 (Ref.eq),5,V ugm-3 (Ref.eq),3,V ugm-3 (Ref.eq),,,4,V ugm-3 (Ref.eq),,,4,V ugm-3 (Ref.eq),4,V ugm-3 (Ref.eq),,,,,,,3,V ugm-3 (Ref.eq),4,V ugm-3 (Ref.eq),,
10-10-2024,5,V ugm-3 (Ref.eq),4,V ugm-3 (Ref.eq),4,V ugm-3 (Ref.eq),5,V ugm-3 (Ref.eq),,,4,V ugm-3 (Ref.eq),,,5,V ugm-3 (Ref.eq),4,V ugm-3 (Ref.eq),,,,,,,6,V ugm-3 (Ref.eq),3,V ugm-3 (Ref.eq),,
11-10-2024,10,V ugm-3 (Ref.eq),5,V ugm-3 (Ref.eq),4,V ugm-3 (Ref.eq),7,V ugm-3 (Ref.eq),,,6,V ugm-3 (Ref.eq),,,6,V ugm-3 (Ref.eq),7,V ugm-3 (Ref.eq),,,,,,,6,V ugm-3 (Ref.eq),4,V ugm-3 (Ref.eq),,
12-10-2024,5,V ugm-3 (Ref.eq),4,V ugm-3 (Ref.eq),4,V ugm-3 (Ref.eq),5,V ugm-3 (Ref.eq),,,4,V ugm-3 (Ref.eq),,,4,V ugm-3 (Ref.eq),3,V ugm-3 (Ref.eq),,,,,,,5,V ugm-3 (Ref.eq),4,V ugm-3 (Ref.eq),,
13-10-2024,6,V ugm-3 (Ref.eq),6,V ugm-3 (Ref.eq),5,V ugm-3 (Ref.eq),5,V ugm-3 (Ref.eq),,,5,V ugm-3 (Ref.eq),,,5,V ugm-3 (Ref.eq),5,V ugm-3 (Ref.eq),,,,,,,6,V ugm-3 (Ref.eq),5,V ugm-3 (Ref.eq),,
14-10-2024,7,V ugm-3 (Ref.eq),6,V ugm-3 (Ref.eq),7,V ugm-3 (Ref.eq),5,V ugm-3 (Ref.eq),,,6,V ugm-3 (Ref.eq),,,6,V ugm-3 (Ref.eq),5,V ugm-3 (Ref.eq),,,,,,,6,V ugm-3 (Ref.eq),6,V ugm-3 (Ref.eq),,
15-10-2024,13,V ugm-3 (Ref.eq),12,V ugm-3 (Ref.eq),13,V ugm-3 (Ref.eq),11,V ugm-3 (Ref.eq),,,12,V ugm-3 (Ref.eq),,,11,V ugm-3 (Ref.eq),11,V ugm-3 (Ref.eq),,,,,,,13,V ugm-3 (Ref.eq),11,V ugm-3 (Ref.eq),,
16-10-2024,12,V ugm-3 (Ref.eq),12,V ugm-3 (Ref.eq),12,V ugm-3 (Ref.eq),12,V ugm-3 (Ref.eq),,,11,V ugm-3 (Ref.eq),,,11,V ugm-3 (Ref.eq),11,V ugm-3 (Ref.eq),,,,,,,11,V ugm-3 (Ref.eq),9,V ugm-3 (Ref.eq),,
17-10-2024,7,V ugm-3 (Ref.eq),5,V ugm-3 (Ref.eq),5,V ugm-3 (Ref.eq),6,V ugm-3 (Ref.eq),,,5,V ugm-3 (Ref.eq),,,5,V ugm-3 (Ref.eq),5,V ugm-3 (Ref.eq),,,,,,,5,V ugm-3 (Ref.eq),4,V ugm-3 (Ref.eq),,
18-10-2024,5,V ugm-3 (Ref.eq),4,V ugm-3 (Ref.eq),4,V ugm-3 (Ref.eq),6,V ugm-3 (Ref.eq),,,4,V ugm-3 (Ref.eq),,,4,V ugm-3 (Ref.eq),4,V ugm-3 (Ref.eq),,,,,,,5,V ugm-3 (Ref.eq),3,V ugm-3 (Ref.eq),,
19-10-2024,7,V ugm-3 (Ref.eq),6,V ugm-3 (Ref.eq),5,V ugm-3 (Ref.eq),8,V ugm-3 (Ref.eq),,,5,V ugm-3 (Ref.eq),,,5,V ugm-3 (Ref.eq),4,V ugm-3 (Ref.eq),,,,,,,5,V ugm-3 (Ref.eq),4,V ugm-3 (Ref.eq),,
20-10-2024,8,V ugm-3 (Ref.eq),7,V ugm-3 (Ref.eq),7,V ugm-3 (Ref.eq),8,V ugm-3 (Ref.eq),,,7,V ugm-3 (Ref.eq),,,8,V ugm-3 (Ref.eq),7,V ugm-3 (Ref.eq),,,,,,,8,V ugm-3 (Ref.eq),8,V ugm-3 (Ref.eq),,
21-10-2024,12,V ugm-3 (Ref.eq),10,V ugm-3 (Ref.eq),10,V ugm-3 (Ref.eq),12,V ugm-3 (Ref.eq),,,11,V ugm-3 (Ref.eq),,,11,V ugm-3 (Ref.eq),11,V ugm-3 (Ref.eq),,,,,,,9,V ugm-3 (Ref.eq),8,V ugm-3 (Ref.eq),,
22-10-2024,9,V ugm-3 (Ref.eq),6,V ugm-3 (Ref.eq),6,V ugm-3 (Ref.eq),7,V ugm-3 (Ref.eq),,,6,V ugm-3 (Ref.eq),No data,V ugm-3 (Ref.eq),5,V ugm-3 (Ref.eq),5,V ugm-3 (Ref.eq),,,,,,,6,V ugm-3 (Ref.eq),4,V ugm-3 (Ref.eq),,
23-10-2024,8,V ugm-3 (Ref.eq),6,V ugm-3 (Ref.eq),6,V ugm-3 (Ref.eq),8,V ugm-3 (Ref.eq),,,6,V ugm-3 (Ref.eq),6,V ugm-3 (Ref.eq),5,V ugm-3 (Ref.eq),5,V ugm-3 (Ref.eq),,,,,,,7,V ugm-3 (Ref.eq),5,V ugm-3 (Ref.eq),,
24-10-2024,8,V ugm-3 (Ref.eq),6,V ugm-3 (Ref.eq),7,V ugm-3 (Ref.eq),7,V ugm-3 (Ref.eq),,,6,V ugm-3 (Ref.eq),7,V ugm-3 (Ref.eq),7,V ugm-3 (Ref.eq),6,V ugm-3 (Ref.eq),,,,,,,8,V ugm-3 (Ref.eq),7,V ugm-3 (Ref.eq),,
25-10-2024,13,V ugm-3 (Ref.eq),12,V ugm-3 (Ref.eq),12,V ugm-3 (Ref.eq),12,V ugm-3 (Ref.eq),,,11,V ugm-3 (Ref.eq),11,V ugm-3 (Ref.eq),11,V ugm-3 (Ref.eq),11,V ugm-3 (Ref.eq),,,,,,,13,V ugm-3 (Ref.eq),10,V ugm-3 (Ref.eq),,
26-10-2024,9,V ugm-3 (Ref.eq),8,V ugm-3 (Ref.eq),7,V ugm-3 (Ref.eq),10,V ugm-3 (Ref.eq),,,7,V ugm-3 (Ref.eq),8,V ugm-3 (Ref.eq),7,V ugm-3 (Ref.eq),7,V ugm-3 (Ref.eq),,,,,,,8,V ugm-3 (Ref.eq),7,V ugm-3 (Ref.eq),,
27-10-2024,5,V ugm-3 (Ref.eq),4,V ugm-3 (Ref.eq),4,V ugm-3 (Ref.eq),5,V ugm-3 (Ref.eq),,,5,V ugm-3 (Ref.eq),5,V ugm-3 (Ref.eq),5,V ugm-3 (Ref.eq),5,V ugm-3 (Ref.eq),,,,,,,5,V ugm-3 (Ref.eq),3,V ugm-3 (Ref.eq),,
28-10-2024,4,V ugm-3 (Ref.eq),3,V ugm-3 (Ref.eq),2,V ugm-3 (Ref.eq),3,V ugm-3 (Ref.eq),,,3,V ugm-3 (Ref.eq),3,V ugm-3 (Ref.eq),3,V ugm-3 (Ref.eq),2,V ugm-3 (Ref.eq),,,,,,,3,V ugm-3 (Ref.eq),1,V ugm-3 (Ref.eq),,
29-10-2024,7,V ugm-3 (Ref.eq),6,V ugm-3 (Ref.eq),5,V ugm-3 (Ref.eq),4,V ugm-3 (Ref.eq),,,5,V ugm-3 (Ref.eq),7,V ugm-3 (Ref.eq),6,V ugm-3 (Ref.eq),6,V ugm-3 (Ref.eq),,,,,,,6,V ugm-3 (Ref.eq),3,V ugm-3 (Ref.eq),,
30-10-2024,11,V ugm-3 (Ref.eq),8,V ugm-3 (Ref.eq),7,V ugm-3 (Ref.eq),8,V ugm-3 (Ref.eq),,,8,V ugm-3 (Ref.eq),8,V ugm-3 (Ref.eq),10,V ugm-3 (Ref.eq),9,V ugm-3 (Ref.eq),,,,,,,8,V ugm-3 (Ref.eq),6,V ugm-3 (Ref.eq),,
31-10-2024,16,V ugm-3 (Ref.eq),13,V ugm-3 (Ref.eq),11,V ugm-3 (Ref.eq),11,V ugm-3 (Ref.eq),,,13,V ugm-3 (Ref.eq),17,V ugm-3 (Ref.eq),14,V ugm-3 (Ref.eq),13,V ugm-3 (Ref.eq),,,,,,,10,V ugm-3 (Ref.eq),10,V ugm-3 (Ref.eq),,
01-11-2024,12,V ugm-3 (Ref.eq),10,V ugm-3 (Ref.eq),10,V ugm-3 (Ref.eq),11,V ugm-3 (Ref.eq),,,10,V ugm-3 (Ref.eq),18,V ugm-3 (Ref.eq),12,V ugm-3 (Ref.eq),11,V ugm-3 (Ref.eq),,,9,V ugm-3 (Ref.eq),,,12,V ugm-3 (Ref.eq),7,V ugm-3 (Ref.eq),,
02-11-2024,12,V ugm-3 (Ref.eq),12,V ugm-3 (Ref.eq),11,V ugm-3 (Ref.eq),20,V ugm-3 (Ref.eq),,,11,V ugm-3 (Ref.eq),10,V ugm-3 (Ref.eq),7,V ugm-3 (Ref.eq),7,V ugm-3 (Ref.eq),,,10,V ugm-3 (Ref.eq),,,11,V ugm-3 (Ref.eq),10,V ugm-3 (Ref.eq),,
03-11-2024,11,V ugm-3 (Ref.eq),11,V ugm-3 (Ref.eq),11,V ugm-3 (Ref.eq),17,V ugm-3 (Ref.eq),,,10,V ugm-3 (Ref.eq),10,V ugm-3 (Ref.eq),10,V ugm-3 (Ref.eq),10,V ugm-3 (Ref.eq),,,11,V ugm-3 (Ref.eq),,,13,V ugm-3 (Ref.eq),11,V ugm-3 (Ref.eq),,
04-11-2024,22,V ugm-3 (Ref.eq),20,V ugm-3 (Ref.eq),20,V ugm-3 (Ref.eq),23,V ugm-3 (Ref.eq),,,19,V ugm-3 (Ref.eq),20,V ugm-3 (Ref.eq),21,V ugm-3 (Ref.eq),20,V ugm-3 (Ref.eq),,,20,V ugm-3 (Ref.eq),,,23,V ugm-3 (Ref.eq),19,V ugm-3 (Ref.eq),,
05-11-2024,21,V ugm-3 (Ref.eq),21,V ugm-3 (Ref.eq),19,V ugm-3 (Ref.eq),30,V ugm-3 (Ref.eq),,,22,V ugm-3 (Ref.eq),23,V ugm-3 (Ref.eq),21,V ugm-3 (Ref.eq),20,V ugm-3 (Ref.eq),,,21,V ugm-3 (Ref.eq),,,26,V ugm-3 (Ref.eq),23,V ugm-3 (Ref.eq),,
06-11-2024,16,V ugm-3 (Ref.eq),13,V ugm-3 (Ref.eq),15,V ugm-3 (Ref.eq),17,V ugm-3 (Ref.eq),,,12,V ugm-3 (Ref.eq),12,V ugm-3 (Ref.eq),12,V ugm-3 (Ref.eq),11,V ugm-3 (Ref.eq),,,11,V ugm-3 (Ref.eq),,,24,V ugm-3 (Ref.eq),17,V ugm-3 (Ref.eq),,
07-11-2024,15,V ugm-3 (Ref.eq),13,V ugm-3 (Ref.eq),14,V ugm-3 (Ref.eq),15,V ugm-3 (Ref.eq),,,15,V ugm-3 (Ref.eq),16,V ugm-3 (Ref.eq),15,V ugm-3 (Ref.eq),14,V ugm-3 (Ref.eq),,,9,V ugm-3 (Ref.eq),,,13,V ugm-3 (Ref.eq),11,V ugm-3 (Ref.eq),,
08-11-2024,25,V ugm-3 (Ref.eq),23,V ugm-3 (Ref.eq),24,V ugm-3 (Ref.eq),25,V ugm-3 (Ref.eq),,,24,V ugm-3 (Ref.eq),25,V ugm-3 (Ref.eq),23,V ugm-3 (Ref.eq),23,V ugm-3 (Ref.eq),,,21,V ugm-3 (Ref.eq),,,26,V ugm-3 (Ref.eq),22,V ugm-3 (Ref.eq),,
09-11-2024,30,V ugm-3 (Ref.eq),25,V ugm-3 (Ref.eq),28,V ugm-3 (Ref.eq),29,V ugm-3 (Ref.eq),,,25,V ugm-3 (Ref.eq),26,V ugm-3 (Ref.eq),25,V ugm-3 (Ref.eq),24,V ugm-3 (Ref.eq),,,29,V ugm-3 (Ref.eq),,,32,V ugm-3 (Ref.eq),27,V ugm-3 (Ref.eq),,
10-11-2024,18,V ugm-3 (Ref.eq),18,V ugm-3 (Ref.eq),16,V ugm-3 (Ref.eq),21,V ugm-3 (Ref.eq),,,18,V ugm-3 (Ref.eq),19,V ugm-3 (Ref.eq),19,V ugm-3 (Ref.eq),18,V ugm-3 (Ref.eq),,,13,V ugm-3 (Ref.eq),,,22,V ugm-3 (Ref.eq),16,V ugm-3 (Ref.eq),,
11-11-2024,11,V ugm-3 (Ref.eq),10,V ugm-3 (Ref.eq),11,V ugm-3 (Ref.eq),9,V ugm-3 (Ref.eq),No data,V ugm-3 (Ref.eq),9,V ugm-3 (Ref.eq),9,V ugm-3 (Ref.eq),9,V ugm-3 (Ref.eq),8,V ugm-3 (Ref.eq),,,11,V ugm-3 (Ref.eq),,,11,V ugm-3 (Ref.eq),10,V ugm-3 (Ref.eq),,
12-11-2024,10,V ugm-3 (Ref.eq),9,V ugm-3 (Ref.eq),9,V ugm-3 (Ref.eq),9,V ugm-3 (Ref.eq),8,V ugm-3 (Ref.eq),8,V ugm-3 (Ref.eq),8,V ugm-3 (Ref.eq),8,V ugm-3 (Ref.eq),7,V ugm-3 (Ref.eq),,,10,V ugm-3 (Ref.eq),,,13,V ugm-3 (Ref.eq),12,V ugm-3 (Ref.eq),,
13-11-2024,16,V ugm-3 (Ref.eq),14,V ugm-3 (Ref.eq),16,V ugm-3 (Ref.eq),12,V ugm-3 (Ref.eq),15,V ugm-3 (Ref.eq),14,V ugm-3 (Ref.eq),15,V ugm-3 (Ref.eq),15,V ugm-3 (Ref.eq),14,V ugm-3 (Ref.eq),,,12,V ugm-3 (Ref.eq),,,15,V ugm-3 (Ref.eq),11,V ugm-3 (Ref.eq),,
14-11-2024,13,V ugm-3 (Ref.eq),10,V ugm-3 (Ref.eq),9,V ugm-3 (Ref.eq),10,V ugm-3 (Ref.eq),8,V ugm-3 (Ref.eq),8,V ugm-3 (Ref.eq),10,V ugm-3 (Ref.eq),9,V ugm-3 (Ref.eq),8,V ugm-3 (Ref.eq),,,13,V ugm-3 (Ref.eq),,,12,V ugm-3 (Ref.eq),7,V ugm-3 (Ref.eq),,
15-11-2024,15,V ugm-3 (Ref.eq),13,V ugm-3 (Ref.eq),11,V ugm-3 (Ref.eq),13,V ugm-3 (Ref.eq),13,V ugm-3 (Ref.eq),13,V ugm-3 (Ref.eq),14,V ugm-3 (Ref.eq),14,V ugm-3 (Ref.eq),13,V ugm-3 (Ref.eq),,,10,V ugm-3 (Ref.eq),,,14,V ugm-3 (Ref.eq),11,V ugm-3 (Ref.eq),,
16-11-2024,8,V ugm-3 (Ref.eq),6,V ugm-3 (Ref.eq),6,V ugm-3 (Ref.eq),6,V ugm-3 (Ref.eq),6,V ugm-3 (Ref.eq),7,V ugm-3 (Ref.eq),9,V ugm-3 (Ref.eq),10,V ugm-3 (Ref.eq),9,V ugm-3 (Ref.eq),,,5,V ugm-3 (Ref.eq),,,5,V ugm-3 (Ref.eq),4,V ugm-3 (Ref.eq),,
17-11-2024,4,V ugm-3 (Ref.eq),5,V ugm-3 (Ref.eq),3,V ugm-3 (Ref.eq),4,V ugm-3 (Ref.eq),3,V ugm-3 (Ref.eq),3,V ugm-3 (Ref.eq),5,V ugm-3 (Ref.eq),4,V ugm-3 (Ref.eq),5,V ugm-3 (Ref.eq),,,5,V ugm-3 (Ref.eq),,,5,V ugm-3 (Ref.eq),3,V ugm-3 (Ref.eq),,
18-11-2024,8,V ugm-3 (Ref.eq),7,V ugm-3 (Ref.eq),7,V ugm-3 (Ref.eq),6,V ugm-3 (Ref.eq),6,V ugm-3 (Ref.eq),7,V ugm-3 (Ref.eq),8,V ugm-3 (Ref.eq),8,V ugm-3 (Ref.eq),7,V ugm-3 (Ref.eq),,,6,V ugm-3 (Ref.eq),,,8,V ugm-3 (Ref.eq),6,V ugm-3 (Ref.eq),,
19-11-2024,7,V ugm-3 (Ref.eq),6,V ugm-3 (Ref.eq),6,V ugm-3 (Ref.eq),6,V ugm-3 (Ref.eq),8,V ugm-3 (Ref.eq),5,V ugm-3 (Ref.eq),6,V ugm-3 (Ref.eq),6,V ugm-3 (Ref.eq),5,V ugm-3 (Ref.eq),,,7,V ugm-3 (Ref.eq),,,7,V ugm-3 (Ref.eq),6,V ugm-3 (Ref.eq),,
20-11-2024,5,V ugm-3 (Ref.eq),4,V ugm-3 (Ref.eq),4,V ugm-3 (Ref.eq),5,V ugm-3 (Ref.eq),4,V ugm-3 (Ref.eq),4,V ugm-3 (Ref.eq),6,V ugm-3 (Ref.eq),5,V ugm-3 (Ref.eq),5,V ugm-3 (Ref.eq),,,3,V ugm-3 (Ref.eq),,,5,V ugm-3 (Ref.eq),2,V ugm-3 (Ref.eq),,
21-11-2024,12,V ugm-3 (Ref.eq),7,V ugm-3 (Ref.eq),6,V ugm-3 (Ref.eq),6,V ugm-3 (Ref.eq),6,V ugm-3 (Ref.eq),5,V ugm-3 (Ref.eq),8,V ugm-3 (Ref.eq),8,V ugm-3 (Ref.eq),7,V ugm-3 (Ref.eq),,,6,V ugm-3 (Ref.eq),,,7,V ugm-3 (Ref.eq),4,V ugm-3 (Ref.eq),,
22-11-2024,5,V ugm-3 (Ref.eq),4,V ugm-3 (Ref.eq),4,V ugm-3 (Ref.eq),4,V ugm-3 (Ref.eq),3,V ugm-3 (Ref.eq),4,V ugm-3 (Ref.eq),5,V ugm-3 (Ref.eq),4,V ugm-3 (Ref.eq),5,V ugm-3 (Ref.eq),,,5,V ugm-3 (Ref.eq),,,4,V ugm-3 (Ref.eq),3,V ugm-3 (Ref.eq),,
23-11-2024,4,V ugm-3 (Ref.eq),3,V ugm-3 (Ref.eq),3,V ugm-3 (Ref.eq),3,V ugm-3 (Ref.eq),3,V ugm-3 (Ref.eq),4,V ugm-3 (Ref.eq),4,V ugm-3 (Ref.eq),3,V ugm-3 (Ref.eq),3,V ugm-3 (Ref.eq),,,3,V ugm-3 (Ref.eq),,,4,V ugm-3 (Ref.eq),3,V ugm-3 (Ref.eq),,
24-11-2024,4,V ugm-3 (Ref.eq),4,V ugm-3 (Ref.eq),4,V ugm-3 (Ref.eq),3,V ugm-3 (Ref.eq),3,V ugm-3 (Ref.eq),4,V ugm-3 (Ref.eq),5,V ugm-3 (Ref.eq),5,V ugm-3 (Ref.eq),5,V ugm-3 (Ref.eq),,,3,V ugm-3 (Ref.eq),,,2,V ugm-3 (Ref.eq),2,V ugm-3 (Ref.eq),,
25-11-2024,5,V ugm-3 (Ref.eq),4,V ugm-3 (Ref.eq),4,V ugm-3 (Ref.eq),4,V ugm-3 (Ref.eq),4,V ugm-3 (Ref.eq),5,V ugm-3 (Ref.eq),5,V ugm-3 (Ref.eq),5,V ugm-3 (Ref.eq),5,V ugm-3 (Ref.eq),,,4,V ugm-3 (Ref.eq),,,4,V ugm-3 (Ref.eq),4,V ugm-3 (Ref.eq),,
26-11-2024,11,V ugm-3 (Ref.eq),11,V ugm-3 (Ref.eq),6,V ugm-3 (Ref.eq),9,V ugm-3 (Ref.eq),6,V ugm-3 (Ref.eq),7,V ugm-3 (Ref.eq),9,V ugm-3 (Ref.eq),5,V ugm-3 (Ref.eq),5,V ugm-3 (Ref.eq),,,6,V ugm-3 (Ref.eq),,,6,V ugm-3 (Ref.eq),4,V ugm-3 (Ref.eq),,
27-11-2024,9,V ugm-3 (Ref.eq),9,V ugm-3 (Ref.eq),9,V ugm-3 (Ref.eq),10,V ugm-3 (Ref.eq),10,V ugm-3 (Ref.eq),8,V ugm-3 (Ref.eq),9,V ugm-3 (Ref.eq),9,V ugm-3 (Ref.eq),9,V ugm-3 (Ref.eq),,,12,V ugm-3 (Ref.eq),No data,V ugm-3 (Ref.eq),11,V ugm-3 (Ref.eq),9,V ugm-3 (Ref.eq),,
28-11-2024,17,V ugm-3 (Ref.eq),15,V ugm-3 (Ref.eq),14,V ugm-3 (Ref.eq),14,V ugm-3 (Ref.eq),10,V ugm-3 (Ref.eq),13,V ugm-3 (Ref.eq),14,V ugm-3 (Ref.eq),16,V ugm-3 (Ref.eq),15,V ugm-3 (Ref.eq),,,11,V ugm-3 (Ref.eq),12,V ugm-3 (Ref.eq),12,V ugm-3 (Ref.eq),14,V ugm-3 (Ref.eq),,
29-11-2024,8,V ugm-3 (Ref.eq),5,V ugm-3 (Ref.eq),6,V ugm-3 (Ref.eq),9,V ugm-3 (Ref.eq),6,V ugm-3 (Ref.eq),5,V ugm-3 (Ref.eq),7,V ugm-3 (Ref.eq),5,V ugm-3 (Ref.eq),5,V ugm-3 (Ref.eq),,,6,V ugm-3 (Ref.eq),9,V ugm-3 (Ref.eq),8,V ugm-3 (Ref.eq),7,V ugm-3 (Ref.eq),,
30-11-2024,8,V ugm-3 (Ref.eq),7,V ugm-3 (Ref.eq),7,V ugm-3 (Ref.eq),8,V ugm-3 (Ref.eq),7,V ugm-3 (Ref.eq),7,V ugm-3 (Ref.eq),7,V ugm-3 (Ref.eq),7,V ugm-3 (Ref.eq),7,V ugm-3 (Ref.eq),,,6,V ugm-3 (Ref.eq),7,V ugm-3 (Ref.eq),8,V ugm-3 (Ref.eq),7,V ugm-3 (Ref.eq),,
01-12-2024,5,V ugm-3 (Ref.eq),4,V ugm-3 (Ref.eq),4,V ugm-3 (Ref.eq),9,V ugm-3 (Ref.eq),4,V ugm-3 (Ref.eq),4,V ugm-3 (Ref.eq),5,V ugm-3 (Ref.eq),4,V ugm-3 (Ref.eq),4,V ugm-3 (Ref.eq),,,3,V ugm-3 (Ref.eq),4,V ugm-3 (Ref.eq),4,V ugm-3 (Ref.eq),3,V ugm-3 (Ref.eq),,
02-12-2024,4,V ugm-3 (Ref.eq),3,V ugm-3 (Ref.eq),3,V ugm-3 (Ref.eq),4,V ugm-3 (Ref.eq),4,V ugm-3 (Ref.eq),2,V ugm-3 (Ref.eq),3,V ugm-3 (Ref.eq),3,V ugm-3 (Ref.eq),2,V ugm-3 (Ref.eq),,,3,V ugm-3 (Ref.eq),5,V ugm-3 (Ref.eq),3,V ugm-3 (Ref.eq),3,V ugm-3 (Ref.eq),,
03-12-2024,14,V ugm-3 (Ref.eq),11,V ugm-3 (Ref.eq),11,V ugm-3 (Ref.eq),10,V ugm-3 (Ref.eq),12,V ugm-3 (Ref.eq),10,V ugm-3 (Ref.eq),10,V ugm-3 (Ref.eq),9,V ugm-3 (Ref.eq),9,V ugm-3 (Ref.eq),,,8,V ugm-3 (Ref.eq),11,V ugm-3 (Ref.eq),11,V ugm-3 (Ref.eq),9,V ugm-3 (Ref.eq),,
04-12-2024,10,V ugm-3 (Ref.eq),8,V ugm-3 (Ref.eq),8,V ugm-3 (Ref.eq),10,V ugm-3 (Ref.eq),9,V ugm-3 (Ref.eq),9,V ugm-3 (Ref.eq),9,V ugm-3 (Ref.eq),8,V ugm-3 (Ref.eq),8,V ugm-3 (Ref.eq),,,4,V ugm-3 (Ref.eq),8,V ugm-3 (Ref.eq),9,V ugm-3 (Ref.eq),7,V ugm-3 (Ref.eq),,
05-12-2024,2,V ugm-3 (Ref.eq),2,V ugm-3 (Ref.eq),2,V ugm-3 (Ref.eq),2,V ugm-3 (Ref.eq),2,V ugm-3 (Ref.eq),2,V ugm-3 (Ref.eq),2,V ugm-3 (Ref.eq),2,V ugm-3 (Ref.eq),1,V ugm-3 (Ref.eq),,,2,V ugm-3 (Ref.eq),3,V ugm-3 (Ref.eq),3,V ugm-3 (Ref.eq),2,V ugm-3 (Ref.eq),,
06-12-2024,7,V ugm-3 (Ref.eq),6,V ugm-3 (Ref.eq),6,V ugm-3 (Ref.eq),7,V ugm-3 (Ref.eq),6,V ugm-3 (Ref.eq),6,V ugm-3 (Ref.eq),7,V ugm-3 (Ref.eq),6,V ugm-3 (Ref.eq),6,V ugm-3 (Ref.eq),,,6,V ugm-3 (Ref.eq),7,V ugm-3 (Ref.eq),7,V ugm-3 (Ref.eq),6,V ugm-3 (Ref.eq),,
07-12-2024,2,V ugm-3 (Ref.eq),2,V ugm-3 (Ref.eq),2,V ugm-3 (Ref.eq),2,V ugm-3 (Ref.eq),2,V ugm-3 (Ref.eq),2,V ugm-3 (Ref.eq),2,V ugm-3 (Ref.eq),3,V ugm-3 (Ref.eq),2,V ugm-3 (Ref.eq),,,3,V ugm-3 (Ref.eq),3,V ugm-3 (Ref.eq),3,V ugm-3 (Ref.eq),3,V ugm-3 (Ref.eq),,
08-12-2024,2,V ugm-3 (Ref.eq),2,V ugm-3 (Ref.eq),2,V ugm-3 (Ref.eq),3,V ugm-3 (Ref.eq),3,V ugm-3 (Ref.eq),2,V ugm-3 (Ref.eq),2,V ugm-3 (Ref.eq),3,V ugm-3 (Ref.eq),2,V ugm-3 (Ref.eq),,,3,V ugm-3 (Ref.eq),3,V ugm-3 (Ref.eq),3,V ugm-3 (Ref.eq),2,V ugm-3 (Ref.eq),,
09-12-2024,6,V ugm-3 (Ref.eq),5,V ugm-3 (Ref.eq),5,V ugm-3 (Ref.eq),5,V ugm-3 (Ref.eq),5,V ugm-3 (Ref.eq),5,V ugm-3 (Ref.eq),5,V ugm-3 (Ref.eq),5,V ugm-3 (Ref.eq),5,V ugm-3 (Ref.eq),,,4,V ugm-3 (Ref.eq),5,V ugm-3 (Ref.eq),4,V ugm-3 (Ref.eq),4,V ugm-3 (Ref.eq),,
10-12-2024,6,V ugm-3 (Ref.eq),5,V ugm-3 (Ref.eq),5,V ugm-3 (Ref.eq),5,V ugm-3 (Ref.eq),5,V ugm-3 (Ref.eq),4,V ugm-3 (Ref.eq),5,V ugm-3 (Ref.eq),5,V ugm-3 (Ref.eq),4,V ugm-3 (Ref.eq),,,5,V ugm-3 (Ref.eq),9,V ugm-3 (Ref.eq),5,V ugm-3 (Ref.eq),5,V ugm-3 (Ref.eq),,
11-12-2024,5,V ugm-3 (Ref.eq),4,V ugm-3 (Ref.eq),4,V ugm-3 (Ref.eq),5,V ugm-3 (Ref.eq),5,V ugm-3 (Ref.eq),4,V ugm-3 (Ref.eq),4,V ugm-3 (Ref.eq),4,V ugm-3 (Ref.eq),4,V ugm-3 (Ref.eq),,,7,V ugm-3 (Ref.eq),8,V ugm-3 (Ref.eq),7,V ugm-3 (Ref.eq),6,V ugm-3 (Ref.eq),,
12-12-2024,8,V ugm-3 (Ref.eq),7,V ugm-3 (Ref.eq),7,V ugm-3 (Ref.eq),7,V ugm-3 (Ref.eq),6,V ugm-3 (Ref.eq),6,V ugm-3 (Ref.eq),6,V ugm-3 (Ref.eq),6,V ugm-3 (Ref.eq),5,V ugm-3 (Ref.eq),,,9,V ugm-3 (Ref.eq),8,V ugm-3 (Ref.eq),8,V ugm-3 (Ref.eq),7,V ugm-3 (Ref.eq),,
13-12-2024,9,V ugm-3 (Ref.eq),8,V ugm-3 (Ref.eq),9,V ugm-3 (Ref.eq),11,V ugm-3 (Ref.eq),10,V ugm-3 (Ref.eq),8,V ugm-3 (Ref.eq),8,V ugm-3 (Ref.eq),9,V ugm-3 (Ref.eq),9,V ugm-3 (Ref.eq),,,10,V ugm-3 (Ref.eq),11,V ugm-3 (Ref.eq),10,V ugm-3 (Ref.eq),8,V ugm-3 (Ref.eq),,
14-12-2024,5,V ugm-3 (Ref.eq),5,V ugm-3 (Ref.eq),4,V ugm-3 (Ref.eq),6,V ugm-3 (Ref.eq),5,V ugm-3 (Ref.eq),6,V ugm-3 (Ref.eq),7,V ugm-3 (Ref.eq),6,V ugm-3 (Ref.eq),6,V ugm-3 (Ref.eq),,,3,V ugm-3 (Ref.eq),5,V ugm-3 (Ref.eq),5,V ugm-3 (Ref.eq),3,V ugm-3 (Ref.eq),,
15-12-2024,1,V ugm-3 (Ref.eq),1,V ugm-3 (Ref.eq),1,V ugm-3 (Ref.eq),1,V ugm-3 (Ref.eq),1,V ugm-3 (Ref.eq),1,V ugm-3 (Ref.eq),2,V ugm-3 (Ref.eq),2,V ugm-3 (Ref.eq),2,V ugm-3 (Ref.eq),,,1,V ugm-3 (Ref.eq),2,V ugm-3 (Ref.eq),2,V ugm-3 (Ref.eq),1,V ugm-3 (Ref.eq),,
16-12-2024,3,V ugm-3 (Ref.eq),3,V ugm-3 (Ref.eq),3,V ugm-3 (Ref.eq),3,V ugm-3 (Ref.eq),3,V ugm-3 (Ref.eq),2,V ugm-3 (Ref.eq),3,V ugm-3 (Ref.eq),3,V ugm-3 (Ref.eq),2,V ugm-3 (Ref.eq),,,3,V ugm-3 (Ref.eq),3,V ugm-3 (Ref.eq),3,V ugm-3 (Ref.eq),3,V ugm-3 (Ref.eq),,
17-12-2024,6,V ugm-3 (Ref.eq),5,V ugm-3 (Ref.eq),5,V ugm-3 (Ref.eq),6,V ugm-3 (Ref.eq),5,V ugm-3 (Ref.eq),5,V ugm-3 (Ref.eq),6,V ugm-3 (Ref.eq),5,V ugm-3 (Ref.eq),4,V ugm-3 (Ref.eq),,,4,V ugm-3 (Ref.eq),6,V ugm-3 (Ref.eq),6,V ugm-3 (Ref.eq),4,V ugm-3 (Ref.eq),,
18-12-2024,3,V ugm-3 (Ref.eq),3,V ugm-3 (Ref.eq),3,V ugm-3 (Ref.eq),3,V ugm-3 (Ref.eq),3,V ugm-3 (Ref.eq),3,V ugm-3 (Ref.eq),3,V ugm-3 (Ref.eq),3,V ugm-3 (Ref.eq),3,V ugm-3 (Ref.eq),,,3,V ugm-3 (Ref.eq),4,V ugm-3 (Ref.eq),3,V ugm-3 (Ref.eq),2,V ugm-3 (Ref.eq),,
19-12-2024,4,V ugm-3 (Ref.eq),3,V ugm-3 (Ref.eq),3,V ugm-3 (Ref.eq),3,V ugm-3 (Ref.eq),3,V ugm-3 (Ref.eq),3,V ugm-3 (Ref.eq),4,V ugm-3 (Ref.eq),3,V ugm-3 (Ref.eq),3,V ugm-3 (Ref.eq),,,3,V ugm-3 (Ref.eq),5,V ugm-3 (Ref.eq),5,V ugm-3 (Ref.eq),3,V ugm-3 (Ref.eq),,
20-12-2024,6,V ugm-3 (Ref.eq),4,V ugm-3 (Ref.eq),4,V ugm-3 (Ref.eq),4,V ugm-3 (Ref.eq),4,V ugm-3 (Ref.eq),4,V ugm-3 (Ref.eq),6,V ugm-3 (Ref.eq),5,V ugm-3 (Ref.eq),4,V ugm-3 (Ref.eq),,,4,V ugm-3 (Ref.eq),5,V ugm-3 (Ref.eq),5,V ugm-3 (Ref.eq),4,V ugm-3 (Ref.eq),,
21-12-2024,5,V ugm-3 (Ref.eq),5,V ugm-3 (Ref.eq),4,V ugm-3 (Ref.eq),5,V ugm-3 (Ref.eq),5,V ugm-3 (Ref.eq),4,V ugm-3 (Ref.eq),6,V ugm-3 (Ref.eq),6,V ugm-3 (Ref.eq),5,V ugm-3 (Ref.eq),,,5,V ugm-3 (Ref.eq),5,V ugm-3 (Ref.eq),5,V ugm-3 (Ref.eq),5,V ugm-3 (Ref.eq),,
22-12-2024,7,V ugm-3 (Ref.eq),7,V ugm-3 (Ref.eq),6,V ugm-3 (Ref.eq),7,V ugm-3 (Ref.eq),7,V ugm-3 (Ref.eq),6,V ugm-3 (Ref.eq),7,V ugm-3 (Ref.eq),7,V ugm-3 (Ref.eq),6,V ugm-3 (Ref.eq),,,6,V ugm-3 (Ref.eq),8,V ugm-3 (Ref.eq),8,V ugm-3 (Ref.eq),6,V ugm-3 (Ref.eq),,
23-12-2024,8,V ugm-3 (Ref.eq),7,V ugm-3 (Ref.eq),7,V ugm-3 (Ref.eq),8,V ugm-3 (Ref.eq),7,V ugm-3 (Ref.eq),8,V ugm-3 (Ref.eq),8,V ugm-3 (Ref.eq),8,V ugm-3 (Ref.eq),7,V ugm-3 (Ref.eq),,,5,V ugm-3 (Ref.eq),8,V ugm-3 (Ref.eq),8,V ugm-3 (Ref.eq),5,V ugm-3 (Ref.eq),,
24-12-2024,6,V ugm-3 (Ref.eq),5,V ugm-3 (Ref.eq),4,V ugm-3 (Ref.eq),6,V ugm-3 (Ref.eq),4,V ugm-3 (Ref.eq),5,V ugm-3 (Ref.eq),6,V ugm-3 (Ref.eq),7,V ugm-3 (Ref.eq),6,V ugm-3 (Ref.eq),,,2,V ugm-3 (Ref.eq),3,V ugm-3 (Ref.eq),3,V ugm-3 (Ref.eq),2,V ugm-3 (Ref.eq),,
25-12-2024,4,V ugm-3 (Ref.eq),3,V ugm-3 (Ref.eq),3,V ugm-3 (Ref.eq),7,V ugm-3 (Ref.eq),4,V ugm-3 (Ref.eq),4,V ugm-3 (Ref.eq),5,V ugm-3 (Ref.eq),4,V ugm-3 (Ref.eq),5,V ugm-3 (Ref.eq),,,3,V ugm-3 (Ref.eq),3,V ugm-3 (Ref.eq),4,V ugm-3 (Ref.eq),4,V ugm-3 (Ref.eq),,
26-12-2024,4,V ugm-3 (Ref.eq),2,V ugm-3 (Ref.eq),3,V ugm-3 (Ref.eq),5,V ugm-3 (Ref.eq),5,V ugm-3 (Ref.eq),3,V ugm-3 (Ref.eq),4,V ugm-3 (Ref.eq),4,V ugm-3 (Ref.eq),3,V ugm-3 (Ref.eq),,,3,V ugm-3 (Ref.eq),5,V ugm-3 (Ref.eq),6,V ugm-3 (Ref.eq),3,V ugm-3 (Ref.eq),,
27-12-2024,5,V ugm-3 (Ref.eq),3,V ugm-3 (Ref.eq),4,V ugm-3 (Ref.eq),4,V ugm-3 (Ref.eq),5,V ugm-3 (Ref.eq),3,V ugm-3 (Ref.eq),4,V ugm-3 (Ref.eq),5,V ugm-3 (Ref.eq),5,V ugm-3 (Ref.eq),,,4,V ugm-3 (Ref.eq),6,V ugm-3 (Ref.eq),7,V ugm-3 (Ref.eq),3,V ugm-3 (Ref.eq),,
28-12-2024,5,V ugm-3 (Ref.eq),4,V ugm-3 (Ref.eq),4,V ugm-3 (Ref.eq),6,V ugm-3 (Ref.eq),5,V ugm-3 (Ref.eq),5,V ugm-3 (Ref.eq),6,V ugm-3 (Ref.eq),6,V ugm-3 (Ref.eq),6,V ugm-3 (Ref.eq),,,4,V ugm-3 (Ref.eq),6,V ugm-3 (Ref.eq),7,V ugm-3 (Ref.eq),5,V ugm-3 (Ref.eq),,
29-12-2024,3,V ugm-3 (Ref.eq),3,V ugm-3 (Ref.eq),3,V ugm-3 (Ref.eq),4,V ugm-3 (Ref.eq),3,V ugm-3 (Ref.eq),3,V ugm-3 (Ref.eq),4,V ugm-3 (Ref.eq),4,V ugm-3 (Ref.eq),3,V ugm-3 (Ref.eq),,,2,V ugm-3 (Ref.eq),3,V ugm-3 (Ref.eq),3,V ugm-3 (Ref.eq),2,V ugm-3 (Ref.eq),,
30-12-2024,2,V ugm-3 (Ref.eq),2,V ugm-3 (Ref.eq),1,V ugm-3 (Ref.eq),2,V ugm-3 (Ref.eq),1,V ugm-3 (Ref.eq),2,V ugm-3 (Ref.eq),2,V ugm-3 (Ref.eq),2,V ugm-3 (Ref.eq),2,V ugm-3 (Ref.eq),,,1,V ugm-3 (Ref.eq),2,V ugm-3 (Ref.eq),2,V ugm-3 (Ref.eq),1,V ugm-3 (Ref.eq),,
31-12-2024,3,V ugm-3 (Ref.eq),2,V ugm-3 (Ref.eq),2,V ugm-3 (Ref.eq),2,V ugm-3 (Ref.eq),2,V ugm-3 (Ref.eq),2,V ugm-3 (Ref.eq),3,V ugm-3 (Ref.eq),2,V ugm-3 (Ref.eq),2,V ugm-3 (Ref.eq),,,1,V ugm-3 (Ref.eq),2,V ugm-3 (Ref.eq),2,V ugm-3 (Ref.eq),1,V ugm-3 (Ref.eq),,
01-01-2025,3,V ugm-3 (Ref.eq),3,N ugm-3 (Ref.eq),3,V ugm-3 (Ref.eq),2,V ugm-3 (Ref.eq),2,V ugm-3 (Ref.eq),3,V ugm-3 (Ref.eq),3,V ugm-3 (Ref.eq),3,V ugm-3 (Ref.eq),3,V ugm-3 (Ref.eq),,,3,V ugm-3 (Ref.eq),2,V ugm-3 (Ref.eq),2,V ugm-3 (Ref.eq),2,V ugm-3 (Ref.eq),,
02-01-2025,7,V ugm-3 (Ref.eq),7,N ugm-3 (Ref.eq),7,V ugm-3 (Ref.eq),7,V ugm-3 (Ref.eq),9,V ugm-3 (Ref.eq),7,V ugm-3 (Ref.eq),7,V ugm-3 (Ref.eq),8,V ugm-3 (Ref.eq),7,V ugm-3 (Ref.eq),,,6,V ugm-3 (Ref.eq),13,V ugm-3 (Ref.eq),12,V ugm-3 (Ref.eq),4,V ugm-3 (Ref.eq),,
03-01-2025,5,V ugm-3 (Ref.eq),5,N ugm-3 (Ref.eq),4,V ugm-3 (Ref.eq),6,V ugm-3 (Ref.eq),5,V ugm-3 (Ref.eq),7,V ugm-3 (Ref.eq),7,V ugm-3 (Ref.eq),8,V ugm-3 (Ref.eq),7,V ugm-3 (Ref.eq),,,5,V ugm-3 (Ref.eq),7,V ugm-3 (Ref.eq),6,V ugm-3 (Ref.eq),3,V ugm-3 (Ref.eq),,
04-01-2025,11,V ugm-3 (Ref.eq),9,N ugm-3 (Ref.eq),9,V ugm-3 (Ref.eq),14,V ugm-3 (Ref.eq),9,V ugm-3 (Ref.eq),9,V ugm-3 (Ref.eq),10,V ugm-3 (Ref.eq),9,V ugm-3 (Ref.eq),8,V ugm-3 (Ref.eq),,,9,V ugm-3 (Ref.eq),10,V ugm-3 (Ref.eq),9,V ugm-3 (Ref.eq),9,V ugm-3 (Ref.eq),,
05-01-2025,5,V ugm-3 (Ref.eq),3,N ugm-3 (Ref.eq),4,V ugm-3 (Ref.eq),5,V ugm-3 (Ref.eq),3,V ugm-3 (Ref.eq),5,V ugm-3 (Ref.eq),4,V ugm-3 (Ref.eq),5,V ugm-3 (Ref.eq),4,V ugm-3 (Ref.eq),,,4,V ugm-3 (Ref.eq),4,V ugm-3 (Ref.eq),3,V ugm-3 (Ref.eq),3,V ugm-3 (Ref.eq),,
06-01-2025,3,V ugm-3 (Ref.eq),2,N ugm-3 (Ref.eq),2,V ugm-3 (Ref.eq),2,V ugm-3 (Ref.eq),2,V ugm-3 (Ref.eq),2,V ugm-3 (Ref.eq),2,V ugm-3 (Ref.eq),2,V ugm-3 (Ref.eq),2,V ugm-3 (Ref.eq),,,3,V ugm-3 (Ref.eq),4,V ugm-3 (Ref.eq),3,V ugm-3 (Ref.eq),2,V ugm-3 (Ref.eq),,
07-01-2025,4,V ugm-3 (Ref.eq),4,N ugm-3 (Ref.eq),3,V ugm-3 (Ref.eq),3,V ugm-3 (Ref.eq),4,V ugm-3 (Ref.eq),3,V ugm-3 (Ref.eq),4,V ugm-3 (Ref.eq),4,V ugm-3 (Ref.eq),4,V ugm-3 (Ref.eq),,,4,V ugm-3 (Ref.eq),6,V ugm-3 (Ref.eq),3,V ugm-3 (Ref.eq),3,V ugm-3 (Ref.eq),,
08-01-2025,14,V ugm-3 (Ref.eq),10,N ugm-3 (Ref.eq),10,V ugm-3 (Ref.eq),12,V ugm-3 (Ref.eq),9,V ugm-3 (Ref.eq),10,V ugm-3 (Ref.eq),10,V ugm-3 (Ref.eq),9,V ugm-3 (Ref.eq),9,V ugm-3 (Ref.eq),,,12,V ugm-3 (Ref.eq),10,V ugm-3 (Ref.eq),10,V ugm-3 (Ref.eq),9,V ugm-3 (Ref.eq),,
09-01-2025,11,V ugm-3 (Ref.eq),10,N ugm-3 (Ref.eq),11,V ugm-3 (Ref.eq),10,V ugm-3 (Ref.eq),9,V ugm-3 (Ref.eq),12,V ugm-3 (Ref.eq),13,V ugm-3 (Ref.eq),13,V ugm-3 (Ref.eq),13,V ugm-3 (Ref.eq),,,11,V ugm-3 (Ref.eq),12,V ugm-3 (Ref.eq),11,V ugm-3 (Ref.eq),7,V ugm-3 (Ref.eq),,
10-01-2025,19,V ugm-3 (Ref.eq),16,N ugm-3 (Ref.eq),15,V ugm-3 (Ref.eq),24,V ugm-3 (Ref.eq),12,V ugm-3 (Ref.eq),18,V ugm-3 (Ref.eq),20,V ugm-3 (Ref.eq),23,V ugm-3 (Ref.eq),24,V ugm-3 (Ref.eq),,,27,V ugm-3 (Ref.eq),17,V ugm-3 (Ref.eq),21,V ugm-3 (Ref.eq),10,V ugm-3 (Ref.eq),,
11-01-2025,39,V ugm-3 (Ref.eq),29,N ugm-3 (Ref.eq),32,V ugm-3 (Ref.eq),34,V ugm-3 (Ref.eq),20,V ugm-3 (Ref.eq),30,V ugm-3 (Ref.eq),31,V ugm-3 (Ref.eq),30,V ugm-3 (Ref.eq),28,V ugm-3 (Ref.eq),,,25,V ugm-3 (Ref.eq),17,V ugm-3 (Ref.eq),19,V ugm-3 (Ref.eq),22,V ugm-3 (Ref.eq),,
12-01-2025,17,V ugm-3 (Ref.eq),14,N ugm-3 (Ref.eq),15,V ugm-3 (Ref.eq),29,V ugm-3 (Ref.eq),16,V ugm-3 (Ref.eq),17,V ugm-3 (Ref.eq),18,V ugm-3 (Ref.eq),17,V ugm-3 (Ref.eq),16,V ugm-3 (Ref.eq),,,25,V ugm-3 (Ref.eq),27,V ugm-3 (Ref.eq),22,V ugm-3 (Ref.eq),22,V ugm-3 (Ref.eq),,
13-01-2025,8,V ugm-3 (Ref.eq),6,N ugm-3 (Ref.eq),7,V ugm-3 (Ref.eq),8,V ugm-3 (Ref.eq),7,V ugm-3 (Ref.eq),8,V ugm-3 (Ref.eq),9,V ugm-3 (Ref.eq),7,V ugm-3 (Ref.eq),7,V ugm-3 (Ref.eq),,,7,V ugm-3 (Ref.eq),7,V ugm-3 (Ref.eq),8,V ugm-3 (Ref.eq),6,V ugm-3 (Ref.eq),,
14-01-2025,10,V ugm-3 (Ref.eq),9,N ugm-3 (Ref.eq),7,V ugm-3 (Ref.eq),11,V ugm-3 (Ref.eq),9,V ugm-3 (Ref.eq),8,V ugm-3 (Ref.eq),10,V ugm-3 (Ref.eq),10,V ugm-3 (Ref.eq),9,V ugm-3 (Ref.eq),,,3,V ugm-3 (Ref.eq),6,V ugm-3 (Ref.eq),7,V ugm-3 (Ref.eq),4,V ugm-3 (Ref.eq),,
15-01-2025,12,V ugm-3 (Ref.eq),8,N ugm-3 (Ref.eq),8,V ugm-3 (Ref.eq),12,V ugm-3 (Ref.eq),13,V ugm-3 (Ref.eq),9,V ugm-3 (Ref.eq),10,V ugm-3 (Ref.eq),12,V ugm-3 (Ref.eq),11,V ugm-3 (Ref.eq),,,9,V ugm-3 (Ref.eq),13,V ugm-3 (Ref.eq),10,V ugm-3 (Ref.eq),6,V ugm-3 (Ref.eq),,
16-01-2025,14,V ugm-3 (Ref.eq),10,N ugm-3 (Ref.eq),12,V ugm-3 (Ref.eq),13,V ugm-3 (Ref.eq),16,V ugm-3 (Ref.eq),10,V ugm-3 (Ref.eq),10,V ugm-3 (Ref.eq),10,V ugm-3 (Ref.eq),9,V ugm-3 (Ref.eq),,,14,V ugm-3 (Ref.eq),18,V ugm-3 (Ref.eq),17,V ugm-3 (Ref.eq),11,V ugm-3 (Ref.eq),,
17-01-2025,15,V ugm-3 (Ref.eq),13,N ugm-3 (Ref.eq),14,V ugm-3 (Ref.eq),16,V ugm-3 (Ref.eq),15,V ugm-3 (Ref.eq),13,V ugm-3 (Ref.eq),14,V ugm-3 (Ref.eq),14,V ugm-3 (Ref.eq),13,V ugm-3 (Ref.eq),,,16,V ugm-3 (Ref.eq),15,V ugm-3 (Ref.eq),15,V ugm-3 (Ref.eq),13,V ugm-3 (Ref.eq),,
18-01-2025,22,V ugm-3 (Ref.eq),20,N ugm-3 (Ref.eq),21,V ugm-3 (Ref.eq),23,V ugm-3 (Ref.eq),23,V ugm-3 (Ref.eq),19,V ugm-3 (Ref.eq),21,V ugm-3 (Ref.eq),21,V ugm-3 (Ref.eq),19,V ugm-3 (Ref.eq),,,18,V ugm-3 (Ref.eq),21,V ugm-3 (Ref.eq),21,V ugm-3 (Ref.eq),17,V ugm-3 (Ref.eq),,
19-01-2025,19,V ugm-3 (Ref.eq),16,N ugm-3 (Ref.eq),18,V ugm-3 (Ref.eq),20,V ugm-3 (Ref.eq),20,V ugm-3 (Ref.eq),16,V ugm-3 (Ref.eq),18,V ugm-3 (Ref.eq),17,V ugm-3 (Ref.eq),17,V ugm-3 (Ref.eq),,,22,V ugm-3 (Ref.eq),19,V ugm-3 (Ref.eq),21,V ugm-3 (Ref.eq),21,V ugm-3 (Ref.eq),,
20-01-2025,21,V ugm-3 (Ref.eq),16,N ugm-3 (Ref.eq),17,V ugm-3 (Ref.eq),20,V ugm-3 (Ref.eq),20,V ugm-3 (Ref.eq),18,V ugm-3 (Ref.eq),21,V ugm-3 (Ref.eq),19,V ugm-3 (Ref.eq),18,V ugm-3 (Ref.eq),,,22,V ugm-3 (Ref.eq),21,V ugm-3 (Ref.eq),22,V ugm-3 (Ref.eq),21,V ugm-3 (Ref.eq),,
21-01-2025,18,V ugm-3 (Ref.eq),16,N ugm-3 (Ref.eq),16,V ugm-3 (Ref.eq),18,V ugm-3 (Ref.eq),18,V ugm-3 (Ref.eq),17,V ugm-3 (Ref.eq),20,V ugm-3 (Ref.eq),17,V ugm-3 (Ref.eq),15,V ugm-3 (Ref.eq),,,14,V ugm-3 (Ref.eq),18,V ugm-3 (Ref.eq),18,V ugm-3 (Ref.eq),15,V ugm-3 (Ref.eq),,
22-01-2025,27,V ugm-3 (Ref.eq),25,N ugm-3 (Ref.eq),24,V ugm-3 (Ref.eq),25,V ugm-3 (Ref.eq),24,V ugm-3 (Ref.eq),24,V ugm-3 (Ref.eq),26,V ugm-3 (Ref.eq),26,V ugm-3 (Ref.eq),23,V ugm-3 (Ref.eq),,,20,V ugm-3 (Ref.eq),26,V ugm-3 (Ref.eq),26,V ugm-3 (Ref.eq),22,V ugm-3 (Ref.eq),,
23-01-2025,9,V ugm-3 (Ref.eq),8,N ugm-3 (Ref.eq),6,V ugm-3 (Ref.eq),9,V ugm-3 (Ref.eq),6,V ugm-3 (Ref.eq),8,V ugm-3 (Ref.eq),10,V ugm-3 (Ref.eq),9,V ugm-3 (Ref.eq),8,V ugm-3 (Ref.eq),,,4,V ugm-3 (Ref.eq),7,V ugm-3 (Ref.eq),8,V ugm-3 (Ref.eq),4,V ugm-3 (Ref.eq),,
24-01-2025,11,V ugm-3 (Ref.eq),9,N ugm-3 (Ref.eq),9,V ugm-3 (Ref.eq),10,V ugm-3 (Ref.eq),10,V ugm-3 (Ref.eq),10,V ugm-3 (Ref.eq),11,V ugm-3 (Ref.eq),10,V ugm-3 (Ref.eq),9,V ugm-3 (Ref.eq),,,10,V ugm-3 (Ref.eq),9,V ugm-3 (Ref.eq),9,V ugm-3 (Ref.eq),8,V ugm-3 (Ref.eq),,
25-01-2025,7,V ugm-3 (Ref.eq),6,N ugm-3 (Ref.eq),5,V ugm-3 (Ref.eq),6,V ugm-3 (Ref.eq),6,V ugm-3 (Ref.eq),6,V ugm-3 (Ref.eq),7,V ugm-3 (Ref.eq),6,V ugm-3 (Ref.eq),5,V ugm-3 (Ref.eq),,,5,V ugm-3 (Ref.eq),6,V ugm-3 (Ref.eq),6,V ugm-3 (Ref.eq),5,V ugm-3 (Ref.eq),,
26-01-2025,4,V ugm-3 (Ref.eq),4,N ugm-3 (Ref.eq),4,V ugm-3 (Ref.eq),4,V ugm-3 (Ref.eq),4,V ugm-3 (Ref.eq),4,V ugm-3 (Ref.eq),5,V ugm-3 (Ref.eq),4,V ugm-3 (Ref.eq),4,V ugm-3 (Ref.eq),,,5,V ugm-3 (Ref.eq),5,V ugm-3 (Ref.eq),5,V ugm-3 (Ref.eq),4,V ugm-3 (Ref.eq),,
27-01-2025,6,V ugm-3 (Ref.eq),5,N ugm-3 (Ref.eq),5,V ugm-3 (Ref.eq),5,V ugm-3 (Ref.eq),5,V ugm-3 (Ref.eq),4,V ugm-3 (Ref.eq),5,V ugm-3 (Ref.eq),5,V ugm-3 (Ref.eq),4,V ugm-3 (Ref.eq),,,5,V ugm-3 (Ref.eq),5,V ugm-3 (Ref.eq),5,V ugm-3 (Ref.eq),5,V ugm-3 (Ref.eq),,
28-01-2025,5,V ugm-3 (Ref.eq),4,N ugm-3 (Ref.eq),4,V ugm-3 (Ref.eq),4,V ugm-3 (Ref.eq),4,V ugm-3 (Ref.eq),4,V ugm-3 (Ref.eq),5,V ugm-3 (Ref.eq),4,V ugm-3 (Ref.eq),4,V ugm-3 (Ref.eq),,,4,V ugm-3 (Ref.eq),6,V ugm-3 (Ref.eq),4,V ugm-3 (Ref.eq),4,V ugm-3 (Ref.eq),,
29-01-2025,7,V ugm-3 (Ref.eq),5,N ugm-3 (Ref.eq),5,V ugm-3 (Ref.eq),5,V ugm-3 (Ref.eq),6,V ugm-3 (Ref.eq),4,V ugm-3 (Ref.eq),6,V ugm-3 (Ref.eq),5,V ugm-3 (Ref.eq),4,V ugm-3 (Ref.eq),,,4,V ugm-3 (Ref.eq),8,V ugm-3 (Ref.eq),7,V ugm-3 (Ref.eq),4,V ugm-3 (Ref.eq),,
30-01-2025,8,V ugm-3 (Ref.eq),5,N ugm-3 (Ref.eq),5,V ugm-3 (Ref.eq),6,V ugm-3 (Ref.eq),5,V ugm-3 (Ref.eq),5,V ugm-3 (Ref.eq),7,V ugm-3 (Ref.eq),6,V ugm-3 (Ref.eq),5,V ugm-3 (Ref.eq),,,6,V ugm-3 (Ref.eq),8,V ugm-3 (Ref.eq),6,V ugm-3 (Ref.eq),5,V ugm-3 (Ref.eq),,
31-01-2025,9,V ugm-3 (Ref.eq),8,N ugm-3 (Ref.eq),8,V ugm-3 (Ref.eq),7,V ugm-3 (Ref.eq),9,V ugm-3 (Ref.eq),8,V ugm-3 (Ref.eq),8,V ugm-3 (Ref.eq),8,V ugm-3 (Ref.eq),7,V ugm-3 (Ref.eq),,,11,V ugm-3 (Ref.eq),10,V ugm-3 (Ref.eq),8,V ugm-3 (Ref.eq),8,V ugm-3 (Ref.eq),,
01-02-2025,12,V ugm-3 (Ref.eq),9,N ugm-3 (Ref.eq),11,V ugm-3 (Ref.eq),11,V ugm-3 (Ref.eq),11,V ugm-3 (Ref.eq),10,V ugm-3 (Ref.eq),12,V ugm-3 (Ref.eq),10,V ugm-3 (Ref.eq),9,V ugm-3 (Ref.eq),,,10,V ugm-3 (Ref.eq),14,V ugm-3 (Ref.eq),13,V ugm-3 (Ref.eq),13,V ugm-3 (Ref.eq),,
02-02-2025,8,V ugm-3 (Ref.eq),6,N ugm-3 (Ref.eq),7,V ugm-3 (Ref.eq),9,V ugm-3 (Ref.eq),7,V ugm-3 (Ref.eq),9,V ugm-3 (Ref.eq),11,V ugm-3 (Ref.eq),9,V ugm-3 (Ref.eq),9,V ugm-3 (Ref.eq),,,7,V ugm-3 (Ref.eq),8,V ugm-3 (Ref.eq),7,V ugm-3 (Ref.eq),7,V ugm-3 (Ref.eq),,
03-02-2025,11,V ugm-3 (Ref.eq),8,N ugm-3 (Ref.eq),8,V ugm-3 (Ref.eq),11,V ugm-3 (Ref.eq),8,V ugm-3 (Ref.eq),9,V ugm-3 (Ref.eq),10,V ugm-3 (Ref.eq),10,V ugm-3 (Ref.eq),9,V ugm-3 (Ref.eq),,,5,V ugm-3 (Ref.eq),8,V ugm-3 (Ref.eq),8,V ugm-3 (Ref.eq),7,V ugm-3 (Ref.eq),,
04-02-2025,5,V ugm-3 (Ref.eq),4,N ugm-3 (Ref.eq),4,V ugm-3 (Ref.eq),4,V ugm-3 (Ref.eq),4,V ugm-3 (Ref.eq),4,V ugm-3 (Ref.eq),5,V ugm-3 (Ref.eq),4,V ugm-3 (Ref.eq),4,V ugm-3 (Ref.eq),,,4,V ugm-3 (Ref.eq),5,V ugm-3 (Ref.eq),5,V ugm-3 (Ref.eq),4,V ugm-3 (Ref.eq),,
05-02-2025,11,V ugm-3 (Ref.eq),10,N ugm-3 (Ref.eq),9,V ugm-3 (Ref.eq),10,V ugm-3 (Ref.eq),9,V ugm-3 (Ref.eq),9,V ugm-3 (Ref.eq),13,V ugm-3 (Ref.eq),10,V ugm-3 (Ref.eq),9,V ugm-3 (Ref.eq),,,11,V ugm-3 (Ref.eq),10,V ugm-3 (Ref.eq),8,V ugm-3 (Ref.eq),6,V ugm-3 (Ref.eq),,
06-02-2025,16,V ugm-3 (Ref.eq),13,N ugm-3 (Ref.eq),13,V ugm-3 (Ref.eq),15,V ugm-3 (Ref.eq),10,V ugm-3 (Ref.eq),12,V ugm-3 (Ref.eq),15,V ugm-3 (Ref.eq),11,V ugm-3 (Ref.eq),11,V ugm-3 (Ref.eq),,,12,V ugm-3 (Ref.eq),12,V ugm-3 (Ref.eq),11,V ugm-3 (Ref.eq),9,V ugm-3 (Ref.eq),,
07-02-2025,8,V ugm-3 (Ref.eq),8,N ugm-3 (Ref.eq),8,V ugm-3 (Ref.eq),7,V ugm-3 (Ref.eq),8,V ugm-3 (Ref.eq),8,V ugm-3 (Ref.eq),9,V ugm-3 (Ref.eq),8,V ugm-3 (Ref.eq),8,V ugm-3 (Ref.eq),,,7,V ugm-3 (Ref.eq),8,V ugm-3 (Ref.eq),7,V ugm-3 (Ref.eq),7,V ugm-3 (Ref.eq),,
08-02-2025,22,V ugm-3 (Ref.eq),20,N ugm-3 (Ref.eq),21,V ugm-3 (Ref.eq),21,V ugm-3 (Ref.eq),22,V ugm-3 (Ref.eq),22,V ugm-3 (Ref.eq),24,V ugm-3 (Ref.eq),25,V ugm-3 (Ref.eq),23,V ugm-3 (Ref.eq),,,19,V ugm-3 (Ref.eq),22,V ugm-3 (Ref.eq),22,V ugm-3 (Ref.eq),20,V ugm-3 (Ref.eq),,
09-02-2025,30,V ugm-3 (Ref.eq),27,N ugm-3 (Ref.eq),29,V ugm-3 (Ref.eq),30,V ugm-3 (Ref.eq),30,V ugm-3 (Ref.eq),29,V ugm-3 (Ref.eq),31,V ugm-3 (Ref.eq),30,V ugm-3 (Ref.eq),29,V ugm-3 (Ref.eq),,,27,V ugm-3 (Ref.eq),27,V ugm-3 (Ref.eq),26,V ugm-3 (Ref.eq),27,V ugm-3 (Ref.eq),,
10-02-2025,18,V ugm-3 (Ref.eq),17,N ugm-3 (Ref.eq),18,V ugm-3 (Ref.eq),15,V ugm-3 (Ref.eq),16,V ugm-3 (Ref.eq),20,V ugm-3 (Ref.eq),21,V ugm-3 (Ref.eq),21,V ugm-3 (Ref.eq),19,V ugm-3 (Ref.eq),,,12,V ugm-3 (Ref.eq),12,V ugm-3 (Ref.eq),11,V ugm-3 (Ref.eq),13,V ugm-3 (Ref.eq),,
11-02-2025,23,V ugm-3 (Ref.eq),21,N ugm-3 (Ref.eq),22,V ugm-3 (Ref.eq),21,V ugm-3 (Ref.eq),21,V ugm-3 (Ref.eq),24,V ugm-3 (Ref.eq),25,V ugm-3 (Ref.eq),25,V ugm-3 (Ref.eq),23,V ugm-3 (Ref.eq),,,19,V ugm-3 (Ref.eq),19,V ugm-3 (Ref.eq),17,V ugm-3 (Ref.eq),18,V ugm-3 (Ref.eq),,
12-02-2025,26,V ugm-3 (Ref.eq),24,N ugm-3 (Ref.eq),25,V ugm-3 (Ref.eq),26,V ugm-3 (Ref.eq),26,V ugm-3 (Ref.eq),23,V ugm-3 (Ref.eq),25,V ugm-3 (Ref.eq),25,V ugm-3 (Ref.eq),23,V ugm-3 (Ref.eq),,,23,V ugm-3 (Ref.eq),25,V ugm-3 (Ref.eq),24,V ugm-3 (Ref.eq),22,V ugm-3 (Ref.eq),,
13-02-2025,16,V ugm-3 (Ref.eq),16,N ugm-3 (Ref.eq),16,V ugm-3 (Ref.eq),11,V ugm-3 (Ref.eq),14,V ugm-3 (Ref.eq),15,V ugm-3 (Ref.eq),16,V ugm-3 (Ref.eq),17,V ugm-3 (Ref.eq),16,V ugm-3 (Ref.eq),,,16,V ugm-3 (Ref.eq),14,V ugm-3 (Ref.eq),14,V ugm-3 (Ref.eq),14,V ugm-3 (Ref.eq),,
14-02-2025,17,V ugm-3 (Ref.eq),16,N ugm-3 (Ref.eq),17,V ugm-3 (Ref.eq),16,V ugm-3 (Ref.eq),17,V ugm-3 (Ref.eq),16,V ugm-3 (Ref.eq),18,V ugm-3 (Ref.eq),17,V ugm-3 (Ref.eq),17,V ugm-3 (Ref.eq),,,18,V ugm-3 (Ref.eq),19,V ugm-3 (Ref.eq),17,V ugm-3 (Ref.eq),16,V ugm-3 (Ref.eq),,
15-02-2025,27,V ugm-3 (Ref.eq),26,N ugm-3 (Ref.eq),27,V ugm-3 (Ref.eq),28,V ugm-3 (Ref.eq),27,V ugm-3 (Ref.eq),29,V ugm-3 (Ref.eq),30,V ugm-3 (Ref.eq),29,V ugm-3 (Ref.eq),28,V ugm-3 (Ref.eq),,,24,V ugm-3 (Ref.eq),29,V ugm-3 (Ref.eq),26,V ugm-3 (Ref.eq),25,V ugm-3 (Ref.eq),,
16-02-2025,21,V ugm-3 (Ref.eq),20,N ugm-3 (Ref.eq),22,V ugm-3 (Ref.eq),19,V ugm-3 (Ref.eq),22,V ugm-3 (Ref.eq),21,V ugm-3 (Ref.eq),21,V ugm-3 (Ref.eq),22,V ugm-3 (Ref.eq),21,V ugm-3 (Ref.eq),,,24,V ugm-3 (Ref.eq),23,V ugm-3 (Ref.eq),20,V ugm-3 (Ref.eq),21,V ugm-3 (Ref.eq),,
17-02-2025,17,V ugm-3 (Ref.eq),15,N ugm-3 (Ref.eq),17,V ugm-3 (Ref.eq),14,V ugm-3 (Ref.eq),17,V ugm-3 (Ref.eq),16,V ugm-3 (Ref.eq),18,V ugm-3 (Ref.eq),16,V ugm-3 (Ref.eq),16,V ugm-3 (Ref.eq),,,19,V ugm-3 (Ref.eq),17,V ugm-3 (Ref.eq),16,V ugm-3 (Ref.eq),17,V ugm-3 (Ref.eq),,
18-02-2025,23,V ugm-3 (Ref.eq),22,N ugm-3 (Ref.eq),22,V ugm-3 (Ref.eq),20,V ugm-3 (Ref.eq),23,V ugm-3 (Ref.eq),22,V ugm-3 (Ref.eq),24,V ugm-3 (Ref.eq),23,V ugm-3 (Ref.eq),22,V ugm-3 (Ref.eq),,,24,V ugm-3 (Ref.eq),23,V ugm-3 (Ref.eq),23,V ugm-3 (Ref.eq),22,V ugm-3 (Ref.eq),,
19-02-2025,30,V ugm-3 (Ref.eq),28,N ugm-3 (Ref.eq),29,V ugm-3 (Ref.eq),30,V ugm-3 (Ref.eq),31,V ugm-3 (Ref.eq),29,V ugm-3 (Ref.eq),31,V ugm-3 (Ref.eq),30,V ugm-3 (Ref.eq),29,V ugm-3 (Ref.eq),,,31,V ugm-3 (Ref.eq),33,V ugm-3 (Ref.eq),31,V ugm-3 (Ref.eq),29,V ugm-3 (Ref.eq),,
20-02-2025,4,V ugm-3 (Ref.eq),4,N ugm-3 (Ref.eq),4,V ugm-3 (Ref.eq),5,V ugm-3 (Ref.eq),5,V ugm-3 (Ref.eq),4,V ugm-3 (Ref.eq),4,V ugm-3 (Ref.eq),4,V ugm-3 (Ref.eq),4,V ugm-3 (Ref.eq),,,4,V ugm-3 (Ref.eq),6,V ugm-3 (Ref.eq),5,V ugm-3 (Ref.eq),4,V ugm-3 (Ref.eq),,
21-02-2025,5,V ugm-3 (Ref.eq),4,N ugm-3 (Ref.eq),4,V ugm-3 (Ref.eq),5,V ugm-3 (Ref.eq),5,V ugm-3 (Ref.eq),4,V ugm-3 (Ref.eq),5,V ugm-3 (Ref.eq),4,V ugm-3 (Ref.eq),4,V ugm-3 (Ref.eq),,,4,V ugm-3 (Ref.eq),5,V ugm-3 (Ref.eq),5,V ugm-3 (Ref.eq),4,V ugm-3 (Ref.eq),,
22-02-2025,8,V ugm-3 (Ref.eq),7,N ugm-3 (Ref.eq),7,V ugm-3 (Ref.eq),9,V ugm-3 (Ref.eq),8,V ugm-3 (Ref.eq),7,V ugm-3 (Ref.eq),8,V ugm-3 (Ref.eq),7,V ugm-3 (Ref.eq),7,V ugm-3 (Ref.eq),,,7,V ugm-3 (Ref.eq),7,V ugm-3 (Ref.eq),8,V ugm-3 (Ref.eq),6,V ugm-3 (Ref.eq),,
23-02-2025,4,V ugm-3 (Ref.eq),4,N ugm-3 (Ref.eq),4,V ugm-3 (Ref.eq),5,V ugm-3 (Ref.eq),4,V ugm-3 (Ref.eq),4,V ugm-3 (Ref.eq),5,V ugm-3 (Ref.eq),4,V ugm-3 (Ref.eq),4,V ugm-3 (Ref.eq),,,4,V ugm-3 (Ref.eq),5,V ugm-3 (Ref.eq),5,V ugm-3 (Ref.eq),4,V ugm-3 (Ref.eq),,
24-02-2025,5,V ugm-3 (Ref.eq),4,N ugm-3 (Ref.eq),4,V ugm-3 (Ref.eq),4,V ugm-3 (Ref.eq),4,V ugm-3 (Ref.eq),4,V ugm-3 (Ref.eq),4,V ugm-3 (Ref.eq),4,V ugm-3 (Ref.eq),4,V ugm-3 (Ref.eq),,,4,V ugm-3 (Ref.eq),5,V ugm-3 (Ref.eq),5,V ugm-3 (Ref.eq),4,V ugm-3 (Ref.eq),,
25-02-2025,7,V ugm-3 (Ref.eq),5,N ugm-3 (Ref.eq),5,V ugm-3 (Ref.eq),5,V ugm-3 (Ref.eq),5,V ugm-3 (Ref.eq),5,V ugm-3 (Ref.eq),7,V ugm-3 (Ref.eq),5,V ugm-3 (Ref.eq),5,V ugm-3 (Ref.eq),,,5,V ugm-3 (Ref.eq),6,V ugm-3 (Ref.eq),5,V ugm-3 (Ref.eq),5,V ugm-3 (Ref.eq),,
26-02-2025,5,V ugm-3 (Ref.eq),3,N ugm-3 (Ref.eq),3,V ugm-3 (Ref.eq),5,V ugm-3 (Ref.eq),4,V ugm-3 (Ref.eq),4,V ugm-3 (Ref.eq),4,V ugm-3 (Ref.eq),4,V ugm-3 (Ref.eq),4,V ugm-3 (Ref.eq),,,4,V ugm-3 (Ref.eq),4,V ugm-3 (Ref.eq),4,V ugm-3 (Ref.eq),4,V ugm-3 (Ref.eq),,
27-02-2025,5,V ugm-3 (Ref.eq),5,N ugm-3 (Ref.eq),5,V ugm-3 (Ref.eq),4,V ugm-3 (Ref.eq),6,V ugm-3 (Ref.eq),4,V ugm-3 (Ref.eq),5,V ugm-3 (Ref.eq),5,V ugm-3 (Ref.eq),4,V ugm-3 (Ref.eq),,,4,V ugm-3 (Ref.eq),7,V ugm-3 (Ref.eq),8,V ugm-3 (Ref.eq),4,V ugm-3 (Ref.eq),,
28-02-2025,15,V ugm-3 (Ref.eq),13,N ugm-3 (Ref.eq),11,V ugm-3 (Ref.eq),11,V ugm-3 (Ref.eq),13,V ugm-3 (Ref.eq),12,V ugm-3 (Ref.eq),16,V ugm-3 (Ref.eq),14,V ugm-3 (Ref.eq),13,V ugm-3 (Ref.eq),,,8,V ugm-3 (Ref.eq),16,V ugm-3 (Ref.eq),14,V ugm-3 (Ref.eq),6,V ugm-3 (Ref.eq),,
01-03-2025,18,V ugm-3 (Ref.eq),15,N ugm-3 (Ref.eq),12,V ugm-3 (Ref.eq),15,V ugm-3 (Ref.eq),13,V ugm-3 (Ref.eq),15,V ugm-3 (Ref.eq),26,V ugm-3 (Ref.eq),16,V ugm-3 (Ref.eq),18,V ugm-3 (Ref.eq),,,14,V ugm-3 (Ref.eq),20,V ugm-3 (Ref.eq),18,V ugm-3 (Ref.eq),11,V ugm-3 (Ref.eq),,
02-03-2025,21,V ugm-3 (Ref.eq),17,N ugm-3 (Ref.eq),15,V ugm-3 (Ref.eq),17,V ugm-3 (Ref.eq),12,V ugm-3 (Ref.eq),16,V ugm-3 (Ref.eq),24,V ugm-3 (Ref.eq),17,V ugm-3 (Ref.eq),19,V ugm-3 (Ref.eq),,,10,V ugm-3 (Ref.eq),11,V ugm-3 (Ref.eq),14,V ugm-3 (Ref.eq),7,V ugm-3 (Ref.eq),,
03-03-2025,13,V ugm-3 (Ref.eq),10,N ugm-3 (Ref.eq),9,V ugm-3 (Ref.eq),16,V ugm-3 (Ref.eq),12,V ugm-3 (Ref.eq),13,V ugm-3 (Ref.eq),17,V ugm-3 (Ref.eq),13,V ugm-3 (Ref.eq),13,V ugm-3 (Ref.eq),,,6,V ugm-3 (Ref.eq),9,V ugm-3 (Ref.eq),10,V ugm-3 (Ref.eq),6,V ugm-3 (Ref.eq),,
04-03-2025,16,V ugm-3 (Ref.eq),13,N ugm-3 (Ref.eq),12,V ugm-3 (Ref.eq),14,V ugm-3 (Ref.eq),13,V ugm-3 (Ref.eq),13,V ugm-3 (Ref.eq),17,V ugm-3 (Ref.eq),15,V ugm-3 (Ref.eq),15,V ugm-3 (Ref.eq),,,8,V ugm-3 (Ref.eq),10,V ugm-3 (Ref.eq),10,V ugm-3 (Ref.eq),9,V ugm-3 (Ref.eq),,
05-03-2025,21,V ugm-3 (Ref.eq),20,N ugm-3 (Ref.eq),16,V ugm-3 (Ref.eq),17,V ugm-3 (Ref.eq),14,V ugm-3 (Ref.eq),20,V ugm-3 (Ref.eq),21,V ugm-3 (Ref.eq),20,V ugm-3 (Ref.eq),18,V ugm-3 (Ref.eq),,,11,V ugm-3 (Ref.eq),14,V ugm-3 (Ref.eq),12,V ugm-3 (Ref.eq),11,V ugm-3 (Ref.eq),,
06-03-2025,25,V ugm-3 (Ref.eq),20,N ugm-3 (Ref.eq),20,V ugm-3 (Ref.eq),23,V ugm-3 (Ref.eq),20,V ugm-3 (Ref.eq),23,V ugm-3 (Ref.eq),25,V ugm-3 (Ref.eq),23,V ugm-3 (Ref.eq),22,V ugm-3 (Ref.eq),,,23,V ugm-3 (Ref.eq),27,V ugm-3 (Ref.eq),24,V ugm-3 (Ref.eq),24,V ugm-3 (Ref.eq),,
07-03-2025,13,V ugm-3 (Ref.eq),11,N ugm-3 (Ref.eq),12,V ugm-3 (Ref.eq),14,V ugm-3 (Ref.eq),12,V ugm-3 (Ref.eq),12,V ugm-3 (Ref.eq),14,V ugm-3 (Ref.eq),12,V ugm-3 (Ref.eq),12,V ugm-3 (Ref.eq),,,13,V ugm-3 (Ref.eq),15,V ugm-3 (Ref.eq),13,V ugm-3 (Ref.eq),13,V ugm-3 (Ref.eq),,
08-03-2025,18,V ugm-3 (Ref.eq),18,N ugm-3 (Ref.eq),18,V ugm-3 (Ref.eq),16,V ugm-3 (Ref.eq),17,V ugm-3 (Ref.eq),18,V ugm-3 (Ref.eq),19,V ugm-3 (Ref.eq),18,V ugm-3 (Ref.eq),18,V ugm-3 (Ref.eq),,,17,V ugm-3 (Ref.eq),18,V ugm-3 (Ref.eq),16,V ugm-3 (Ref.eq),15,V ugm-3 (Ref.eq),,
09-03-2025,33,V ugm-3 (Ref.eq),35,N ugm-3 (Ref.eq),34,V ugm-3 (Ref.eq),36,V ugm-3 (Ref.eq),35,V ugm-3 (Ref.eq),34,V ugm-3 (Ref.eq),40,V ugm-3 (Ref.eq),32,V ugm-3 (Ref.eq),31,V ugm-3 (Ref.eq),,,33,V ugm-3 (Ref.eq),34,V ugm-3 (Ref.eq),33,V ugm-3 (Ref.eq),31,V ugm-3 (Ref.eq),,
10-03-2025,48,V ugm-3 (Ref.eq),46,N ugm-3 (Ref.eq),49,V ugm-3 (Ref.eq),44,V ugm-3 (Ref.eq),45,V ugm-3 (Ref.eq),45,V ugm-3 (Ref.eq),48,V ugm-3 (Ref.eq),50,V ugm-3 (Ref.eq),47,V ugm-3 (Ref.eq),,,46,V ugm-3 (Ref.eq),39,V ugm-3 (Ref.eq),37,V ugm-3 (Ref.eq),43,V ugm-3 (Ref.eq),,
11-03-2025,6,V ugm-3 (Ref.eq),5,N ugm-3 (Ref.eq),5,V ugm-3 (Ref.eq),5,V ugm-3 (Ref.eq),6,V ugm-3 (Ref.eq),5,V ugm-3 (Ref.eq),6,V ugm-3 (Ref.eq),6,V ugm-3 (Ref.eq),5,V ugm-3 (Ref.eq),,,5,V ugm-3 (Ref.eq),6,V ugm-3 (Ref.eq),5,V ugm-3 (Ref.eq),5,V ugm-3 (Ref.eq),,
12-03-2025,5,V ugm-3 (Ref.eq),4,N ugm-3 (Ref.eq),4,V ugm-3 (Ref.eq),5,V ugm-3 (Ref.eq),6,V ugm-3 (Ref.eq),4,V ugm-3 (Ref.eq),4,V ugm-3 (Ref.eq),4,V ugm-3 (Ref.eq),4,V ugm-3 (Ref.eq),,,3,V ugm-3 (Ref.eq),6,V ugm-3 (Ref.eq),4,V ugm-3 (Ref.eq),3,V ugm-3 (Ref.eq),,
13-03-2025,6,V ugm-3 (Ref.eq),5,N ugm-3 (Ref.eq),5,V ugm-3 (Ref.eq),4,V ugm-3 (Ref.eq),5,V ugm-3 (Ref.eq),5,V ugm-3 (Ref.eq),5,V ugm-3 (Ref.eq),6,V ugm-3 (Ref.eq),5,V ugm-3 (Ref.eq),,,3,V ugm-3 (Ref.eq),6,V ugm-3 (Ref.eq),6,V ugm-3 (Ref.eq),4,V ugm-3 (Ref.eq),,
14-03-2025,8,V ugm-3 (Ref.eq),7,N ugm-3 (Ref.eq),8,V ugm-3 (Ref.eq),6,V ugm-3 (Ref.eq),6,V ugm-3 (Ref.eq),7,V ugm-3 (Ref.eq),9,V ugm-3 (Ref.eq),9,V ugm-3 (Ref.eq),9,V ugm-3 (Ref.eq),,,5,V ugm-3 (Ref.eq),8,V ugm-3 (Ref.eq),7,V ugm-3 (Ref.eq),4,V ugm-3 (Ref.eq),,
15-03-2025,6,V ugm-3 (Ref.eq),6,N ugm-3 (Ref.eq),6,V ugm-3 (Ref.eq),5,V ugm-3 (Ref.eq),5,V ugm-3 (Ref.eq),6,V ugm-3 (Ref.eq),7,V ugm-3 (Ref.eq),6,V ugm-3 (Ref.eq),5,V ugm-3 (Ref.eq),,,7,V ugm-3 (Ref.eq),6,V ugm-3 (Ref.eq),6,V ugm-3 (Ref.eq),6,V ugm-3 (Ref.eq),,
16-03-2025,7,V ugm-3 (Ref.eq),6,N ugm-3 (Ref.eq),6,V ugm-3 (Ref.eq),6,V ugm-3 (Ref.eq),6,V ugm-3 (Ref.eq),5,V ugm-3 (Ref.eq),6,V ugm-3 (Ref.eq),6,V ugm-3 (Ref.eq),6,V ugm-3 (Ref.eq),,,7,V ugm-3 (Ref.eq),6,V ugm-3 (Ref.eq),6,V ugm-3 (Ref.eq),5,V ugm-3 (Ref.eq),,
17-03-2025,7,V ugm-3 (Ref.eq),7,N ugm-3 (Ref.eq),7,V ugm-3 (Ref.eq),6,V ugm-3 (Ref.eq),6,V ugm-3 (Ref.eq),6,V ugm-3 (Ref.eq),7,V ugm-3 (Ref.eq),7,V ugm-3 (Ref.eq),6,V ugm-3 (Ref.eq),,,6,V ugm-3 (Ref.eq),9,V ugm-3 (Ref.eq),7,V ugm-3 (Ref.eq),6,V ugm-3 (Ref.eq),,
18-03-2025,10,V ugm-3 (Ref.eq),10,N ugm-3 (Ref.eq),11,V ugm-3 (Ref.eq),9,V ugm-3 (Ref.eq),10,V ugm-3 (Ref.eq),10,V ugm-3 (Ref.eq),10,V ugm-3 (Ref.eq),11,V ugm-3 (Ref.eq),10,V ugm-3 (Ref.eq),,,11,V ugm-3 (Ref.eq),11,V ugm-3 (Ref.eq),10,V ugm-3 (Ref.eq),10,V ugm-3 (Ref.eq),,
19-03-2025,27,V ugm-3 (Ref.eq),27,N ugm-3 (Ref.eq),26,V ugm-3 (Ref.eq),25,V ugm-3 (Ref.eq),23,V ugm-3 (Ref.eq),23,V ugm-3 (Ref.eq),26,V ugm-3 (Ref.eq),26,V ugm-3 (Ref.eq),25,V ugm-3 (Ref.eq),,,25,V ugm-3 (Ref.eq),30,V ugm-3 (Ref.eq),27,V ugm-3 (Ref.eq),22,V ugm-3 (Ref.eq),,
20-03-2025,25,V ugm-3 (Ref.eq),22,N ugm-3 (Ref.eq),21,V ugm-3 (Ref.eq),25,V ugm-3 (Ref.eq),22,V ugm-3 (Ref.eq),17,V ugm-3 (Ref.eq),19,V ugm-3 (Ref.eq),15,V ugm-3 (Ref.eq),16,V ugm-3 (Ref.eq),,,22,V ugm-3 (Ref.eq),29,V ugm-3 (Ref.eq),24,V ugm-3 (Ref.eq),19,V ugm-3 (Ref.eq),,
21-03-2025,20,V ugm-3 (Ref.eq),20,N ugm-3 (Ref.eq),20,V ugm-3 (Ref.eq),22,V ugm-3 (Ref.eq),21,V ugm-3 (Ref.eq),19,V ugm-3 (Ref.eq),21,V ugm-3 (Ref.eq),22,V ugm-3 (Ref.eq),22,V ugm-3 (Ref.eq),,,19,V ugm-3 (Ref.eq),23,V ugm-3 (Ref.eq),21,V ugm-3 (Ref.eq),19,V ugm-3 (Ref.eq),,
22-03-2025,12,V ugm-3 (Ref.eq),11,N ugm-3 (Ref.eq),12,V ugm-3 (Ref.eq),12,V ugm-3 (Ref.eq),13,V ugm-3 (Ref.eq),9,V ugm-3 (Ref.eq),11,V ugm-3 (Ref.eq),10,V ugm-3 (Ref.eq),10,V ugm-3 (Ref.eq),,,12,V ugm-3 (Ref.eq),15,V ugm-3 (Ref.eq),13,V ugm-3 (Ref.eq),12,V ugm-3 (Ref.eq),,
23-03-2025,26,V ugm-3 (Ref.eq),25,N ugm-3 (Ref.eq),26,V ugm-3 (Ref.eq),26,V ugm-3 (Ref.eq),24,V ugm-3 (Ref.eq),24,V ugm-3 (Ref.eq),24,V ugm-3 (Ref.eq),22,V ugm-3 (Ref.eq),22,V ugm-3 (Ref.eq),,,20,V ugm-3 (Ref.eq),24,V ugm-3 (Ref.eq),23,V ugm-3 (Ref.eq),18,V ugm-3 (Ref.eq),,
24-03-2025,32,V ugm-3 (Ref.eq),33,N ugm-3 (Ref.eq),32,V ugm-3 (Ref.eq),25,V ugm-3 (Ref.eq),29,V ugm-3 (Ref.eq),30,V ugm-3 (Ref.eq),32,V ugm-3 (Ref.eq),34,V ugm-3 (Ref.eq),35,V ugm-3 (Ref.eq),,,29,V ugm-3 (Ref.eq),27,V ugm-3 (Ref.eq),26,V ugm-3 (Ref.eq),28,V ugm-3 (Ref.eq),No data,V ugm-3 (Ref.eq)
25-03-2025,11,V ugm-3 (Ref.eq),11,N ugm-3 (Ref.eq),10,V ugm-3 (Ref.eq),9,V ugm-3 (Ref.eq),9,V ugm-3 (Ref.eq),15,V ugm-3 (Ref.eq),17,V ugm-3 (Ref.eq),19,V ugm-3 (Ref.eq),19,V ugm-3 (Ref.eq),,,6,V ugm-3 (Ref.eq),10,V ugm-3 (Ref.eq),8,V ugm-3 (Ref.eq),6,V ugm-3 (Ref.eq),14,V ugm-3 (Ref.eq)
26-03-2025,10,V ugm-3 (Ref.eq),9,N ugm-3 (Ref.eq),9,V ugm-3 (Ref.eq),10,V ugm-3 (Ref.eq),9,V ugm-3 (Ref.eq),11,V ugm-3 (Ref.eq),13,V ugm-3 (Ref.eq),10,V ugm-3 (Ref.eq),10,V ugm-3 (Ref.eq),,,No data,V ugm-3 (Ref.eq),11,V ugm-3 (Ref.eq),10,V ugm-3 (Ref.eq),5,V ugm-3 (Ref.eq),9,V ugm-3 (Ref.eq)
27-03-2025,5,V ugm-3 (Ref.eq),4,N ugm-3 (Ref.eq),3,V ugm-3 (Ref.eq),3,V ugm-3 (Ref.eq),2,V ugm-3 (Ref.eq),7,V ugm-3 (Ref.eq),8,V ugm-3 (Ref.eq),7,V ugm-3 (Ref.eq),7,V ugm-3 (Ref.eq),,,No data,V ugm-3 (Ref.eq),3,V ugm-3 (Ref.eq),3,V ugm-3 (Ref.eq),2,V ugm-3 (Ref.eq),5,V ugm-3 (Ref.eq)
28-03-2025,4,V ugm-3 (Ref.eq),3,N ugm-3 (Ref.eq),3,V ugm-3 (Ref.eq),3,V ugm-3 (Ref.eq),3,V ugm-3 (Ref.eq),3,V ugm-3 (Ref.eq),4,V ugm-3 (Ref.eq),4,V ugm-3 (Ref.eq),3,V ugm-3 (Ref.eq),,,No data,V ugm-3 (Ref.eq),5,V ugm-3 (Ref.eq),4,V ugm-3 (Ref.eq),3,V ugm-3 (Ref.eq),3,V ugm-3 (Ref.eq)
29-03-2025,5,V ugm-3 (Ref.eq),4,N ugm-3 (Ref.eq),4,V ugm-3 (Ref.eq),4,V ugm-3 (Ref.eq),4,V ugm-3 (Ref.eq),4,V ugm-3 (Ref.eq),5,V ugm-3 (Ref.eq),4,V ugm-3 (Ref.eq),No data,V ugm-3 (Ref.eq),,,4,V ugm-3 (Ref.eq),5,V ugm-3 (Ref.eq),4,V ugm-3 (Ref.eq),4,V ugm-3 (Ref.eq),4,V ugm-3 (Ref.eq)
30-03-2025,8,V ugm-3 (Ref.eq),7,N ugm-3 (Ref.eq),8,V ugm-3 (Ref.eq),9,V ugm-3 (Ref.eq),8,V ugm-3 (Ref.eq),7,V ugm-3 (Ref.eq),8,V ugm-3 (Ref.eq),8,V ugm-3 (Ref.eq),7,V ugm-3 (Ref.eq),,,8,V ugm-3 (Ref.eq),11,V ugm-3 (Ref.eq),11,V ugm-3 (Ref.eq),8,V ugm-3 (Ref.eq),8,V ugm-3 (Ref.eq)
31-03-2025,9,V ugm-3 (Ref.eq),9,N ugm-3 (Ref.eq),9,V ugm-3 (Ref.eq),8,V ugm-3 (Ref.eq),8,V ugm-3 (Ref.eq),8,V ugm-3 (Ref.eq),9,V ugm-3 (Ref.eq),8,V ugm-3 (Ref.eq),8,V ugm-3 (Ref.eq),,,12,V ugm-3 (Ref.eq),10,V ugm-3 (Ref.eq),9,V ugm-3 (Ref.eq),7,V ugm-3 (Ref.eq),8,V ugm-3 (Ref.eq)
01-04-2025,6,N ugm-3 (Ref.eq),8,N ugm-3 (Ref.eq),7,N ugm-3 (Ref.eq),6,N ugm-3 (Ref.eq),6,N ugm-3 (Ref.eq),6,N ugm-3 (Ref.eq),6,N ugm-3 (Ref.eq),6,N ugm-3 (Ref.eq),6,N ugm-3 (Ref.eq),,,7,N ugm-3 (Ref.eq),7,N ugm-3 (Ref.eq),6,N ugm-3 (Ref.eq),6,N ugm-3 (Ref.eq),7,N ugm-3 (Ref.eq)
02-04-2025,9,N ugm-3 (Ref.eq),9,N ugm-3 (Ref.eq),9,N ugm-3 (Ref.eq),8,N ugm-3 (Ref.eq),8,N ugm-3 (Ref.eq),9,N ugm-3 (Ref.eq),9,N ugm-3 (Ref.eq),9,N ugm-3 (Ref.eq),9,N ugm-3 (Ref.eq),,,8,N ugm-3 (Ref.eq),8,N ugm-3 (Ref.eq),8,N ugm-3 (Ref.eq),8,N ugm-3 (Ref.eq),9,N ugm-3 (Ref.eq)
03-04-2025,18,N ugm-3 (Ref.eq),18,N ugm-3 (Ref.eq),20,N ugm-3 (Ref.eq),19,N ugm-3 (Ref.eq),20,N ugm-3 (Ref.eq),18,N ugm-3 (Ref.eq),19,N ugm-3 (Ref.eq),18,N ugm-3 (Ref.eq),18,N ugm-3 (Ref.eq),,,18,N ugm-3 (Ref.eq),22,N ugm-3 (Ref.eq),21,N ugm-3 (Ref.eq),20,N ugm-3 (Ref.eq),18,N ugm-3 (Ref.eq)
04-04-2025,17,N ugm-3 (Ref.eq),18,N ugm-3 (Ref.eq),18,N ugm-3 (Ref.eq),14,N ugm-3 (Ref.eq),16,N ugm-3 (Ref.eq),18,N ugm-3 (Ref.eq),18,N ugm-3 (Ref.eq),19,N ugm-3 (Ref.eq),19,N ugm-3 (Ref.eq),,,18,N ugm-3 (Ref.eq),17,N ugm-3 (Ref.eq),16,N ugm-3 (Ref.eq),17,N ugm-3 (Ref.eq),20,N ugm-3 (Ref.eq)
05-04-2025,9,N ugm-3 (Ref.eq),9,N ugm-3 (Ref.eq),9,N ugm-3 (Ref.eq),8,N ugm-3 (Ref.eq),8,N ugm-3 (Ref.eq),7,N ugm-3 (Ref.eq),7,N ugm-3 (Ref.eq),7,N ugm-3 (Ref.eq),7,N ugm-3 (Ref.eq),,,7,N ugm-3 (Ref.eq),8,N ugm-3 (Ref.eq),8,N ugm-3 (Ref.eq),7,N ugm-3 (Ref.eq),8,N ugm-3 (Ref.eq)
06-04-2025,6,N ugm-3 (Ref.eq),5,N ugm-3 (Ref.eq),6,N ugm-3 (Ref.eq),5,N ugm-3 (Ref.eq),5,N ugm-3 (Ref.eq),6,N ugm-3 (Ref.eq),5,N ugm-3 (Ref.eq),5,N ugm-3 (Ref.eq),5,N ugm-3 (Ref.eq),,,6,N ugm-3 (Ref.eq),6,N ugm-3 (Ref.eq),7,N ugm-3 (Ref.eq),5,N ugm-3 (Ref.eq),6,N ugm-3 (Ref.eq)
07-04-2025,6,N ugm-3 (Ref.eq),7,N ugm-3 (Ref.eq),6,N ugm-3 (Ref.eq),5,N ugm-3 (Ref.eq),6,N ugm-3 (Ref.eq),6,N ugm-3 (Ref.eq),6,N ugm-3 (Ref.eq),5,N ugm-3 (Ref.eq),5,N ugm-3 (Ref.eq),,,7,N ugm-3 (Ref.eq),7,N ugm-3 (Ref.eq),6,N ugm-3 (Ref.eq),6,N ugm-3 (Ref.eq),6,N ugm-3 (Ref.eq)
08-04-2025,10,N ugm-3 (Ref.eq),11,N ugm-3 (Ref.eq),10,N ugm-3 (Ref.eq),8,N ugm-3 (Ref.eq),9,N ugm-3 (Ref.eq),9,N ugm-3 (Ref.eq),9,N ugm-3 (Ref.eq),9,N ugm-3 (Ref.eq),9,N ugm-3 (Ref.eq),,,11,N ugm-3 (Ref.eq),13,N ugm-3 (Ref.eq),11,N ugm-3 (Ref.eq),10,N ugm-3 (Ref.eq),10,N ugm-3 (Ref.eq)
09-04-2025,12,N ugm-3 (Ref.eq),12,N ugm-3 (Ref.eq),13,N ugm-3 (Ref.eq),12,N ugm-3 (Ref.eq),12,N ugm-3 (Ref.eq),11,N ugm-3 (Ref.eq),11,N ugm-3 (Ref.eq),9,N ugm-3 (Ref.eq),9,N ugm-3 (Ref.eq),,,17,N ugm-3 (Ref.eq),17,N ugm-3 (Ref.eq),14,N ugm-3 (Ref.eq),13,N ugm-3 (Ref.eq),13,N ugm-3 (Ref.eq)
10-04-2025,19,N ugm-3 (Ref.eq),20,N ugm-3 (Ref.eq),19,N ugm-3 (Ref.eq),27,N ugm-3 (Ref.eq),16,N ugm-3 (Ref.eq),17,N ugm-3 (Ref.eq),17,N ugm-3 (Ref.eq),15,N ugm-3 (Ref.eq),16,N ugm-3 (Ref.eq),,,16,N ugm-3 (Ref.eq),18,N ugm-3 (Ref.eq),16,N ugm-3 (Ref.eq),15,N ugm-3 (Ref.eq),18,N ugm-3 (Ref.eq)
11-04-2025,17,N ugm-3 (Ref.eq),17,N ugm-3 (Ref.eq),16,N ugm-3 (Ref.eq),16,N ugm-3 (Ref.eq),16,N ugm-3 (Ref.eq),16,N ugm-3 (Ref.eq),17,N ugm-3 (Ref.eq),16,N ugm-3 (Ref.eq),17,N ugm-3 (Ref.eq),,,17,N ugm-3 (Ref.eq),18,N ugm-3 (Ref.eq),17,N ugm-3 (Ref.eq),16,N ugm-3 (Ref.eq),17,N ugm-3 (Ref.eq)
12-04-2025,15,N ugm-3 (Ref.eq),14,N ugm-3 (Ref.eq),14,N ugm-3 (Ref.eq),15,N ugm-3 (Ref.eq),14,N ugm-3 (Ref.eq),15,N ugm-3 (Ref.eq),17,N ugm-3 (Ref.eq),14,N ugm-3 (Ref.eq),14,N ugm-3 (Ref.eq),,,14,N ugm-3 (Ref.eq),18,N ugm-3 (Ref.eq),15,N ugm-3 (Ref.eq),15,N ugm-3 (Ref.eq),13,N ugm-3 (Ref.eq)
13-04-2025,8,N ugm-3 (Ref.eq),6,N ugm-3 (Ref.eq),6,N ugm-3 (Ref.eq),6,N ugm-3 (Ref.eq),6,N ugm-3 (Ref.eq),6,N ugm-3 (Ref.eq),7,N ugm-3 (Ref.eq),6,N ugm-3 (Ref.eq),6,N ugm-3 (Ref.eq),,,5,N ugm-3 (Ref.eq),6,N ugm-3 (Ref.eq),6,N ugm-3 (Ref.eq),5,N ugm-3 (Ref.eq),6,N ugm-3 (Ref.eq)
14-04-2025,5,N ugm-3 (Ref.eq),4,N ugm-3 (Ref.eq),4,N ugm-3 (Ref.eq),5,N ugm-3 (Ref.eq),3,N ugm-3 (Ref.eq),4,N ugm-3 (Ref.eq),5,N ugm-3 (Ref.eq),4,N ugm-3 (Ref.eq),4,N ugm-3 (Ref.eq),,,3,N ugm-3 (Ref.eq),5,N ugm-3 (Ref.eq),4,N ugm-3 (Ref.eq),3,N ugm-3 (Ref.eq),4,N ugm-3 (Ref.eq)
15-04-2025,9,N ugm-3 (Ref.eq),8,N ugm-3 (Ref.eq),8,N ugm-3 (Ref.eq),8,N ugm-3 (Ref.eq),7,N ugm-3 (Ref.eq),8,N ugm-3 (Ref.eq),8,N ugm-3 (Ref.eq),8,N ugm-3 (Ref.eq),8,N ugm-3 (Ref.eq),,,7,N ugm-3 (Ref.eq),9,N ugm-3 (Ref.eq),9,N ugm-3 (Ref.eq),8,N ugm-3 (Ref.eq),8,N ugm-3 (Ref.eq)
16-04-2025,4,N ugm-3 (Ref.eq),3,N ugm-3 (Ref.eq),3,N ugm-3 (Ref.eq),3,N ugm-3 (Ref.eq),3,N ugm-3 (Ref.eq),3,N ugm-3 (Ref.eq),3,N ugm-3 (Ref.eq),3,N ugm-3 (Ref.eq),3,N ugm-3 (Ref.eq),,,3,N ugm-3 (Ref.eq),3,N ugm-3 (Ref.eq),3,N ugm-3 (Ref.eq),2,N ugm-3 (Ref.eq),3,N ugm-3 (Ref.eq)
17-04-2025,5,N ugm-3 (Ref.eq),5,N ugm-3 (Ref.eq),4,N ugm-3 (Ref.eq),4,N ugm-3 (Ref.eq),4,N ugm-3 (Ref.eq),4,N ugm-3 (Ref.eq),4,N ugm-3 (Ref.eq),4,N ugm-3 (Ref.eq),4,N ugm-3 (Ref.eq),,,3,N ugm-3 (Ref.eq),5,N ugm-3 (Ref.eq),4,N ugm-3 (Ref.eq),4,N ugm-3 (Ref.eq),4,N ugm-3 (Ref.eq)
18-04-2025,7,N ugm-3 (Ref.eq),6,N ugm-3 (Ref.eq),7,N ugm-3 (Ref.eq),7,N ugm-3 (Ref.eq),7,N ugm-3 (Ref.eq),7,N ugm-3 (Ref.eq),7,N ugm-3 (Ref.eq),6,N ugm-3 (Ref.eq),7,N ugm-3 (Ref.eq),,,5,N ugm-3 (Ref.eq),9,N ugm-3 (Ref.eq),8,N ugm-3 (Ref.eq),5,N ugm-3 (Ref.eq),6,N ugm-3 (Ref.eq)
19-04-2025,12,N ugm-3 (Ref.eq),12,N ugm-3 (Ref.eq),12,N ugm-3 (Ref.eq),9,N ugm-3 (Ref.eq),11,N ugm-3 (Ref.eq),11,N ugm-3 (Ref.eq),12,N ugm-3 (Ref.eq),12,N ugm-3 (Ref.eq),12,N ugm-3 (Ref.eq),,,12,N ugm-3 (Ref.eq),10,N ugm-3 (Ref.eq),10,N ugm-3 (Ref.eq),11,N ugm-3 (Ref.eq),13,N ugm-3 (Ref.eq)
20-04-2025,6,N ugm-3 (Ref.eq),6,N ugm-3 (Ref.eq),7,N ugm-3 (Ref.eq),6,N ugm-3 (Ref.eq),6,N ugm-3 (Ref.eq),5,N ugm-3 (Ref.eq),6,N ugm-3 (Ref.eq),5,N ugm-3 (Ref.eq),5,N ugm-3 (Ref.eq),,,8,N ugm-3 (Ref.eq),8,N ugm-3 (Ref.eq),7,N ugm-3 (Ref.eq),7,N ugm-3 (Ref.eq),7,N ugm-3 (Ref.eq)
21-04-2025,8,N ugm-3 (Ref.eq),7,N ugm-3 (Ref.eq),8,N ugm-3 (Ref.eq),7,N ugm-3 (Ref.eq),6,N ugm-3 (Ref.eq),7,N ugm-3 (Ref.eq),8,N ugm-3 (Ref.eq),7,N ugm-3 (Ref.eq),7,N ugm-3 (Ref.eq),,,5,N ugm-3 (Ref.eq),8,N ugm-3 (Ref.eq),7,N ugm-3 (Ref.eq),5,N ugm-3 (Ref.eq),6,N ugm-3 (Ref.eq)
22-04-2025,5,N ugm-3 (Ref.eq),4,N ugm-3 (Ref.eq),4,N ugm-3 (Ref.eq),5,N ugm-3 (Ref.eq),4,N ugm-3 (Ref.eq),4,N ugm-3 (Ref.eq),5,N ugm-3 (Ref.eq),5,N ugm-3 (Ref.eq),4,N ugm-3 (Ref.eq),,,4,N ugm-3 (Ref.eq),6,N ugm-3 (Ref.eq),5,N ugm-3 (Ref.eq),4,N ugm-3 (Ref.eq),5,N ugm-3 (Ref.eq)
23-04-2025,7,N ugm-3 (Ref.eq),8,N ugm-3 (Ref.eq),7,N ugm-3 (Ref.eq),6,N ugm-3 (Ref.eq),6,N ugm-3 (Ref.eq),6,N ugm-3 (Ref.eq),6,N ugm-3 (Ref.eq),5,N ugm-3 (Ref.eq),5,N ugm-3 (Ref.eq),,,5,N ugm-3 (Ref.eq),8,N ugm-3 (Ref.eq),6,N ugm-3 (Ref.eq),5,N ugm-3 (Ref.eq),5,N ugm-3 (Ref.eq)
24-04-2025,12,N ugm-3 (Ref.eq),13,N ugm-3 (Ref.eq),12,N ugm-3 (Ref.eq),9,N ugm-3 (Ref.eq),11,N ugm-3 (Ref.eq),9,N ugm-3 (Ref.eq),9,N ugm-3 (Ref.eq),9,N ugm-3 (Ref.eq),9,N ugm-3 (Ref.eq),,,14,N ugm-3 (Ref.eq),13,N ugm-3 (Ref.eq),12,N ugm-3 (Ref.eq),13,N ugm-3 (Ref.eq),11,N ugm-3 (Ref.eq)
25-04-2025,12,N ugm-3 (Ref.eq),11,N ugm-3 (Ref.eq),12,N ugm-3 (Ref.eq),8,N ugm-3 (Ref.eq),9,N ugm-3 (Ref.eq),9,N ugm-3 (Ref.eq),9,N ugm-3 (Ref.eq),10,N ugm-3 (Ref.eq),10,N ugm-3 (Ref.eq),,,No data,N ugm-3 (Ref.eq),9,N ugm-3 (Ref.eq),8,N ugm-3 (Ref.eq),13,N ugm-3 (Ref.eq),17,N ugm-3 (Ref.eq)
26-04-2025,17,N ugm-3 (Ref.eq),17,N ugm-3 (Ref.eq),18,N ugm-3 (Ref.eq),17,N ugm-3 (Ref.eq),18,N ugm-3 (Ref.eq),17,N ugm-3 (Ref.eq),19,N ugm-3 (Ref.eq),19,N ugm-3 (Ref.eq),19,N ugm-3 (Ref.eq),,,No data,N ugm-3 (Ref.eq),17,N ugm-3 (Ref.eq),17,N ugm-3 (Ref.eq),17,N ugm-3 (Ref.eq),23,N ugm-3 (Ref.eq)
27-04-2025,8,N ugm-3 (Ref.eq),8,N ugm-3 (Ref.eq),6,N ugm-3 (Ref.eq),12,N ugm-3 (Ref.eq),10,N ugm-3 (Ref.eq),9,N ugm-3 (Ref.eq),10,N ugm-3 (Ref.eq),10,N ugm-3 (Ref.eq),10,N ugm-3 (Ref.eq),,,No data,N ugm-3 (Ref.eq),5,N ugm-3 (Ref.eq),6,N ugm-3 (Ref.eq),5,N ugm-3 (Ref.eq),8,N ugm-3 (Ref.eq)
28-04-2025,7,N ugm-3 (Ref.eq),5,N ugm-3 (Ref.eq),4,N ugm-3 (Ref.eq),7,N ugm-3 (Ref.eq),4,N ugm-3 (Ref.eq),4,N ugm-3 (Ref.eq),6,N ugm-3 (Ref.eq),4,N ugm-3 (Ref.eq),5,N ugm-3 (Ref.eq),,,No data,N ugm-3 (Ref.eq),5,N ugm-3 (Ref.eq),5,N ugm-3 (Ref.eq),4,N ugm-3 (Ref.eq),5,N ugm-3 (Ref.eq)
29-04-2025,14,N ugm-3 (Ref.eq),13,N ugm-3 (Ref.eq),13,N ugm-3 (Ref.eq),11,N ugm-3 (Ref.eq),13,N ugm-3 (Ref.eq),12,N ugm-3 (Ref.eq),15,N ugm-3 (Ref.eq),12,N ugm-3 (Ref.eq),12,N ugm-3 (Ref.eq),,,No data,N ugm-3 (Ref.eq),15,N ugm-3 (Ref.eq),13,N ugm-3 (Ref.eq),9,N ugm-3 (Ref.eq),12,N ugm-3 (Ref.eq)
30-04-2025,14,N ugm-3 (Ref.eq),15,N ugm-3 (Ref.eq),13,N ugm-3 (Ref.eq),14,N ugm-3 (Ref.eq),12,N ugm-3 (Ref.eq),13,N ugm-3 (Ref.eq),15,N ugm-3 (Ref.eq),11,N ugm-3 (Ref.eq),12,N ugm-3 (Ref.eq),,,No data,N ugm-3 (Ref.eq),14,N ugm-3 (Ref.eq),11,N ugm-3 (Ref.eq),12,N ugm-3 (Ref.eq),13,N ugm-3 (Ref.eq)
01-05-2025,15,N ugm-3 (Ref.eq),12,N ugm-3 (Ref.eq),13,N ugm-3 (Ref.eq),15,N ugm-3 (Ref.eq),15,N ugm-3 (Ref.eq),13,N ugm-3 (Ref.eq),15,N ugm-3 (Ref.eq),13,N ugm-3 (Ref.eq),12,N ugm-3 (Ref.eq),,,No data,N ugm-3 (Ref.eq),17,N ugm-3 (Ref.eq),15,N ugm-3 (Ref.eq),12,N ugm-3 (Ref.eq),13,N ugm-3 (Ref.eq)
02-05-2025,9,N ugm-3 (Ref.eq),10,N ugm-3 (Ref.eq),9,N ugm-3 (Ref.eq),7,N ugm-3 (Ref.eq),7,N ugm-3 (Ref.eq),11,N ugm-3 (Ref.eq),11,N ugm-3 (Ref.eq),12,N ugm-3 (Ref.eq),12,N ugm-3 (Ref.eq),,,No data,N ugm-3 (Ref.eq),7,N ugm-3 (Ref.eq),7,N ugm-3 (Ref.eq),5,N ugm-3 (Ref.eq),9,N ugm-3 (Ref.eq)
03-05-2025,7,N ugm-3 (Ref.eq),7,N ugm-3 (Ref.eq),7,N ugm-3 (Ref.eq),6,N ugm-3 (Ref.eq),6,N ugm-3 (Ref.eq),6,N ugm-3 (Ref.eq),7,N ugm-3 (Ref.eq),7,N ugm-3 (Ref.eq),6,N ugm-3 (Ref.eq),,,No data,N ugm-3 (Ref.eq),6,N ugm-3 (Ref.eq),6,N ugm-3 (Ref.eq),5,N ugm-3 (Ref.eq),6,N ugm-3 (Ref.eq)
04-05-2025,4,N ugm-3 (Ref.eq),4,N ugm-3 (Ref.eq),4,N ugm-3 (Ref.eq),3,N ugm-3 (Ref.eq),3,N ugm-3 (Ref.eq),3,N ugm-3 (Ref.eq),4,N ugm-3 (Ref.eq),3,N ugm-3 (Ref.eq),3,N ugm-3 (Ref.eq),,,No data,N ugm-3 (Ref.eq),3,N ugm-3 (Ref.eq),3,N ugm-3 (Ref.eq),3,N ugm-3 (Ref.eq),4,N ugm-3 (Ref.eq)
05-05-2025,4,N ugm-3 (Ref.eq),4,N ugm-3 (Ref.eq),4,N ugm-3 (Ref.eq),4,N ugm-3 (Ref.eq),4,N ugm-3 (Ref.eq),4,N ugm-3 (Ref.eq),5,N ugm-3 (Ref.eq),4,N ugm-3 (Ref.eq),4,N ugm-3 (Ref.eq),,,No data,N ugm-3 (Ref.eq),5,N ugm-3 (Ref.eq),5,N ugm-3 (Ref.eq),4,N ugm-3 (Ref.eq),4,N ugm-3 (Ref.eq)
06-05-2025,6,N ugm-3 (Ref.eq),7,N ugm-3 (Ref.eq),6,N ugm-3 (Ref.eq),5,N ugm-3 (Ref.eq),6,N ugm-3 (Ref.eq),6,N ugm-3 (Ref.eq),6,N ugm-3 (Ref.eq),6,N ugm-3 (Ref.eq),6,N ugm-3 (Ref.eq),,,No data,N ugm-3 (Ref.eq),7,N ugm-3 (Ref.eq),7,N ugm-3 (Ref.eq),6,N ugm-3 (Ref.eq),7,N ugm-3 (Ref.eq)
07-05-2025,10,N ugm-3 (Ref.eq),9,N ugm-3 (Ref.eq),10,N ugm-3 (Ref.eq),9,N ugm-3 (Ref.eq),9,N ugm-3 (Ref.eq),9,N ugm-3 (Ref.eq),10,N ugm-3 (Ref.eq),7,N ugm-3 (Ref.eq),7,N ugm-3 (Ref.eq),,,No data,N ugm-3 (Ref.eq),11,N ugm-3 (Ref.eq),11,N ugm-3 (Ref.eq),8,N ugm-3 (Ref.eq),9,N ugm-3 (Ref.eq)
08-05-2025,5,N ugm-3 (Ref.eq),5,N ugm-3 (Ref.eq),5,N ugm-3 (Ref.eq),5,N ugm-3 (Ref.eq),6,N ugm-3 (Ref.eq),5,N ugm-3 (Ref.eq),4,N ugm-3 (Ref.eq),4,N ugm-3 (Ref.eq),4,N ugm-3 (Ref.eq),,,No data,N ugm-3 (Ref.eq),6,N ugm-3 (Ref.eq),6,N ugm-3 (Ref.eq),6,N ugm-3 (Ref.eq),4,N ugm-3 (Ref.eq)
09-05-2025,7,N ugm-3 (Ref.eq),6,N ugm-3 (Ref.eq),7,N ugm-3 (Ref.eq),7,N ugm-3 (Ref.eq),6,N ugm-3 (Ref.eq),6,N ugm-3 (Ref.eq),6,N ugm-3 (Ref.eq),6,N ugm-3 (Ref.eq),6,N ugm-3 (Ref.eq),,,No data,N ugm-3 (Ref.eq),8,N ugm-3 (Ref.eq),7,N ugm-3 (Ref.eq),6,N ugm-3 (Ref.eq),6,N ugm-3 (Ref.eq)
10-05-2025,7,N ugm-3 (Ref.eq),7,N ugm-3 (Ref.eq),7,N ugm-3 (Ref.eq),7,N ugm-3 (Ref.eq),6,N ugm-3 (Ref.eq),5,N ugm-3 (Ref.eq),6,N ugm-3 (Ref.eq),6,N ugm-3 (Ref.eq),6,N ugm-3 (Ref.eq),,,7,N ugm-3 (Ref.eq),7,N ugm-3 (Ref.eq),6,N ugm-3 (Ref.eq),5,N ugm-3 (Ref.eq),5,N ugm-3 (Ref.eq)
11-05-2025,7,N ugm-3 (Ref.eq),7,N ugm-3 (Ref.eq),7,N ugm-3 (Ref.eq),6,N ugm-3 (Ref.eq),6,N ugm-3 (Ref.eq),6,N ugm-3 (Ref.eq),7,N ugm-3 (Ref.eq),7,N ugm-3 (Ref.eq),6,N ugm-3 (Ref.eq),,,7,N ugm-3 (Ref.eq),7,N ugm-3 (Ref.eq),7,N ugm-3 (Ref.eq),6,N ugm-3 (Ref.eq),7,N ugm-3 (Ref.eq)
12-05-2025,9,N ugm-3 (Ref.eq),10,N ugm-3 (Ref.eq),10,N ugm-3 (Ref.eq),9,N ugm-3 (Ref.eq),10,N ugm-3 (Ref.eq),8,N ugm-3 (Ref.eq),8,N ugm-3 (Ref.eq),8,N ugm-3 (Ref.eq),8,N ugm-3 (Ref.eq),,,10,N ugm-3 (Ref.eq),10,N ugm-3 (Ref.eq),8,N ugm-3 (Ref.eq),9,N ugm-3 (Ref.eq),7,N ugm-3 (Ref.eq)
13-05-2025,7,N ugm-3 (Ref.eq),7,N ugm-3 (Ref.eq),7,N ugm-3 (Ref.eq),7,N ugm-3 (Ref.eq),7,N ugm-3 (Ref.eq),7,N ugm-3 (Ref.eq),7,N ugm-3 (Ref.eq),7,N ugm-3 (Ref.eq),7,N ugm-3 (Ref.eq),,,7,N ugm-3 (Ref.eq),8,N ugm-3 (Ref.eq),7,N ugm-3 (Ref.eq),7,N ugm-3 (Ref.eq),7,N ugm-3 (Ref.eq)
14-05-2025,11,N ugm-3 (Ref.eq),11,N ugm-3 (Ref.eq),11,N ugm-3 (Ref.eq),11,N ugm-3 (Ref.eq),11,N ugm-3 (Ref.eq),11,N ugm-3 (Ref.eq),10,N ugm-3 (Ref.eq),9,N ugm-3 (Ref.eq),9,N ugm-3 (Ref.eq),No data,N ugm-3 (Ref.eq),11,N ugm-3 (Ref.eq),11,N ugm-3 (Ref.eq),10,N ugm-3 (Ref.eq),11,N ugm-3 (Ref.eq),9,N ugm-3 (Ref.eq)
15-05-2025,11,N ugm-3 (Ref.eq),10,N ugm-3 (Ref.eq),11,N ugm-3 (Ref.eq),9,N ugm-3 (Ref.eq),10,N ugm-3 (Ref.eq),10,N ugm-3 (Ref.eq),11,N ugm-3 (Ref.eq),10,N ugm-3 (Ref.eq),10,N ugm-3 (Ref.eq),11,N ugm-3 (Ref.eq),10,N ugm-3 (Ref.eq),11,N ugm-3 (Ref.eq),10,N ugm-3 (Ref.eq),10,N ugm-3 (Ref.eq),11,N ugm-3 (Ref.eq)
16-05-2025,9,N ugm-3 (Ref.eq),9,N ugm-3 (Ref.eq),9,N ugm-3 (Ref.eq),9,N ugm-3 (Ref.eq),9,N ugm-3 (Ref.eq),10,N ugm-3 (Ref.eq),11,N ugm-3 (Ref.eq),11,N ugm-3 (Ref.eq),10,N ugm-3 (Ref.eq),9,N ugm-3 (Ref.eq),9,N ugm-3 (Ref.eq),9,N ugm-3 (Ref.eq),9,N ugm-3 (Ref.eq),9,N ugm-3 (Ref.eq),10,N ugm-3 (Ref.eq)
17-05-2025,10,N ugm-3 (Ref.eq),10,N ugm-3 (Ref.eq),11,N ugm-3 (Ref.eq),8,N ugm-3 (Ref.eq),9,N ugm-3 (Ref.eq),9,N ugm-3 (Ref.eq),9,N ugm-3 (Ref.eq),9,N ugm-3 (Ref.eq),9,N ugm-3 (Ref.eq),11,N ugm-3 (Ref.eq),10,N ugm-3 (Ref.eq),9,N ugm-3 (Ref.eq),9,N ugm-3 (Ref.eq),11,N ugm-3 (Ref.eq),12,N ugm-3 (Ref.eq)
18-05-2025,11,N ugm-3 (Ref.eq),11,N ugm-3 (Ref.eq),11,N ugm-3 (Ref.eq),10,N ugm-3 (Ref.eq),11,N ugm-3 (Ref.eq),12,N ugm-3 (Ref.eq),12,N ugm-3 (Ref.eq),13,N ugm-3 (Ref.eq),12,N ugm-3 (Ref.eq),13,N ugm-3 (Ref.eq),11,N ugm-3 (Ref.eq),11,N ugm-3 (Ref.eq),11,N ugm-3 (Ref.eq),11,N ugm-3 (Ref.eq),13,N ugm-3 (Ref.eq)
19-05-2025,10,N ugm-3 (Ref.eq),10,N ugm-3 (Ref.eq),10,N ugm-3 (Ref.eq),9,N ugm-3 (Ref.eq),9,N ugm-3 (Ref.eq),9,N ugm-3 (Ref.eq),9,N ugm-3 (Ref.eq),9,N ugm-3 (Ref.eq),9,N ugm-3 (Ref.eq),10,N ugm-3 (Ref.eq),10,N ugm-3 (Ref.eq),10,N ugm-3 (Ref.eq),10,N ugm-3 (Ref.eq),9,N ugm-3 (Ref.eq),9,N ugm-3 (Ref.eq)
20-05-2025,9,N ugm-3 (Ref.eq),8,N ugm-3 (Ref.eq),9,N ugm-3 (Ref.eq),9,N ugm-3 (Ref.eq),8,N ugm-3 (Ref.eq),8,N ugm-3 (Ref.eq),9,N ugm-3 (Ref.eq),8,N ugm-3 (Ref.eq),8,N ugm-3 (Ref.eq),9,N ugm-3 (Ref.eq),8,N ugm-3 (Ref.eq),9,N ugm-3 (Ref.eq),9,N ugm-3 (Ref.eq),8,N ugm-3 (Ref.eq),7,N ugm-3 (Ref.eq)
21-05-2025,11,N ugm-3 (Ref.eq),11,N ugm-3 (Ref.eq),12,N ugm-3 (Ref.eq),10,N ugm-3 (Ref.eq),12,N ugm-3 (Ref.eq),10,N ugm-3 (Ref.eq),11,N ugm-3 (Ref.eq),10,N ugm-3 (Ref.eq),10,N ugm-3 (Ref.eq),13,N ugm-3 (Ref.eq),7,N ugm-3 (Ref.eq),14,N ugm-3 (Ref.eq),13,N ugm-3 (Ref.eq),10,N ugm-3 (Ref.eq),10,N ugm-3 (Ref.eq)
22-05-2025,9,N ugm-3 (Ref.eq),9,N ugm-3 (Ref.eq),10,N ugm-3 (Ref.eq),6,N ugm-3 (Ref.eq),8,N ugm-3 (Ref.eq),8,N ugm-3 (Ref.eq),8,N ugm-3 (Ref.eq),8,N ugm-3 (Ref.eq),8,N ugm-3 (Ref.eq),10,N ugm-3 (Ref.eq),9,N ugm-3 (Ref.eq),9,N ugm-3 (Ref.eq),8,N ugm-3 (Ref.eq),9,N ugm-3 (Ref.eq),10,N ugm-3 (Ref.eq)
23-05-2025,7,N ugm-3 (Ref.eq),5,N ugm-3 (Ref.eq),6,N ugm-3 (Ref.eq),6,N ugm-3 (Ref.eq),6,N ugm-3 (Ref.eq),5,N ugm-3 (Ref.eq),6,N ugm-3 (Ref.eq),5,N ugm-3 (Ref.eq),5,N ugm-3 (Ref.eq),7,N ugm-3 (Ref.eq),5,N ugm-3 (Ref.eq),7,N ugm-3 (Ref.eq),7,N ugm-3 (Ref.eq),6,N ugm-3 (Ref.eq),6,N ugm-3 (Ref.eq)
24-05-2025,6,N ugm-3 (Ref.eq),5,N ugm-3 (Ref.eq),5,N ugm-3 (Ref.eq),5,N ugm-3 (Ref.eq),5,N ugm-3 (Ref.eq),5,N ugm-3 (Ref.eq),5,N ugm-3 (Ref.eq),5,N ugm-3 (Ref.eq),5,N ugm-3 (Ref.eq),5,N ugm-3 (Ref.eq),4,N ugm-3 (Ref.eq),6,N ugm-3 (Ref.eq),5,N ugm-3 (Ref.eq),4,N ugm-3 (Ref.eq),6,N ugm-3 (Ref.eq)
25-05-2025,4,N ugm-3 (Ref.eq),3,N ugm-3 (Ref.eq),3,N ugm-3 (Ref.eq),3,N ugm-3 (Ref.eq),3,N ugm-3 (Ref.eq),3,N ugm-3 (Ref.eq),4,N ugm-3 (Ref.eq),4,N ugm-3 (Ref.eq),4,N ugm-3 (Ref.eq),4,N ugm-3 (Ref.eq),4,N ugm-3 (Ref.eq),4,N ugm-3 (Ref.eq),4,N ugm-3 (Ref.eq),4,N ugm-3 (Ref.eq),4,N ugm-3 (Ref.eq)
26-05-2025,4,N ugm-3 (Ref.eq),4,N ugm-3 (Ref.eq),4,N ugm-3 (Ref.eq),3,N ugm-3 (Ref.eq),3,N ugm-3 (Ref.eq),4,N ugm-3 (Ref.eq),4,N ugm-3 (Ref.eq),4,N ugm-3 (Ref.eq),4,N ugm-3 (Ref.eq),4,N ugm-3 (Ref.eq),3,N ugm-3 (Ref.eq),4,N ugm-3 (Ref.eq),4,N ugm-3 (Ref.eq),3,N ugm-3 (Ref.eq),4,N ugm-3 (Ref.eq)
27-05-2025,4,N ugm-3 (Ref.eq),3,N ugm-3 (Ref.eq),3,N ugm-3 (Ref.eq),3,N ugm-3 (Ref.eq),3,N ugm-3 (Ref.eq),3,N ugm-3 (Ref.eq),3,N ugm-3 (Ref.eq),3,N ugm-3 (Ref.eq),3,N ugm-3 (Ref.eq),12,N ugm-3 (Ref.eq),3,N ugm-3 (Ref.eq),5,N ugm-3 (Ref.eq),3,N ugm-3 (Ref.eq),3,N ugm-3 (Ref.eq),4,N ugm-3 (Ref.eq)
28-05-2025,4,N ugm-3 (Ref.eq),3,N ugm-3 (Ref.eq),3,N ugm-3 (Ref.eq),3,N ugm-3 (Ref.eq),3,N ugm-3 (Ref.eq),3,N ugm-3 (Ref.eq),4,N ugm-3 (Ref.eq),3,N ugm-3 (Ref.eq),3,N ugm-3 (Ref.eq),4,N ugm-3 (Ref.eq),3,N ugm-3 (Ref.eq),6,N ugm-3 (Ref.eq),4,N ugm-3 (Ref.eq),3,N ugm-3 (Ref.eq),3,N ugm-3 (Ref.eq)
29-05-2025,3,N ugm-3 (Ref.eq),3,N ugm-3 (Ref.eq),3,N ugm-3 (Ref.eq),4,N ugm-3 (Ref.eq),3,N ugm-3 (Ref.eq),3,N ugm-3 (Ref.eq),3,N ugm-3 (Ref.eq),3,N ugm-3 (Ref.eq),3,N ugm-3 (Ref.eq),3,N ugm-3 (Ref.eq),3,N ugm-3 (Ref.eq),4,N ugm-3 (Ref.eq),3,N ugm-3 (Ref.eq),3,N ugm-3 (Ref.eq),3,N ugm-3 (Ref.eq)
30-05-2025,3,N ugm-3 (Ref.eq),2,N ugm-3 (Ref.eq),2,N ugm-3 (Ref.eq),2,N ugm-3 (Ref.eq),2,N ugm-3 (Ref.eq),3,N ugm-3 (Ref.eq),3,N ugm-3 (Ref.eq),3,N ugm-3 (Ref.eq),3,N ugm-3 (Ref.eq),3,N ugm-3 (Ref.eq),2,N ugm-3 (Ref.eq),2,N ugm-3 (Ref.eq),2,N ugm-3 (Ref.eq),2,N ugm-3 (Ref.eq),3,N ugm-3 (Ref.eq)
31-05-2025,4,N ugm-3 (Ref.eq),4,N ugm-3 (Ref.eq),4,N ugm-3 (Ref.eq),3,N ugm-3 (Ref.eq),3,N ugm-3 (Ref.eq),3,N ugm-3 (Ref.eq),4,N ugm-3 (Ref.eq),3,N ugm-3 (Ref.eq),3,N ugm-3 (Ref.eq),3,N ugm-3 (Ref.eq),4,N ugm-3 (Ref.eq),3,N ugm-3 (Ref.eq),3,N ugm-3 (Ref.eq),3,N ugm-3 (Ref.eq),4,N ugm-3 (Ref.eq)
01-06-2025,5,N ugm-3 (Ref.eq),5,N ugm-3 (Ref.eq),5,N ugm-3 (Ref.eq),5,N ugm-3 (Ref.eq),4,N ugm-3 (Ref.eq),5,N ugm-3 (Ref.eq),5,N ugm-3 (Ref.eq),5,N ugm-3 (Ref.eq),5,N ugm-3 (Ref.eq),5,N ugm-3 (Ref.eq),5,N ugm-3 (Ref.eq),5,N ugm-3 (Ref.eq),5,N ugm-3 (Ref.eq),4,N ugm-3 (Ref.eq),5,N ugm-3 (Ref.eq)
02-06-2025,5,N ugm-3 (Ref.eq),4,N ugm-3 (Ref.eq),5,N ugm-3 (Ref.eq),5,N ugm-3 (Ref.eq),4,N ugm-3 (Ref.eq),4,N ugm-3 (Ref.eq),5,N ugm-3 (Ref.eq),4,N ugm-3 (Ref.eq),4,N ugm-3 (Ref.eq),5,N ugm-3 (Ref.eq),5,N ugm-3 (Ref.eq),5,N ugm-3 (Ref.eq),5,N ugm-3 (Ref.eq),4,N ugm-3 (Ref.eq),5,N ugm-3 (Ref.eq)
03-06-2025,4,N ugm-3 (Ref.eq),4,N ugm-3 (Ref.eq),4,N ugm-3 (Ref.eq),4,N ugm-3 (Ref.eq),3,N ugm-3 (Ref.eq),4,N ugm-3 (Ref.eq),4,N ugm-3 (Ref.eq),5,N ugm-3 (Ref.eq),4,N ugm-3 (Ref.eq),4,N ugm-3 (Ref.eq),4,N ugm-3 (Ref.eq),4,N ugm-3 (Ref.eq),4,N ugm-3 (Ref.eq),4,N ugm-3 (Ref.eq),5,N ugm-3 (Ref.eq)
04-06-2025,6,N ugm-3 (Ref.eq),5,N ugm-3 (Ref.eq),5,N ugm-3 (Ref.eq),5,N ugm-3 (Ref.eq),5,N ugm-3 (Ref.eq),5,N ugm-3 (Ref.eq),5,N ugm-3 (Ref.eq),5,N ugm-3 (Ref.eq),5,N ugm-3 (Ref.eq),6,N ugm-3 (Ref.eq),5,N ugm-3 (Ref.eq),6,N ugm-3 (Ref.eq),5,N ugm-3 (Ref.eq),5,N ugm-3 (Ref.eq),6,N ugm-3 (Ref.eq)
05-06-2025,3,N ugm-3 (Ref.eq),2,N ugm-3 (Ref.eq),2,N ugm-3 (Ref.eq),2,N ugm-3 (Ref.eq),2,N ugm-3 (Ref.eq),2,N ugm-3 (Ref.eq),3,N ugm-3 (Ref.eq),2,N ugm-3 (Ref.eq),2,N ugm-3 (Ref.eq),3,N ugm-3 (Ref.eq),2,N ugm-3 (Ref.eq),3,N ugm-3 (Ref.eq),2,N ugm-3 (Ref.eq),2,N ugm-3 (Ref.eq),2,N ugm-3 (Ref.eq)
06-06-2025,3,N ugm-3 (Ref.eq),3,N ugm-3 (Ref.eq),3,N ugm-3 (Ref.eq),2,N ugm-3 (Ref.eq),3,N ugm-3 (Ref.eq),3,N ugm-3 (Ref.eq),3,N ugm-3 (Ref.eq),3,N ugm-3 (Ref.eq),3,N ugm-3 (Ref.eq),3,N ugm-3 (Ref.eq),3,N ugm-3 (Ref.eq),3,N ugm-3 (Ref.eq),3,N ugm-3 (Ref.eq),3,N ugm-3 (Ref.eq),3,N ugm-3 (Ref.eq)
07-06-2025,3,N ugm-3 (Ref.eq),2,N ugm-3 (Ref.eq),3,N ugm-3 (Ref.eq),3,N ugm-3 (Ref.eq),2,N ugm-3 (Ref.eq),2,N ugm-3 (Ref.eq),3,N ugm-3 (Ref.eq),3,N ugm-3 (Ref.eq),2,N ugm-3 (Ref.eq),3,N ugm-3 (Ref.eq),2,N ugm-3 (Ref.eq),3,N ugm-3 (Ref.eq),3,N ugm-3 (Ref.eq),2,N ugm-3 (Ref.eq),2,N ugm-3 (Ref.eq)
08-06-2025,7,N ugm-3 (Ref.eq),7,N ugm-3 (Ref.eq),7,N ugm-3 (Ref.eq),6,N ugm-3 (Ref.eq),7,N ugm-3 (Ref.eq),6,N ugm-3 (Ref.eq),6,N ugm-3 (Ref.eq),6,N ugm-3 (Ref.eq),6,N ugm-3 (Ref.eq),7,N ugm-3 (Ref.eq),7,N ugm-3 (Ref.eq),7,N ugm-3 (Ref.eq),7,N ugm-3 (Ref.eq),7,N ugm-3 (Ref.eq),7,N ugm-3 (Ref.eq)
